Patient_ID,Age,Gender,Risk_Category,Primary_Condition,Region,Age_Group
1,58,Female,Low,Diabetes,South,50-64
2,32,Male,Low,Hypertension,West,18-34
3,66,Female,Medium,Hypertension,East,65-90
4,70,Male,Low,Cardiovascular Disease,North,65-90
5,18,Male,Medium,No Major Chronic Condition,South,18-34
6,27,Male,High,Respiratory Disease,Central,18-34
7,54,Female,Low,Chronic Kidney Disease,North,50-64
8,46,Male,Medium,Diabetes,West,35-49
9,52,Male,Low,Hypertension,South,50-64
10,36,Female,Low,No Major Chronic Condition,South,35-49
11,69,Male,Low,Cardiovascular Disease,South,65-90
12,67,Male,Medium,Hypertension,Central,65-90
13,53,Male,Medium,No Major Chronic Condition,East,50-64
14,73,Male,Medium,Cardiovascular Disease,South,65-90
15,61,Female,High,Cardiovascular Disease,East,50-64
16,36,Female,Low,Hypertension,North,35-49
17,59,Female,Medium,Respiratory Disease,Central,50-64
18,34,Female,Medium,Hypertension,South,18-34
19,69,Female,Low,Respiratory Disease,Central,65-90
20,51,Male,Low,No Major Chronic Condition,West,50-64
21,48,Female,Low,Respiratory Disease,North,35-49
22,39,Male,Low,Diabetes,Central,35-49
23,75,Female,Low,Diabetes,Central,65-90
24,49,Female,Low,No Major Chronic Condition,West,35-49
25,44,Male,High,No Major Chronic Condition,East,35-49
26,45,Male,High,Diabetes,West,35-49
27,62,Female,Medium,Hypertension,North,50-64
28,59,Male,Medium,Respiratory Disease,Central,50-64
29,60,Female,High,No Major Chronic Condition,South,50-64
30,60,Female,Medium,No Major Chronic Condition,West,50-64
31,90,Female,Medium,Chronic Kidney Disease,West,65-90
32,44,Male,Medium,Diabetes,Central,35-49
33,42,Female,High,No Major Chronic Condition,West,35-49
34,37,Male,Medium,No Major Chronic Condition,West,35-49
35,64,Male,Low,Hypertension,West,50-64
36,73,Female,Medium,Cardiovascular Disease,East,65-90
37,50,Male,Low,Diabetes,North,50-64
38,36,Female,Low,Hypertension,Central,35-49
39,36,Female,Medium,No Major Chronic Condition,South,35-49
40,64,Female,Medium,Diabetes,West,50-64
41,66,Female,Low,No Major Chronic Condition,South,65-90
42,62,Female,Low,Diabetes,East,50-64
43,39,Female,Medium,Hypertension,East,35-49
44,56,Male,Low,Respiratory Disease,Central,50-64
45,54,Female,High,Diabetes,South,50-64
46,56,Female,Medium,Chronic Kidney Disease,East,50-64
47,69,Male,Medium,Hypertension,North,65-90
48,56,Female,Low,No Major Chronic Condition,East,50-64
49,65,Male,High,No Major Chronic Condition,East,65-90
50,53,Male,High,Cardiovascular Disease,North,50-64
51,57,Female,Low,Diabetes,West,50-64
52,64,Female,Medium,No Major Chronic Condition,West,50-64
53,24,Female,Medium,Hypertension,West,18-34
54,46,Female,Low,Diabetes,West,35-49
55,43,Female,Medium,No Major Chronic Condition,North,35-49
56,40,Male,High,Hypertension,East,35-49
57,47,Male,Medium,Respiratory Disease,West,35-49
58,80,Female,High,Hypertension,West,65-90
59,36,Male,Low,Chronic Kidney Disease,West,35-49
60,70,Female,High,Respiratory Disease,East,65-90
61,20,Male,High,Cardiovascular Disease,West,18-34
62,46,Male,Low,Respiratory Disease,Central,35-49
63,55,Female,Medium,Hypertension,East,50-64
64,63,Female,Medium,Diabetes,North,50-64
65,66,Female,High,No Major Chronic Condition,West,65-90
66,67,Male,Low,No Major Chronic Condition,West,65-90
67,45,Female,Low,No Major Chronic Condition,West,35-49
68,43,Male,Medium,Chronic Kidney Disease,South,35-49
69,68,Female,Medium,Cardiovascular Disease,North,65-90
70,48,Female,Medium,Respiratory Disease,West,35-49
71,28,Male,Medium,Chronic Kidney Disease,North,18-34
72,30,Female,High,Diabetes,South,18-34
73,35,Female,Low,Cardiovascular Disease,East,35-49
74,61,Male,High,Hypertension,North,50-64
75,55,Female,Medium,Hypertension,East,50-64
76,65,Male,High,No Major Chronic Condition,North,65-90
77,44,Male,Low,Hypertension,South,35-49
78,55,Female,Medium,Chronic Kidney Disease,Central,50-64
79,64,Male,High,No Major Chronic Condition,East,50-64
80,46,Female,Medium,No Major Chronic Condition,Central,35-49
81,61,Male,Low,No Major Chronic Condition,East,50-64
82,39,Male,Medium,No Major Chronic Condition,West,35-49
83,45,Male,Low,Hypertension,North,35-49
84,45,Male,Low,Chronic Kidney Disease,South,35-49
85,29,Female,Medium,Chronic Kidney Disease,South,18-34
86,61,Male,High,No Major Chronic Condition,North,50-64
87,43,Female,Medium,Respiratory Disease,Central,35-49
88,52,Male,Low,Cardiovascular Disease,East,50-64
89,61,Female,Low,No Major Chronic Condition,East,50-64
90,60,Female,Medium,No Major Chronic Condition,East,50-64
91,65,Female,Low,Diabetes,South,65-90
92,50,Female,High,Respiratory Disease,Central,50-64
93,44,Female,Low,Respiratory Disease,West,35-49
94,50,Female,Low,Respiratory Disease,North,50-64
95,20,Male,Medium,No Major Chronic Condition,East,18-34
96,25,Male,Low,Respiratory Disease,North,18-34
97,27,Female,Medium,No Major Chronic Condition,West,18-34
98,33,Male,Medium,Hypertension,East,18-34
99,60,Female,Low,Diabetes,Central,50-64
100,35,Male,Medium,Hypertension,Central,35-49
101,45,Female,Medium,Cardiovascular Disease,North,35-49
102,77,Male,Medium,No Major Chronic Condition,North,65-90
103,45,Female,Low,Respiratory Disease,Central,35-49
104,66,Female,Medium,Cardiovascular Disease,East,65-90
105,34,Male,Medium,Cardiovascular Disease,East,18-34
106,48,Male,Low,No Major Chronic Condition,East,35-49
107,34,Male,Low,Diabetes,East,18-34
108,46,Female,Low,Hypertension,East,35-49
109,68,Female,Low,Respiratory Disease,Central,65-90
110,19,Male,Low,Chronic Kidney Disease,East,18-34
111,60,Female,High,Hypertension,South,50-64
112,57,Female,Medium,Diabetes,South,50-64
113,41,Female,Medium,Cardiovascular Disease,Central,35-49
114,25,Female,Low,Diabetes,East,18-34
115,53,Female,Low,Diabetes,East,50-64
116,42,Female,Medium,Hypertension,North,35-49
117,56,Male,Medium,Diabetes,Central,50-64
118,52,Male,High,Cardiovascular Disease,East,50-64
119,82,Male,Low,No Major Chronic Condition,Central,65-90
120,47,Male,Low,Diabetes,North,35-49
121,33,Female,Medium,Cardiovascular Disease,South,18-34
122,55,Male,Low,Cardiovascular Disease,South,50-64
123,56,Male,Low,Diabetes,South,50-64
124,78,Male,Low,Chronic Kidney Disease,Central,65-90
125,68,Female,Low,Diabetes,South,65-90
126,59,Male,High,No Major Chronic Condition,West,50-64
127,80,Male,High,Respiratory Disease,West,65-90
128,29,Male,Medium,Hypertension,South,18-34
129,40,Male,Medium,No Major Chronic Condition,East,35-49
130,34,Male,Medium,Cardiovascular Disease,Central,18-34
131,45,Male,Medium,Hypertension,East,35-49
132,26,Male,Medium,Hypertension,South,18-34
133,64,Male,Medium,Respiratory Disease,Central,50-64
134,48,Male,High,Chronic Kidney Disease,East,35-49
135,24,Female,Low,Chronic Kidney Disease,Central,18-34
136,33,Male,Medium,No Major Chronic Condition,West,18-34
137,58,Female,High,No Major Chronic Condition,South,50-64
138,68,Female,High,Diabetes,South,65-90
139,90,Female,High,No Major Chronic Condition,Central,65-90
140,90,Female,Medium,Diabetes,Central,65-90
141,60,Female,Medium,No Major Chronic Condition,South,50-64
142,33,Female,Low,Hypertension,North,18-34
143,18,Female,Medium,Hypertension,North,18-34
144,57,Male,Low,Cardiovascular Disease,South,50-64
145,37,Male,Medium,Diabetes,South,35-49
146,44,Male,High,No Major Chronic Condition,South,35-49
147,40,Female,High,Diabetes,North,35-49
148,49,Female,Medium,Cardiovascular Disease,East,35-49
149,72,Male,Low,No Major Chronic Condition,Central,65-90
150,55,Female,Medium,Respiratory Disease,South,50-64
151,49,Male,Low,Respiratory Disease,West,35-49
152,32,Male,Low,No Major Chronic Condition,North,18-34
153,20,Female,High,Diabetes,West,18-34
154,43,Female,Medium,Hypertension,Central,35-49
155,51,Female,Low,Diabetes,South,50-64
156,86,Male,Medium,Diabetes,West,65-90
157,54,Female,Low,Hypertension,North,50-64
158,71,Male,Medium,Respiratory Disease,South,65-90
159,43,Male,Low,Hypertension,North,35-49
160,29,Female,Low,Chronic Kidney Disease,South,18-34
161,34,Female,Medium,Chronic Kidney Disease,South,18-34
162,38,Female,Medium,Cardiovascular Disease,West,35-49
163,90,Female,Medium,Cardiovascular Disease,South,65-90
164,36,Male,High,Diabetes,West,35-49
165,68,Male,High,No Major Chronic Condition,South,65-90
166,35,Male,High,Cardiovascular Disease,South,35-49
167,70,Female,High,No Major Chronic Condition,East,65-90
168,59,Female,High,Cardiovascular Disease,West,50-64
169,49,Male,High,Chronic Kidney Disease,Central,35-49
170,51,Male,Low,Hypertension,West,50-64
171,40,Male,Low,Hypertension,East,35-49
172,60,Male,Medium,Cardiovascular Disease,Central,50-64
173,43,Male,High,Respiratory Disease,South,35-49
174,29,Female,High,Cardiovascular Disease,Central,18-34
175,28,Female,Medium,No Major Chronic Condition,South,18-34
176,55,Male,High,Diabetes,South,50-64
177,82,Female,Medium,No Major Chronic Condition,South,65-90
178,55,Male,Medium,No Major Chronic Condition,East,50-64
179,50,Female,Low,Hypertension,East,50-64
180,57,Female,Medium,Diabetes,North,50-64
181,77,Female,Low,Respiratory Disease,South,65-90
182,56,Male,Low,Diabetes,East,50-64
183,44,Male,Medium,Hypertension,West,35-49
184,73,Female,Low,Cardiovascular Disease,Central,65-90
185,60,Female,High,Respiratory Disease,Central,50-64
186,81,Female,Medium,Diabetes,East,65-90
187,55,Female,Medium,No Major Chronic Condition,East,50-64
188,29,Male,Low,Diabetes,West,18-34
189,26,Female,High,Diabetes,West,18-34
190,83,Female,Medium,Diabetes,West,65-90
191,85,Female,Medium,No Major Chronic Condition,West,65-90
192,49,Male,Medium,No Major Chronic Condition,South,35-49
193,45,Male,Medium,Diabetes,Central,35-49
194,80,Male,Medium,Chronic Kidney Disease,West,65-90
195,31,Male,Medium,Diabetes,North,18-34
196,35,Male,High,Diabetes,East,35-49
197,64,Female,Low,Diabetes,South,50-64
198,45,Male,High,No Major Chronic Condition,South,35-49
199,52,Male,Medium,Cardiovascular Disease,West,50-64
200,49,Female,Low,Respiratory Disease,West,35-49
201,58,Male,Low,Diabetes,Central,50-64
202,79,Male,Medium,No Major Chronic Condition,Central,65-90
203,54,Male,Low,No Major Chronic Condition,South,50-64
204,64,Female,High,Hypertension,North,50-64
205,18,Female,Medium,Respiratory Disease,North,18-34
206,51,Male,High,Chronic Kidney Disease,Central,50-64
207,36,Female,Low,No Major Chronic Condition,South,35-49
208,29,Female,Medium,Cardiovascular Disease,South,18-34
209,35,Female,Low,Hypertension,East,35-49
210,46,Female,Medium,Hypertension,North,35-49
211,69,Male,Medium,Respiratory Disease,West,65-90
212,27,Male,Medium,Cardiovascular Disease,Central,18-34
213,53,Male,Medium,Diabetes,West,50-64
214,43,Female,Low,No Major Chronic Condition,South,35-49
215,46,Female,Low,No Major Chronic Condition,North,35-49
216,71,Female,Medium,Cardiovascular Disease,South,65-90
217,62,Female,Low,Cardiovascular Disease,South,50-64
218,77,Male,Medium,Cardiovascular Disease,South,65-90
219,49,Female,Medium,Cardiovascular Disease,North,35-49
220,39,Female,High,Diabetes,East,35-49
221,48,Male,High,Cardiovascular Disease,South,35-49
222,57,Male,Medium,Cardiovascular Disease,East,50-64
223,55,Female,High,No Major Chronic Condition,South,50-64
224,31,Male,Medium,Diabetes,East,18-34
225,54,Female,Low,Hypertension,West,50-64
226,56,Male,High,Cardiovascular Disease,North,50-64
227,90,Male,Medium,No Major Chronic Condition,East,65-90
228,88,Female,Medium,Cardiovascular Disease,East,65-90
229,36,Female,Medium,Hypertension,West,35-49
230,47,Female,High,Cardiovascular Disease,Central,35-49
231,24,Male,Medium,Hypertension,West,18-34
232,41,Female,High,Respiratory Disease,West,35-49
233,58,Male,Low,Chronic Kidney Disease,Central,50-64
234,75,Female,High,Cardiovascular Disease,Central,65-90
235,38,Female,Medium,Respiratory Disease,West,35-49
236,40,Female,Medium,Diabetes,East,35-49
237,18,Female,High,Respiratory Disease,West,18-34
238,49,Female,Low,No Major Chronic Condition,South,35-49
239,32,Male,Low,Cardiovascular Disease,Central,18-34
240,42,Male,High,No Major Chronic Condition,North,35-49
241,35,Female,High,Respiratory Disease,South,35-49
242,50,Male,Medium,Chronic Kidney Disease,North,50-64
243,19,Female,Medium,Hypertension,West,18-34
244,24,Male,Low,No Major Chronic Condition,South,18-34
245,90,Female,Medium,Hypertension,West,65-90
246,28,Male,Medium,Diabetes,East,18-34
247,31,Female,High,Diabetes,South,18-34
248,87,Female,Medium,Respiratory Disease,Central,65-90
249,90,Male,Medium,Respiratory Disease,South,65-90
250,30,Female,Medium,Respiratory Disease,East,18-34
251,45,Female,High,Diabetes,Central,35-49
252,58,Female,Medium,Respiratory Disease,South,50-64
253,85,Male,Low,Diabetes,South,65-90
254,33,Female,Medium,No Major Chronic Condition,North,18-34
255,47,Male,Medium,Hypertension,East,35-49
256,67,Male,Low,Cardiovascular Disease,West,65-90
257,60,Male,Medium,Hypertension,North,50-64
258,45,Female,Low,Hypertension,North,35-49
259,49,Male,Medium,Chronic Kidney Disease,West,35-49
260,26,Female,Medium,No Major Chronic Condition,West,18-34
261,47,Male,Medium,Cardiovascular Disease,South,35-49
262,47,Female,Medium,Cardiovascular Disease,South,35-49
263,56,Male,Medium,Hypertension,South,50-64
264,41,Male,Low,Respiratory Disease,North,35-49
265,61,Female,Low,Cardiovascular Disease,East,50-64
266,71,Female,Medium,No Major Chronic Condition,East,65-90
267,55,Female,High,Respiratory Disease,Central,50-64
268,59,Male,Low,Cardiovascular Disease,East,50-64
269,53,Female,Low,No Major Chronic Condition,North,50-64
270,52,Male,High,Diabetes,South,50-64
271,38,Female,Low,Chronic Kidney Disease,West,35-49
272,58,Male,High,Cardiovascular Disease,East,50-64
273,50,Female,High,Diabetes,West,50-64
274,90,Female,Low,Diabetes,South,65-90
275,82,Female,Low,Respiratory Disease,North,65-90
276,59,Male,High,Diabetes,Central,50-64
277,38,Female,Low,No Major Chronic Condition,South,35-49
278,31,Female,Medium,Hypertension,North,18-34
279,75,Female,Low,Hypertension,East,65-90
280,57,Male,Medium,Chronic Kidney Disease,West,50-64
281,61,Male,High,Hypertension,East,50-64
282,19,Female,Medium,Diabetes,East,18-34
283,70,Female,Low,Cardiovascular Disease,South,65-90
284,61,Female,Medium,Cardiovascular Disease,West,50-64
285,31,Female,Medium,Cardiovascular Disease,West,18-34
286,43,Male,Low,Cardiovascular Disease,West,35-49
287,57,Female,Medium,Chronic Kidney Disease,North,50-64
288,53,Male,Medium,No Major Chronic Condition,East,50-64
289,46,Male,Low,Hypertension,West,35-49
290,50,Male,High,No Major Chronic Condition,South,50-64
291,47,Female,Medium,Diabetes,South,35-49
292,55,Male,Low,Cardiovascular Disease,Central,50-64
293,80,Female,Low,Hypertension,West,65-90
294,18,Female,Medium,Cardiovascular Disease,Central,18-34
295,47,Male,Low,Diabetes,East,35-49
296,55,Female,Low,Diabetes,North,50-64
297,58,Female,Medium,Hypertension,North,50-64
298,45,Female,Medium,Hypertension,West,35-49
299,19,Female,Low,Hypertension,West,18-34
300,58,Male,Medium,Cardiovascular Disease,South,50-64
301,85,Male,Medium,Hypertension,South,65-90
302,23,Male,Medium,Respiratory Disease,West,18-34
303,68,Female,High,Hypertension,North,65-90
304,46,Female,Low,Diabetes,North,35-49
305,51,Female,Low,Hypertension,Central,50-64
306,32,Female,Low,Respiratory Disease,East,18-34
307,46,Male,Low,Respiratory Disease,West,35-49
308,77,Male,Medium,No Major Chronic Condition,Central,65-90
309,63,Unknown,Low,Hypertension,West,50-64
310,85,Male,Medium,Respiratory Disease,East,65-90
311,74,Female,High,Cardiovascular Disease,West,65-90
312,60,Male,Medium,No Major Chronic Condition,West,50-64
313,85,Male,Medium,Chronic Kidney Disease,Central,65-90
314,60,Male,Medium,Diabetes,North,50-64
315,68,Female,Medium,No Major Chronic Condition,West,65-90
316,46,Male,Medium,Hypertension,Central,35-49
317,53,Female,Medium,No Major Chronic Condition,South,50-64
318,39,Male,Low,Hypertension,West,35-49
319,71,Male,Low,Cardiovascular Disease,South,65-90
320,30,Male,Medium,Respiratory Disease,North,18-34
321,67,Female,Medium,Diabetes,North,65-90
322,48,Female,Low,Chronic Kidney Disease,East,35-49
323,74,Male,Low,Diabetes,North,65-90
324,66,Male,Medium,Diabetes,East,65-90
325,87,Male,Low,Hypertension,South,65-90
326,66,Female,Medium,No Major Chronic Condition,North,65-90
327,22,Male,Low,No Major Chronic Condition,South,18-34
328,51,Male,Low,Cardiovascular Disease,West,50-64
329,30,Female,Medium,Cardiovascular Disease,South,18-34
330,42,Female,Low,Hypertension,West,35-49
331,81,Male,Low,Cardiovascular Disease,West,65-90
332,64,Female,High,No Major Chronic Condition,West,50-64
333,39,Male,Medium,No Major Chronic Condition,West,35-49
334,33,Male,Medium,Chronic Kidney Disease,West,18-34
335,53,Female,Medium,Hypertension,East,50-64
336,29,Female,Low,No Major Chronic Condition,East,18-34
337,39,Male,Medium,No Major Chronic Condition,North,35-49
338,58,Male,Medium,No Major Chronic Condition,Central,50-64
339,74,Male,Low,Respiratory Disease,West,65-90
340,64,Male,Low,Diabetes,West,50-64
341,18,Male,Medium,No Major Chronic Condition,West,18-34
342,58,Male,Low,Respiratory Disease,East,50-64
343,53,Male,Low,Diabetes,North,50-64
344,60,Male,Medium,Diabetes,South,50-64
345,83,Female,Medium,Respiratory Disease,South,65-90
346,18,Female,Medium,No Major Chronic Condition,West,18-34
347,41,Male,Low,No Major Chronic Condition,East,35-49
348,63,Female,Medium,No Major Chronic Condition,South,50-64
349,22,Male,High,Respiratory Disease,South,18-34
350,80,Male,Medium,No Major Chronic Condition,Central,65-90
351,59,Female,High,Diabetes,West,50-64
352,68,Female,Medium,Diabetes,West,65-90
353,41,Male,Low,Diabetes,South,35-49
354,67,Female,Medium,No Major Chronic Condition,East,65-90
355,72,Male,Medium,No Major Chronic Condition,East,65-90
356,56,Male,High,No Major Chronic Condition,North,50-64
357,56,Female,Low,No Major Chronic Condition,South,50-64
358,57,Male,Low,Respiratory Disease,East,50-64
359,36,Female,High,No Major Chronic Condition,West,35-49
360,49,Female,Low,Hypertension,South,35-49
361,49,Female,Medium,No Major Chronic Condition,North,35-49
362,59,Female,Low,No Major Chronic Condition,South,50-64
363,71,Male,High,Cardiovascular Disease,East,65-90
364,32,Female,Low,Diabetes,West,18-34
365,50,Female,Medium,Hypertension,Central,50-64
366,80,Female,Medium,No Major Chronic Condition,South,65-90
367,38,Female,High,Respiratory Disease,East,35-49
368,36,Female,High,Cardiovascular Disease,South,35-49
369,56,Male,Medium,No Major Chronic Condition,West,50-64
370,68,Female,Low,Hypertension,Central,65-90
371,52,Male,Medium,Hypertension,East,50-64
372,77,Female,High,No Major Chronic Condition,West,65-90
373,68,Female,Medium,Hypertension,North,65-90
374,68,Female,High,Cardiovascular Disease,Central,65-90
375,63,Male,Medium,Chronic Kidney Disease,West,50-64
376,90,Male,Low,Cardiovascular Disease,North,65-90
377,48,Female,Low,Hypertension,West,35-49
378,18,Male,Low,Diabetes,East,18-34
379,82,Female,Medium,No Major Chronic Condition,Central,65-90
380,43,Male,Medium,Cardiovascular Disease,South,35-49
381,54,Male,Low,No Major Chronic Condition,East,50-64
382,77,Female,Medium,Respiratory Disease,East,65-90
383,22,Female,Low,Hypertension,South,18-34
384,28,Female,Medium,Hypertension,West,18-34
385,22,Male,Medium,Cardiovascular Disease,West,18-34
386,37,Female,Medium,Chronic Kidney Disease,East,35-49
387,60,Male,Low,Respiratory Disease,Central,50-64
388,62,Female,Medium,Respiratory Disease,Central,50-64
389,57,Male,High,No Major Chronic Condition,West,50-64
390,25,Female,Medium,Hypertension,North,18-34
391,18,Male,High,No Major Chronic Condition,Central,18-34
392,53,Female,Low,Cardiovascular Disease,South,50-64
393,43,Female,Low,Chronic Kidney Disease,East,35-49
394,61,Female,Low,Hypertension,Central,50-64
395,65,Male,Medium,Hypertension,South,65-90
396,55,Female,Low,Chronic Kidney Disease,North,50-64
397,66,Male,High,Hypertension,Central,65-90
398,56,Male,Medium,No Major Chronic Condition,North,50-64
399,62,Female,High,Chronic Kidney Disease,North,50-64
400,39,Female,Medium,Chronic Kidney Disease,South,35-49
401,49,Female,Medium,Hypertension,West,35-49
402,56,Female,Medium,No Major Chronic Condition,East,50-64
403,68,Female,Medium,No Major Chronic Condition,South,65-90
404,45,Male,Medium,Hypertension,Central,35-49
405,62,Female,Low,Cardiovascular Disease,West,50-64
406,47,Female,High,No Major Chronic Condition,West,35-49
407,50,Male,Medium,Diabetes,South,50-64
408,68,Female,Medium,Hypertension,Central,65-90
409,18,Male,Low,No Major Chronic Condition,South,18-34
410,27,Male,Low,Cardiovascular Disease,Central,18-34
411,24,Female,Low,No Major Chronic Condition,South,18-34
412,18,Female,Medium,Hypertension,West,18-34
413,39,Male,Low,Cardiovascular Disease,Central,35-49
414,66,Male,High,Cardiovascular Disease,South,65-90
415,47,Male,High,Cardiovascular Disease,South,35-49
416,56,Male,Low,No Major Chronic Condition,North,50-64
417,73,Male,Medium,Chronic Kidney Disease,South,65-90
418,77,Male,Low,No Major Chronic Condition,East,65-90
419,51,Male,Low,Hypertension,North,50-64
420,78,Male,Low,No Major Chronic Condition,North,65-90
421,54,Male,High,Chronic Kidney Disease,South,50-64
422,36,Female,High,Diabetes,North,35-49
423,41,Male,Low,Cardiovascular Disease,West,35-49
424,24,Female,Low,Hypertension,South,18-34
425,35,Female,Medium,Hypertension,North,35-49
426,45,Female,Medium,No Major Chronic Condition,North,35-49
427,67,Female,Low,No Major Chronic Condition,South,65-90
428,85,Male,High,Diabetes,North,65-90
429,26,Female,High,Diabetes,South,18-34
430,59,Male,Medium,Hypertension,South,50-64
431,32,Female,High,No Major Chronic Condition,South,18-34
432,61,Female,Medium,Respiratory Disease,East,50-64
433,50,Female,Medium,Respiratory Disease,East,50-64
434,18,Male,High,Respiratory Disease,Central,18-34
435,70,Male,Medium,No Major Chronic Condition,West,65-90
436,41,Female,Medium,Hypertension,North,35-49
437,42,Female,Low,Diabetes,South,35-49
438,32,Female,Medium,Respiratory Disease,West,18-34
439,40,Female,Low,No Major Chronic Condition,East,35-49
440,60,Female,Low,Chronic Kidney Disease,North,50-64
441,48,Male,Medium,No Major Chronic Condition,West,35-49
442,58,Female,Medium,No Major Chronic Condition,North,50-64
443,59,Female,Low,Hypertension,South,50-64
444,77,Male,Low,Chronic Kidney Disease,West,65-90
445,45,Male,High,No Major Chronic Condition,Central,35-49
446,24,Female,Medium,Diabetes,Central,18-34
447,72,Male,Medium,Respiratory Disease,Central,65-90
448,46,Male,High,Hypertension,South,35-49
449,73,Female,High,No Major Chronic Condition,South,65-90
450,59,Female,Low,Hypertension,North,50-64
451,50,Male,Medium,Hypertension,East,50-64
452,59,Male,Low,Chronic Kidney Disease,West,50-64
453,89,Male,Medium,Respiratory Disease,North,65-90
454,90,Female,Medium,Diabetes,South,65-90
455,53,Male,Low,Hypertension,Central,50-64
456,55,Female,Medium,No Major Chronic Condition,North,50-64
457,72,Male,Low,No Major Chronic Condition,South,65-90
458,36,Male,Medium,Chronic Kidney Disease,Central,35-49
459,58,Female,Low,Diabetes,South,50-64
460,52,Female,High,No Major Chronic Condition,West,50-64
461,58,Male,Medium,Respiratory Disease,South,50-64
462,36,Male,Low,Cardiovascular Disease,South,35-49
463,22,Female,Medium,Hypertension,North,18-34
464,18,Male,Low,Diabetes,North,18-34
465,31,Female,Medium,Diabetes,South,18-34
466,43,Female,Medium,Respiratory Disease,West,35-49
467,46,Female,Low,Hypertension,East,35-49
468,89,Male,Low,Cardiovascular Disease,South,65-90
469,73,Female,Low,Cardiovascular Disease,South,65-90
470,34,Male,Medium,Respiratory Disease,West,18-34
471,59,Female,Medium,Respiratory Disease,South,50-64
472,44,Male,Low,Cardiovascular Disease,North,35-49
473,47,Male,Low,Diabetes,Central,35-49
474,56,Female,High,Diabetes,Central,50-64
475,64,Female,Low,Respiratory Disease,South,50-64
476,46,Female,Low,Cardiovascular Disease,South,35-49
477,72,Female,Medium,Cardiovascular Disease,East,65-90
478,30,Male,Low,Cardiovascular Disease,South,18-34
479,52,Male,High,Diabetes,Central,50-64
480,90,Female,Low,Diabetes,South,65-90
481,56,Male,High,Chronic Kidney Disease,North,50-64
482,79,Female,Medium,Cardiovascular Disease,East,65-90
483,54,Female,Low,Respiratory Disease,North,50-64
484,63,Female,Medium,Diabetes,South,50-64
485,51,Female,High,No Major Chronic Condition,East,50-64
486,49,Male,Medium,Hypertension,Central,35-49
487,37,Female,Low,Respiratory Disease,South,35-49
488,60,Male,High,Cardiovascular Disease,West,50-64
489,36,Female,Low,Cardiovascular Disease,North,35-49
490,65,Male,Low,No Major Chronic Condition,Central,65-90
491,73,Female,Low,Diabetes,South,65-90
492,59,Female,High,Diabetes,South,50-64
493,47,Female,Low,Diabetes,North,35-49
494,61,Female,Low,No Major Chronic Condition,West,50-64
495,46,Female,High,No Major Chronic Condition,North,35-49
496,70,Female,Medium,Chronic Kidney Disease,East,65-90
497,18,Male,Low,Cardiovascular Disease,South,18-34
498,46,Female,Medium,Diabetes,West,35-49
499,18,Male,Low,No Major Chronic Condition,Central,18-34
500,24,Male,Medium,Diabetes,South,18-34
501,78,Female,Low,Hypertension,East,65-90
502,69,Male,Medium,No Major Chronic Condition,South,65-90
503,38,Female,Medium,Hypertension,East,35-49
504,23,Male,Low,No Major Chronic Condition,North,18-34
505,18,Male,Low,No Major Chronic Condition,South,18-34
506,42,Male,Medium,No Major Chronic Condition,West,35-49
507,90,Female,Medium,Chronic Kidney Disease,South,65-90
508,60,Male,Medium,Hypertension,North,50-64
509,41,Female,Medium,Respiratory Disease,South,35-49
510,61,Female,High,No Major Chronic Condition,West,50-64
511,22,Female,High,No Major Chronic Condition,Central,18-34
512,46,Female,High,No Major Chronic Condition,Central,35-49
513,54,Male,Medium,No Major Chronic Condition,West,50-64
514,50,Male,Low,Chronic Kidney Disease,Central,50-64
515,67,Female,Medium,No Major Chronic Condition,West,65-90
516,59,Male,Low,Hypertension,East,50-64
517,65,Male,Low,No Major Chronic Condition,East,65-90
518,39,Unknown,Low,No Major Chronic Condition,Central,35-49
519,69,Male,Medium,Diabetes,North,65-90
520,83,Female,Medium,Respiratory Disease,East,65-90
521,34,Female,Medium,Cardiovascular Disease,West,18-34
522,35,Male,Low,No Major Chronic Condition,North,35-49
523,77,Female,High,Diabetes,West,65-90
524,48,Male,Medium,Cardiovascular Disease,West,35-49
525,79,Male,Low,Cardiovascular Disease,East,65-90
526,44,Male,Low,Hypertension,West,35-49
527,80,Female,Low,No Major Chronic Condition,North,65-90
528,54,Male,High,Cardiovascular Disease,Central,50-64
529,57,Male,Low,Cardiovascular Disease,North,50-64
530,82,Female,High,No Major Chronic Condition,North,65-90
531,45,Female,Low,Diabetes,East,35-49
532,34,Female,Medium,Hypertension,West,18-34
533,43,Female,Low,Hypertension,West,35-49
534,61,Male,Medium,No Major Chronic Condition,East,50-64
535,22,Male,Medium,No Major Chronic Condition,West,18-34
536,64,Female,Low,Respiratory Disease,East,50-64
537,42,Male,High,Hypertension,Central,35-49
538,74,Female,Medium,Cardiovascular Disease,North,65-90
539,18,Female,Low,Respiratory Disease,Central,18-34
540,37,Female,Medium,Respiratory Disease,Central,35-49
541,20,Male,Low,Hypertension,Central,18-34
542,36,Male,High,Diabetes,South,35-49
543,57,Male,Medium,No Major Chronic Condition,Central,50-64
544,49,Male,Low,Respiratory Disease,North,35-49
545,47,Female,Low,Diabetes,North,35-49
546,49,Male,Low,No Major Chronic Condition,South,35-49
547,56,Female,High,Cardiovascular Disease,Central,50-64
548,33,Female,Low,Chronic Kidney Disease,Central,18-34
549,65,Female,Low,Diabetes,East,65-90
550,65,Female,High,No Major Chronic Condition,West,65-90
551,59,Female,Low,Diabetes,East,50-64
552,63,Female,Low,No Major Chronic Condition,North,50-64
553,58,Female,Medium,Chronic Kidney Disease,West,50-64
554,90,Male,Low,Hypertension,North,65-90
555,50,Female,High,Diabetes,West,50-64
556,46,Female,Medium,No Major Chronic Condition,South,35-49
557,38,Male,Low,Diabetes,South,35-49
558,32,Male,Medium,Diabetes,West,18-34
559,28,Female,Low,Chronic Kidney Disease,East,18-34
560,35,Male,Medium,Diabetes,West,35-49
561,51,Female,Medium,Respiratory Disease,West,50-64
562,58,Female,Medium,Respiratory Disease,South,50-64
563,53,Male,Medium,Diabetes,West,50-64
564,37,Female,Medium,Hypertension,North,35-49
565,69,Male,Low,Diabetes,West,65-90
566,66,Female,High,No Major Chronic Condition,South,65-90
567,49,Male,Low,Hypertension,South,35-49
568,40,Male,High,Chronic Kidney Disease,East,35-49
569,62,Male,Medium,Chronic Kidney Disease,Central,50-64
570,56,Female,Low,No Major Chronic Condition,South,50-64
571,24,Female,Medium,Hypertension,Central,18-34
572,51,Male,High,Diabetes,East,50-64
573,57,Male,High,Cardiovascular Disease,South,50-64
574,35,Female,Medium,Chronic Kidney Disease,West,35-49
575,56,Female,Medium,No Major Chronic Condition,West,50-64
576,24,Male,Medium,Diabetes,East,18-34
577,77,Male,Low,No Major Chronic Condition,North,65-90
578,76,Male,Medium,Diabetes,West,65-90
579,47,Male,Low,Cardiovascular Disease,West,35-49
580,59,Female,High,Respiratory Disease,West,50-64
581,18,Female,Medium,Diabetes,West,18-34
582,30,Male,Medium,No Major Chronic Condition,South,18-34
583,46,Male,Medium,Respiratory Disease,East,35-49
584,32,Female,Low,Hypertension,West,18-34
585,66,Male,Low,Diabetes,North,65-90
586,90,Female,Low,No Major Chronic Condition,East,65-90
587,30,Female,Low,No Major Chronic Condition,North,18-34
588,36,Male,Low,Diabetes,West,35-49
589,56,Female,Medium,Hypertension,North,50-64
590,83,Female,Medium,Respiratory Disease,West,65-90
591,29,Male,Medium,Cardiovascular Disease,South,18-34
592,57,Female,High,Hypertension,Central,50-64
593,87,Female,High,Cardiovascular Disease,West,65-90
594,21,Male,Low,Cardiovascular Disease,South,18-34
595,28,Female,Medium,Diabetes,North,18-34
596,44,Male,High,Hypertension,East,35-49
597,42,Female,Low,Diabetes,South,35-49
598,67,Female,Medium,Diabetes,West,65-90
599,57,Male,High,No Major Chronic Condition,West,50-64
600,18,Female,Medium,Diabetes,West,18-34
601,62,Male,High,Diabetes,South,50-64
602,41,Male,High,No Major Chronic Condition,North,35-49
603,76,Male,Low,No Major Chronic Condition,East,65-90
604,40,Female,Medium,No Major Chronic Condition,East,35-49
605,40,Female,High,Diabetes,West,35-49
606,62,Male,Low,Respiratory Disease,East,50-64
607,66,Female,Low,Chronic Kidney Disease,East,65-90
608,61,Male,Low,No Major Chronic Condition,East,50-64
609,20,Male,Medium,Diabetes,East,18-34
610,62,Female,Medium,Hypertension,Central,50-64
611,32,Female,High,Hypertension,North,18-34
612,56,Male,Low,Respiratory Disease,North,50-64
613,25,Male,Medium,Hypertension,South,18-34
614,60,Female,Low,Cardiovascular Disease,South,50-64
615,37,Unknown,High,Respiratory Disease,East,35-49
616,28,Male,Medium,No Major Chronic Condition,West,18-34
617,66,Female,Medium,No Major Chronic Condition,West,65-90
618,57,Female,Low,Chronic Kidney Disease,Central,50-64
619,40,Male,Low,Diabetes,North,35-49
620,80,Male,Low,No Major Chronic Condition,North,65-90
621,44,Male,High,Hypertension,North,35-49
622,53,Female,Low,Diabetes,West,50-64
623,57,Male,High,Cardiovascular Disease,South,50-64
624,40,Male,Low,Chronic Kidney Disease,South,35-49
625,61,Male,Medium,Diabetes,South,50-64
626,42,Female,Low,Hypertension,Central,35-49
627,44,Female,Low,Diabetes,North,35-49
628,78,Female,Medium,Respiratory Disease,South,65-90
629,32,Female,Medium,Chronic Kidney Disease,East,18-34
630,18,Female,Medium,Cardiovascular Disease,South,18-34
631,83,Male,Medium,Cardiovascular Disease,West,65-90
632,90,Female,Low,No Major Chronic Condition,East,65-90
633,44,Male,Medium,Cardiovascular Disease,West,35-49
634,18,Female,Medium,Cardiovascular Disease,West,18-34
635,46,Male,Low,Respiratory Disease,South,35-49
636,47,Female,Medium,Chronic Kidney Disease,Central,35-49
637,48,Unknown,Low,No Major Chronic Condition,West,35-49
638,31,Male,Low,Diabetes,Central,18-34
639,63,Male,Low,No Major Chronic Condition,East,50-64
640,62,Female,Medium,Cardiovascular Disease,North,50-64
641,24,Female,Low,No Major Chronic Condition,West,18-34
642,65,Male,High,Cardiovascular Disease,Central,65-90
643,90,Female,Medium,Cardiovascular Disease,Central,65-90
644,55,Male,Low,Diabetes,North,50-64
645,46,Female,Medium,Cardiovascular Disease,East,35-49
646,49,Female,Low,Cardiovascular Disease,Central,35-49
647,64,Male,Low,No Major Chronic Condition,South,50-64
648,19,Male,High,No Major Chronic Condition,East,18-34
649,55,Male,Medium,Cardiovascular Disease,Central,50-64
650,45,Female,Low,No Major Chronic Condition,East,35-49
651,87,Male,High,No Major Chronic Condition,North,65-90
652,49,Male,High,No Major Chronic Condition,North,35-49
653,84,Female,Medium,Hypertension,East,65-90
654,31,Female,Medium,Hypertension,East,18-34
655,63,Female,Medium,No Major Chronic Condition,Central,50-64
656,58,Male,Medium,Respiratory Disease,West,50-64
657,35,Female,Medium,Cardiovascular Disease,North,35-49
658,55,Male,High,Cardiovascular Disease,West,50-64
659,75,Female,Medium,Diabetes,North,65-90
660,46,Male,Low,Hypertension,North,35-49
661,20,Male,Low,Hypertension,East,18-34
662,52,Female,Medium,Respiratory Disease,East,50-64
663,35,Female,Low,Cardiovascular Disease,South,35-49
664,45,Female,Low,Respiratory Disease,East,35-49
665,50,Female,Medium,Diabetes,Central,50-64
666,20,Female,High,Diabetes,West,18-34
667,21,Male,Low,Cardiovascular Disease,South,18-34
668,61,Female,Low,Diabetes,Central,50-64
669,42,Female,High,No Major Chronic Condition,North,35-49
670,18,Female,Medium,Cardiovascular Disease,North,18-34
671,67,Male,Medium,Hypertension,South,65-90
672,57,Male,Medium,Respiratory Disease,South,50-64
673,38,Female,Medium,Respiratory Disease,North,35-49
674,27,Female,Low,Diabetes,South,18-34
675,68,Female,Medium,No Major Chronic Condition,East,65-90
676,59,Male,Medium,Diabetes,South,50-64
677,90,Male,Low,Hypertension,North,65-90
678,60,Female,Low,Hypertension,West,50-64
679,59,Unknown,Medium,Respiratory Disease,South,50-64
680,49,Male,Medium,Chronic Kidney Disease,West,35-49
681,68,Male,Medium,No Major Chronic Condition,South,65-90
682,64,Female,Medium,Cardiovascular Disease,West,50-64
683,76,Male,Medium,Diabetes,Central,65-90
684,42,Male,Low,Chronic Kidney Disease,South,35-49
685,44,Female,High,Cardiovascular Disease,West,35-49
686,43,Female,High,Respiratory Disease,West,35-49
687,67,Female,Low,Cardiovascular Disease,East,65-90
688,80,Female,Medium,Cardiovascular Disease,South,65-90
689,43,Female,Low,Chronic Kidney Disease,South,35-49
690,44,Male,High,Cardiovascular Disease,West,35-49
691,58,Male,Medium,No Major Chronic Condition,East,50-64
692,47,Female,Medium,No Major Chronic Condition,West,35-49
693,70,Female,High,Cardiovascular Disease,North,65-90
694,18,Male,Medium,Hypertension,North,18-34
695,36,Female,Low,Diabetes,South,35-49
696,37,Female,Medium,Hypertension,East,35-49
697,18,Male,Medium,Hypertension,West,18-34
698,34,Female,Low,Diabetes,North,18-34
699,35,Female,Medium,Chronic Kidney Disease,East,35-49
700,48,Male,Medium,Hypertension,West,35-49
701,73,Male,Medium,Diabetes,Central,65-90
702,47,Female,High,Cardiovascular Disease,Central,35-49
703,32,Male,Medium,No Major Chronic Condition,East,18-34
704,51,Male,Medium,Hypertension,Central,50-64
705,72,Female,Medium,No Major Chronic Condition,East,65-90
706,33,Male,Low,No Major Chronic Condition,North,18-34
707,35,Unknown,Low,No Major Chronic Condition,Central,35-49
708,63,Female,High,Chronic Kidney Disease,North,50-64
709,48,Female,Medium,No Major Chronic Condition,South,35-49
710,64,Female,Medium,Hypertension,North,50-64
711,52,Female,Low,Chronic Kidney Disease,East,50-64
712,65,Male,Low,Hypertension,East,65-90
713,32,Female,Low,Hypertension,West,18-34
714,52,Male,Medium,No Major Chronic Condition,North,50-64
715,48,Female,Medium,Respiratory Disease,North,35-49
716,29,Male,Low,Diabetes,South,18-34
717,22,Male,Medium,Diabetes,North,18-34
718,65,Female,High,Cardiovascular Disease,North,65-90
719,45,Male,High,No Major Chronic Condition,South,35-49
720,33,Male,High,No Major Chronic Condition,Central,18-34
721,50,Female,Medium,Diabetes,West,50-64
722,73,Female,Medium,Diabetes,South,65-90
723,18,Male,Medium,Diabetes,South,18-34
724,24,Male,Low,Chronic Kidney Disease,Central,18-34
725,34,Female,High,Cardiovascular Disease,West,18-34
726,80,Male,Medium,Chronic Kidney Disease,West,65-90
727,57,Female,Medium,Respiratory Disease,Central,50-64
728,67,Female,Low,Diabetes,North,65-90
729,30,Male,Low,Hypertension,North,18-34
730,31,Male,High,Hypertension,South,18-34
731,61,Female,Low,Chronic Kidney Disease,East,50-64
732,53,Female,Low,Respiratory Disease,Central,50-64
733,62,Female,Medium,No Major Chronic Condition,South,50-64
734,48,Male,Medium,Diabetes,Central,35-49
735,57,Female,Low,No Major Chronic Condition,West,50-64
736,55,Female,Low,Hypertension,West,50-64
737,67,Female,Medium,Hypertension,West,65-90
738,67,Male,High,Diabetes,East,65-90
739,21,Female,Medium,Hypertension,West,18-34
740,18,Male,Medium,Diabetes,West,18-34
741,71,Female,Low,Hypertension,East,65-90
742,75,Female,Medium,Respiratory Disease,North,65-90
743,33,Female,Medium,No Major Chronic Condition,East,18-34
744,18,Female,High,No Major Chronic Condition,East,18-34
745,54,Female,Medium,No Major Chronic Condition,Central,50-64
746,70,Female,Low,Chronic Kidney Disease,North,65-90
747,86,Female,Low,No Major Chronic Condition,North,65-90
748,62,Female,High,Diabetes,South,50-64
749,45,Female,Low,No Major Chronic Condition,West,35-49
750,35,Female,Medium,Cardiovascular Disease,East,35-49
751,52,Female,Medium,Cardiovascular Disease,South,50-64
752,46,Female,Low,Respiratory Disease,West,35-49
753,33,Male,Medium,Diabetes,East,18-34
754,90,Male,Medium,Diabetes,East,65-90
755,86,Male,High,Cardiovascular Disease,South,65-90
756,74,Female,Low,No Major Chronic Condition,West,65-90
757,35,Male,Low,No Major Chronic Condition,North,35-49
758,68,Male,Low,Diabetes,North,65-90
759,64,Female,Low,Hypertension,West,50-64
760,60,Female,Medium,Respiratory Disease,North,50-64
761,76,Male,Medium,Hypertension,South,65-90
762,64,Male,Low,Hypertension,South,50-64
763,66,Male,High,Hypertension,East,65-90
764,64,Male,Low,Chronic Kidney Disease,West,50-64
765,58,Male,Medium,Diabetes,West,50-64
766,18,Male,High,Diabetes,South,18-34
767,54,Female,Medium,Diabetes,North,50-64
768,41,Female,Low,Cardiovascular Disease,Central,35-49
769,28,Male,High,Hypertension,North,18-34
770,84,Female,Medium,Respiratory Disease,West,65-90
771,85,Female,Low,No Major Chronic Condition,North,65-90
772,78,Female,Low,Hypertension,East,65-90
773,57,Female,High,Diabetes,West,50-64
774,78,Female,Low,Diabetes,East,65-90
775,52,Male,High,No Major Chronic Condition,East,50-64
776,56,Female,Low,Cardiovascular Disease,North,50-64
777,31,Male,Low,No Major Chronic Condition,North,18-34
778,60,Female,High,No Major Chronic Condition,East,50-64
779,53,Male,High,No Major Chronic Condition,West,50-64
780,27,Male,Low,No Major Chronic Condition,East,18-34
781,51,Male,Low,Hypertension,East,50-64
782,50,Female,Medium,Respiratory Disease,Central,50-64
783,86,Female,Medium,No Major Chronic Condition,South,65-90
784,69,Male,Medium,Respiratory Disease,South,65-90
785,52,Male,Low,No Major Chronic Condition,North,50-64
786,57,Female,High,No Major Chronic Condition,West,50-64
787,53,Male,Low,Respiratory Disease,North,50-64
788,48,Male,Low,Chronic Kidney Disease,North,35-49
789,31,Female,Low,Respiratory Disease,North,18-34
790,49,Male,Low,Hypertension,North,35-49
791,38,Female,Medium,Hypertension,South,35-49
792,28,Female,Low,Respiratory Disease,North,18-34
793,62,Male,Medium,No Major Chronic Condition,South,50-64
794,59,Female,Medium,No Major Chronic Condition,East,50-64
795,18,Male,Low,Hypertension,North,18-34
796,50,Male,High,No Major Chronic Condition,North,50-64
797,71,Male,Medium,Diabetes,South,65-90
798,72,Female,Low,Respiratory Disease,West,65-90
799,71,Female,Low,No Major Chronic Condition,East,65-90
800,53,Female,Medium,No Major Chronic Condition,North,50-64
801,36,Male,Medium,Respiratory Disease,North,35-49
802,31,Female,Medium,Respiratory Disease,North,18-34
803,59,Male,Medium,Hypertension,Central,50-64
804,59,Female,Low,Chronic Kidney Disease,Central,50-64
805,76,Female,High,Hypertension,East,65-90
806,73,Male,Low,Diabetes,Central,65-90
807,49,Male,Low,No Major Chronic Condition,North,35-49
808,28,Female,Medium,Diabetes,West,18-34
809,46,Male,Low,Chronic Kidney Disease,West,35-49
810,56,Female,Medium,Cardiovascular Disease,South,50-64
811,48,Male,Low,Diabetes,West,35-49
812,41,Female,Medium,Diabetes,East,35-49
813,57,Male,Medium,Diabetes,Central,50-64
814,42,Female,Medium,Hypertension,North,35-49
815,40,Female,Medium,Respiratory Disease,North,35-49
816,58,Male,Low,Respiratory Disease,South,50-64
817,44,Female,High,Cardiovascular Disease,North,35-49
818,57,Female,Medium,No Major Chronic Condition,North,50-64
819,57,Female,Medium,No Major Chronic Condition,North,50-64
820,30,Female,Low,Chronic Kidney Disease,South,18-34
821,43,Male,Low,Respiratory Disease,West,35-49
822,79,Female,Medium,Chronic Kidney Disease,East,65-90
823,30,Male,Medium,Hypertension,South,18-34
824,18,Male,High,Hypertension,North,18-34
825,18,Female,High,Hypertension,East,18-34
826,53,Male,Medium,No Major Chronic Condition,South,50-64
827,53,Female,Medium,Cardiovascular Disease,South,50-64
828,50,Female,Medium,No Major Chronic Condition,East,50-64
829,75,Female,Low,Diabetes,North,65-90
830,18,Female,Medium,Hypertension,South,18-34
831,60,Female,Medium,Diabetes,Central,50-64
832,82,Female,Low,No Major Chronic Condition,East,65-90
833,31,Male,Low,Cardiovascular Disease,Central,18-34
834,45,Male,Medium,Respiratory Disease,East,35-49
835,38,Male,Medium,Respiratory Disease,North,35-49
836,35,Male,Low,Diabetes,West,35-49
837,46,Male,Low,No Major Chronic Condition,Central,35-49
838,79,Female,Low,No Major Chronic Condition,Central,65-90
839,87,Male,High,Respiratory Disease,East,65-90
840,46,Female,High,Hypertension,North,35-49
841,88,Male,High,Chronic Kidney Disease,West,65-90
842,53,Male,High,Chronic Kidney Disease,North,50-64
843,85,Female,Low,No Major Chronic Condition,North,65-90
844,50,Male,Low,Diabetes,South,50-64
845,54,Male,Medium,No Major Chronic Condition,North,50-64
846,59,Male,Medium,No Major Chronic Condition,South,50-64
847,90,Female,Medium,Hypertension,Central,65-90
848,68,Male,Low,Chronic Kidney Disease,West,65-90
849,39,Male,High,Hypertension,West,35-49
850,70,Female,Low,Hypertension,West,65-90
851,45,Female,Medium,Respiratory Disease,South,35-49
852,43,Female,High,Diabetes,East,35-49
853,69,Male,Medium,Diabetes,West,65-90
854,53,Female,Medium,Chronic Kidney Disease,South,50-64
855,57,Female,Medium,No Major Chronic Condition,South,50-64
856,52,Female,Medium,Diabetes,West,50-64
857,58,Male,High,Diabetes,West,50-64
858,60,Male,Medium,Diabetes,South,50-64
859,18,Female,Medium,Diabetes,East,18-34
860,65,Female,High,No Major Chronic Condition,West,65-90
861,33,Male,Medium,Cardiovascular Disease,Central,18-34
862,25,Female,Medium,Chronic Kidney Disease,West,18-34
863,51,Female,Medium,Cardiovascular Disease,North,50-64
864,54,Male,Low,No Major Chronic Condition,East,50-64
865,39,Female,Medium,Cardiovascular Disease,Central,35-49
866,68,Female,High,No Major Chronic Condition,South,65-90
867,26,Female,Low,Respiratory Disease,West,18-34
868,44,Male,Low,No Major Chronic Condition,East,35-49
869,41,Male,Low,Cardiovascular Disease,South,35-49
870,51,Female,Medium,No Major Chronic Condition,East,50-64
871,57,Male,Low,Hypertension,South,50-64
872,33,Male,Medium,Chronic Kidney Disease,South,18-34
873,66,Male,Low,Respiratory Disease,West,65-90
874,53,Female,Low,Cardiovascular Disease,East,50-64
875,18,Female,Low,Cardiovascular Disease,Central,18-34
876,18,Male,Low,Diabetes,North,18-34
877,52,Female,High,No Major Chronic Condition,West,50-64
878,48,Female,High,Cardiovascular Disease,North,35-49
879,50,Female,Medium,Diabetes,West,50-64
880,51,Male,High,Chronic Kidney Disease,Central,50-64
881,56,Female,Low,Chronic Kidney Disease,West,50-64
882,70,Female,High,Diabetes,East,65-90
883,31,Male,Medium,Hypertension,North,18-34
884,30,Female,Medium,Respiratory Disease,Central,18-34
885,31,Female,Medium,No Major Chronic Condition,South,18-34
886,57,Female,Low,Hypertension,North,50-64
887,76,Female,Low,Hypertension,North,65-90
888,44,Male,Low,Chronic Kidney Disease,West,35-49
889,18,Female,Medium,Hypertension,West,18-34
890,20,Male,Medium,No Major Chronic Condition,West,18-34
891,36,Female,High,No Major Chronic Condition,East,35-49
892,41,Female,Low,No Major Chronic Condition,West,35-49
893,44,Female,Medium,Hypertension,Central,35-49
894,53,Female,Medium,Diabetes,West,50-64
895,46,Female,Low,Respiratory Disease,South,35-49
896,72,Female,Low,Diabetes,Central,65-90
897,39,Male,Medium,Hypertension,Central,35-49
898,36,Female,Medium,Cardiovascular Disease,East,35-49
899,61,Male,Low,Cardiovascular Disease,East,50-64
900,23,Female,Low,Hypertension,Central,18-34
901,59,Female,Low,Hypertension,West,50-64
902,54,Male,High,Hypertension,North,50-64
903,49,Female,High,Chronic Kidney Disease,Central,35-49
904,82,Female,Low,Hypertension,West,65-90
905,40,Female,Medium,Chronic Kidney Disease,West,35-49
906,90,Female,High,No Major Chronic Condition,South,65-90
907,48,Male,Low,Chronic Kidney Disease,North,35-49
908,28,Female,Low,No Major Chronic Condition,South,18-34
909,53,Male,Low,No Major Chronic Condition,South,50-64
910,32,Female,Low,Diabetes,East,18-34
911,38,Female,High,Hypertension,West,35-49
912,60,Female,High,No Major Chronic Condition,East,50-64
913,63,Female,Medium,No Major Chronic Condition,South,50-64
914,40,Male,Low,Diabetes,South,35-49
915,71,Male,High,No Major Chronic Condition,West,65-90
916,74,Female,Low,No Major Chronic Condition,West,65-90
917,79,Female,Low,No Major Chronic Condition,South,65-90
918,62,Male,Low,Hypertension,South,50-64
919,78,Female,High,Cardiovascular Disease,South,65-90
920,18,Male,Medium,Cardiovascular Disease,West,18-34
921,46,Female,Medium,Hypertension,West,35-49
922,36,Female,Medium,Hypertension,West,35-49
923,54,Female,Low,Diabetes,Central,50-64
924,41,Female,Medium,No Major Chronic Condition,West,35-49
925,49,Male,High,Cardiovascular Disease,East,35-49
926,88,Male,High,Respiratory Disease,South,65-90
927,49,Male,Medium,Hypertension,South,35-49
928,60,Male,Low,No Major Chronic Condition,South,50-64
929,48,Female,High,No Major Chronic Condition,North,35-49
930,53,Female,Medium,Chronic Kidney Disease,North,50-64
931,52,Female,Low,Hypertension,North,50-64
932,61,Male,Low,Hypertension,North,50-64
933,74,Unknown,Low,Respiratory Disease,West,65-90
934,83,Male,Medium,No Major Chronic Condition,East,65-90
935,58,Male,Medium,No Major Chronic Condition,South,50-64
936,63,Male,Low,Diabetes,South,50-64
937,30,Female,Low,Hypertension,East,18-34
938,50,Male,Medium,Hypertension,Central,50-64
939,70,Male,Medium,Hypertension,South,65-90
940,68,Male,Low,Chronic Kidney Disease,West,65-90
941,56,Female,Low,Respiratory Disease,Central,50-64
942,69,Male,High,No Major Chronic Condition,West,65-90
943,61,Female,High,Hypertension,East,50-64
944,75,Male,Medium,Hypertension,South,65-90
945,57,Male,Medium,Respiratory Disease,North,50-64
946,45,Female,High,No Major Chronic Condition,West,35-49
947,58,Male,Low,No Major Chronic Condition,Central,50-64
948,18,Female,High,No Major Chronic Condition,West,18-34
949,59,Male,Medium,Cardiovascular Disease,North,50-64
950,18,Male,Medium,Hypertension,North,18-34
951,19,Male,Medium,Chronic Kidney Disease,South,18-34
952,61,Male,Low,No Major Chronic Condition,Central,50-64
953,61,Female,Medium,Hypertension,North,50-64
954,30,Female,Medium,Diabetes,South,18-34
955,38,Male,Low,Diabetes,East,35-49
956,78,Female,Medium,Chronic Kidney Disease,North,65-90
957,43,Female,High,Respiratory Disease,North,35-49
958,90,Female,High,Diabetes,North,65-90
959,52,Female,Medium,Diabetes,East,50-64
960,60,Male,Low,Chronic Kidney Disease,South,50-64
961,83,Female,Low,Cardiovascular Disease,North,65-90
962,54,Female,Low,Hypertension,East,50-64
963,33,Male,High,Respiratory Disease,West,18-34
964,50,Male,Medium,Diabetes,West,50-64
965,51,Female,High,Diabetes,West,50-64
966,26,Male,Low,Hypertension,East,18-34
967,47,Female,High,Hypertension,West,35-49
968,38,Male,High,Diabetes,North,35-49
969,70,Female,Medium,Diabetes,North,65-90
970,53,Female,High,Diabetes,West,50-64
971,47,Female,Medium,Chronic Kidney Disease,South,35-49
972,50,Male,Low,No Major Chronic Condition,South,50-64
973,56,Female,Low,Diabetes,North,50-64
974,64,Female,Low,Respiratory Disease,Central,50-64
975,33,Male,Low,Hypertension,West,18-34
976,32,Female,Medium,No Major Chronic Condition,North,18-34
977,73,Male,Low,Hypertension,South,65-90
978,44,Female,Low,Diabetes,South,35-49
979,25,Female,Low,Cardiovascular Disease,South,18-34
980,60,Female,Medium,Diabetes,South,50-64
981,61,Female,High,Diabetes,South,50-64
982,23,Female,Medium,Hypertension,West,18-34
983,56,Female,Medium,Chronic Kidney Disease,Central,50-64
984,66,Male,High,Diabetes,North,65-90
985,59,Female,Medium,Hypertension,South,50-64
986,64,Female,Medium,No Major Chronic Condition,West,50-64
987,25,Male,Medium,Hypertension,South,18-34
988,58,Female,High,Diabetes,North,50-64
989,46,Male,Low,Cardiovascular Disease,North,35-49
990,43,Male,Medium,Diabetes,East,35-49
991,69,Female,Medium,No Major Chronic Condition,North,65-90
992,80,Male,Low,Hypertension,North,65-90
993,86,Male,Medium,Diabetes,West,65-90
994,77,Male,High,No Major Chronic Condition,South,65-90
995,50,Male,High,No Major Chronic Condition,Central,50-64
996,59,Female,High,Chronic Kidney Disease,East,50-64
997,67,Male,Medium,Hypertension,North,65-90
998,54,Female,Medium,Cardiovascular Disease,North,50-64
999,54,Female,High,No Major Chronic Condition,Central,50-64
1000,68,Male,Low,Cardiovascular Disease,North,65-90
1001,51,Female,Low,No Major Chronic Condition,South,50-64
1002,38,Male,Medium,Chronic Kidney Disease,South,35-49
1003,44,Male,Medium,No Major Chronic Condition,Central,35-49
1004,64,Male,Medium,Diabetes,Central,50-64
1005,52,Male,High,No Major Chronic Condition,West,50-64
1006,58,Male,Low,No Major Chronic Condition,South,50-64
1007,65,Male,High,No Major Chronic Condition,North,65-90
1008,45,Male,Medium,No Major Chronic Condition,North,35-49
1009,66,Male,High,No Major Chronic Condition,North,65-90
1010,59,Male,Low,Respiratory Disease,Central,50-64
1011,29,Female,Medium,Respiratory Disease,East,18-34
1012,79,Female,Medium,No Major Chronic Condition,North,65-90
1013,42,Female,Medium,No Major Chronic Condition,West,35-49
1014,21,Female,Low,Respiratory Disease,North,18-34
1015,32,Female,Low,Respiratory Disease,East,18-34
1016,33,Female,Low,No Major Chronic Condition,North,18-34
1017,53,Male,Medium,Diabetes,South,50-64
1018,47,Male,Medium,Chronic Kidney Disease,South,35-49
1019,46,Male,Medium,Respiratory Disease,North,35-49
1020,64,Male,Medium,No Major Chronic Condition,Central,50-64
1021,58,Male,Low,Hypertension,Central,50-64
1022,58,Male,Low,Cardiovascular Disease,East,50-64
1023,60,Female,Medium,Diabetes,West,50-64
1024,64,Male,Medium,Respiratory Disease,South,50-64
1025,18,Female,Medium,No Major Chronic Condition,South,18-34
1026,45,Female,Medium,Respiratory Disease,South,35-49
1027,18,Female,High,Respiratory Disease,North,18-34
1028,53,Male,High,Hypertension,South,50-64
1029,52,Male,Medium,Respiratory Disease,West,50-64
1030,72,Female,Low,No Major Chronic Condition,West,65-90
1031,75,Male,Low,Chronic Kidney Disease,South,65-90
1032,56,Female,Medium,Diabetes,South,50-64
1033,42,Female,Medium,Cardiovascular Disease,East,35-49
1034,61,Female,Low,Chronic Kidney Disease,Central,50-64
1035,42,Female,Low,Cardiovascular Disease,North,35-49
1036,52,Male,High,Respiratory Disease,South,50-64
1037,71,Female,Low,No Major Chronic Condition,Central,65-90
1038,41,Female,Medium,No Major Chronic Condition,East,35-49
1039,67,Female,High,Diabetes,West,65-90
1040,65,Male,Medium,Cardiovascular Disease,East,65-90
1041,34,Male,Low,Respiratory Disease,Central,18-34
1042,71,Male,High,No Major Chronic Condition,Central,65-90
1043,65,Male,Medium,Hypertension,South,65-90
1044,54,Male,Low,Diabetes,North,50-64
1045,38,Female,Medium,Respiratory Disease,East,35-49
1046,36,Female,Low,Cardiovascular Disease,South,35-49
1047,42,Female,Medium,Hypertension,South,35-49
1048,62,Female,High,No Major Chronic Condition,South,50-64
1049,34,Female,Medium,Hypertension,South,18-34
1050,60,Female,High,Diabetes,Central,50-64
1051,28,Female,Medium,Diabetes,North,18-34
1052,48,Female,High,Hypertension,South,35-49
1053,54,Female,Medium,Diabetes,West,50-64
1054,90,Female,Low,Hypertension,East,65-90
1055,26,Male,High,Diabetes,South,18-34
1056,80,Male,High,Respiratory Disease,North,65-90
1057,55,Female,Medium,Cardiovascular Disease,South,50-64
1058,60,Female,Medium,Respiratory Disease,Central,50-64
1059,54,Female,Low,No Major Chronic Condition,South,50-64
1060,60,Female,Low,No Major Chronic Condition,East,50-64
1061,49,Female,Low,Cardiovascular Disease,Central,35-49
1062,80,Female,Medium,Hypertension,North,65-90
1063,43,Male,Low,Chronic Kidney Disease,Central,35-49
1064,74,Male,Low,Hypertension,West,65-90
1065,40,Male,High,No Major Chronic Condition,East,35-49
1066,51,Male,Medium,Respiratory Disease,Central,50-64
1067,32,Male,High,Diabetes,North,18-34
1068,61,Male,Low,Cardiovascular Disease,Central,50-64
1069,79,Male,Low,No Major Chronic Condition,North,65-90
1070,51,Male,Medium,Respiratory Disease,South,50-64
1071,48,Male,Low,Chronic Kidney Disease,North,35-49
1072,31,Male,Medium,Chronic Kidney Disease,East,18-34
1073,48,Male,High,Cardiovascular Disease,North,35-49
1074,22,Female,Low,Hypertension,South,18-34
1075,35,Female,Medium,Respiratory Disease,North,35-49
1076,56,Female,Medium,Diabetes,South,50-64
1077,77,Female,Low,Respiratory Disease,North,65-90
1078,90,Female,Medium,Diabetes,West,65-90
1079,41,Female,Medium,No Major Chronic Condition,West,35-49
1080,79,Female,Low,No Major Chronic Condition,West,65-90
1081,57,Male,Medium,Diabetes,West,50-64
1082,49,Female,Medium,No Major Chronic Condition,North,35-49
1083,60,Female,Medium,Chronic Kidney Disease,South,50-64
1084,53,Female,High,Chronic Kidney Disease,West,50-64
1085,54,Female,Medium,Hypertension,East,50-64
1086,44,Male,Medium,Cardiovascular Disease,West,35-49
1087,25,Male,High,Respiratory Disease,North,18-34
1088,23,Female,Medium,Hypertension,South,18-34
1089,64,Female,Low,Respiratory Disease,South,50-64
1090,47,Female,Low,Hypertension,West,35-49
1091,41,Male,Low,No Major Chronic Condition,Central,35-49
1092,52,Male,Low,No Major Chronic Condition,East,50-64
1093,67,Male,Medium,Hypertension,West,65-90
1094,55,Female,Low,Hypertension,West,50-64
1095,40,Male,High,Hypertension,Central,35-49
1096,75,Male,Medium,No Major Chronic Condition,West,65-90
1097,82,Male,Low,Diabetes,South,65-90
1098,61,Female,High,No Major Chronic Condition,South,50-64
1099,70,Female,Medium,No Major Chronic Condition,Central,65-90
1100,76,Female,Low,Hypertension,East,65-90
1101,73,Female,Low,No Major Chronic Condition,South,65-90
1102,64,Male,Medium,Cardiovascular Disease,West,50-64
1103,63,Female,Medium,Hypertension,South,50-64
1104,62,Female,Medium,No Major Chronic Condition,West,50-64
1105,31,Male,High,Cardiovascular Disease,East,18-34
1106,65,Female,Medium,Diabetes,Central,65-90
1107,26,Male,High,Respiratory Disease,West,18-34
1108,37,Male,Medium,Respiratory Disease,South,35-49
1109,77,Male,Medium,Respiratory Disease,Central,65-90
1110,68,Male,Low,Hypertension,South,65-90
1111,80,Female,Medium,Chronic Kidney Disease,West,65-90
1112,47,Female,Medium,Hypertension,South,35-49
1113,30,Male,Medium,Cardiovascular Disease,South,18-34
1114,47,Female,Medium,Hypertension,West,35-49
1115,54,Female,Medium,Respiratory Disease,West,50-64
1116,54,Male,Medium,No Major Chronic Condition,Central,50-64
1117,74,Female,Medium,Diabetes,West,65-90
1118,45,Female,Medium,Diabetes,South,35-49
1119,59,Female,High,No Major Chronic Condition,Central,50-64
1120,33,Female,Medium,Hypertension,Central,18-34
1121,61,Male,Medium,Hypertension,Central,50-64
1122,52,Female,Medium,Respiratory Disease,Central,50-64
1123,38,Female,Medium,Cardiovascular Disease,West,35-49
1124,48,Female,High,Diabetes,West,35-49
1125,49,Male,High,No Major Chronic Condition,West,35-49
1126,47,Female,Medium,Diabetes,South,35-49
1127,86,Female,High,No Major Chronic Condition,West,65-90
1128,50,Male,Medium,No Major Chronic Condition,South,50-64
1129,47,Female,High,Diabetes,South,35-49
1130,18,Male,High,No Major Chronic Condition,South,18-34
1131,35,Female,Medium,Chronic Kidney Disease,North,35-49
1132,47,Female,High,No Major Chronic Condition,West,35-49
1133,39,Female,Medium,Chronic Kidney Disease,East,35-49
1134,78,Male,Medium,Hypertension,East,65-90
1135,49,Female,Medium,Respiratory Disease,East,35-49
1136,76,Female,Medium,Chronic Kidney Disease,West,65-90
1137,53,Male,Medium,No Major Chronic Condition,North,50-64
1138,53,Female,Low,Cardiovascular Disease,East,50-64
1139,50,Male,Medium,No Major Chronic Condition,South,50-64
1140,52,Male,Medium,Hypertension,Central,50-64
1141,85,Male,Medium,No Major Chronic Condition,North,65-90
1142,18,Female,Low,Hypertension,Central,18-34
1143,18,Female,Low,Diabetes,North,18-34
1144,42,Male,Medium,Hypertension,North,35-49
1145,52,Female,Medium,No Major Chronic Condition,Central,50-64
1146,65,Female,Low,No Major Chronic Condition,West,65-90
1147,61,Male,Low,Cardiovascular Disease,South,50-64
1148,45,Unknown,Medium,No Major Chronic Condition,East,35-49
1149,71,Female,Low,Hypertension,North,65-90
1150,72,Female,Low,Hypertension,North,65-90
1151,55,Male,Medium,Diabetes,North,50-64
1152,70,Male,Medium,Cardiovascular Disease,South,65-90
1153,57,Female,High,Cardiovascular Disease,North,50-64
1154,41,Female,Low,Diabetes,South,35-49
1155,65,Female,Low,Diabetes,Central,65-90
1156,54,Female,Low,Hypertension,South,50-64
1157,52,Female,Medium,Hypertension,South,50-64
1158,80,Male,Low,Respiratory Disease,North,65-90
1159,18,Female,Low,Cardiovascular Disease,Central,18-34
1160,25,Female,Medium,Diabetes,North,18-34
1161,29,Male,Medium,Diabetes,South,18-34
1162,45,Female,Medium,Respiratory Disease,Central,35-49
1163,47,Female,Medium,No Major Chronic Condition,East,35-49
1164,23,Male,High,Cardiovascular Disease,South,18-34
1165,33,Female,Medium,Respiratory Disease,West,18-34
1166,36,Male,Low,No Major Chronic Condition,North,35-49
1167,90,Female,Medium,No Major Chronic Condition,South,65-90
1168,86,Female,Low,Hypertension,East,65-90
1169,44,Male,Low,No Major Chronic Condition,Central,35-49
1170,45,Female,Medium,Respiratory Disease,Central,35-49
1171,30,Male,Low,Cardiovascular Disease,East,18-34
1172,18,Female,Low,Chronic Kidney Disease,South,18-34
1173,50,Male,Medium,Cardiovascular Disease,East,50-64
1174,33,Female,High,No Major Chronic Condition,Central,18-34
1175,50,Male,Low,Diabetes,West,50-64
1176,22,Male,Medium,Cardiovascular Disease,North,18-34
1177,38,Female,High,Diabetes,Central,35-49
1178,55,Female,Low,Chronic Kidney Disease,Central,50-64
1179,59,Female,Medium,Hypertension,South,50-64
1180,60,Male,Low,Cardiovascular Disease,West,50-64
1181,27,Female,High,No Major Chronic Condition,Central,18-34
1182,68,Male,Low,Diabetes,South,65-90
1183,37,Female,Low,Diabetes,Central,35-49
1184,64,Female,High,Respiratory Disease,North,50-64
1185,52,Male,Medium,Cardiovascular Disease,South,50-64
1186,26,Female,Low,Diabetes,Central,18-34
1187,46,Female,Medium,Hypertension,Central,35-49
1188,59,Male,High,Hypertension,North,50-64
1189,64,Male,Medium,Hypertension,Central,50-64
1190,49,Female,Low,No Major Chronic Condition,West,35-49
1191,81,Female,Low,Hypertension,Central,65-90
1192,71,Female,High,Cardiovascular Disease,East,65-90
1193,47,Male,Low,Hypertension,Central,35-49
1194,66,Female,Low,No Major Chronic Condition,West,65-90
1195,89,Male,Low,No Major Chronic Condition,West,65-90
1196,89,Male,Low,Cardiovascular Disease,South,65-90
1197,29,Male,Medium,Chronic Kidney Disease,South,18-34
1198,34,Female,Medium,Hypertension,South,18-34
1199,80,Female,Low,Diabetes,North,65-90
1200,32,Female,Low,Cardiovascular Disease,Central,18-34
1201,27,Female,Low,Respiratory Disease,East,18-34
1202,43,Female,Low,Hypertension,East,35-49
1203,60,Male,Low,Cardiovascular Disease,South,50-64
1204,50,Female,Medium,Chronic Kidney Disease,West,50-64
1205,40,Female,Low,No Major Chronic Condition,South,35-49
1206,39,Male,Low,No Major Chronic Condition,West,35-49
1207,38,Male,Medium,Respiratory Disease,North,35-49
1208,35,Female,Medium,Respiratory Disease,South,35-49
1209,90,Male,Medium,Cardiovascular Disease,South,65-90
1210,58,Male,High,Hypertension,North,50-64
1211,69,Female,Low,Chronic Kidney Disease,West,65-90
1212,43,Male,Low,Diabetes,West,35-49
1213,48,Female,Low,No Major Chronic Condition,South,35-49
1214,38,Female,Low,Hypertension,West,35-49
1215,18,Female,High,Hypertension,Central,18-34
1216,26,Female,Medium,Hypertension,West,18-34
1217,18,Male,Medium,No Major Chronic Condition,West,18-34
1218,18,Male,High,Hypertension,South,18-34
1219,29,Female,High,Respiratory Disease,East,18-34
1220,77,Male,Medium,Hypertension,South,65-90
1221,51,Female,High,Respiratory Disease,South,50-64
1222,77,Female,Medium,Respiratory Disease,North,65-90
1223,60,Male,Low,No Major Chronic Condition,East,50-64
1224,67,Female,Medium,Hypertension,South,65-90
1225,35,Male,High,Hypertension,East,35-49
1226,62,Female,Medium,Diabetes,West,50-64
1227,66,Male,Medium,Cardiovascular Disease,South,65-90
1228,41,Female,High,No Major Chronic Condition,South,35-49
1229,63,Female,Medium,Hypertension,South,50-64
1230,63,Male,Medium,No Major Chronic Condition,East,50-64
1231,42,Female,Low,Diabetes,South,35-49
1232,31,Female,Low,No Major Chronic Condition,East,18-34
1233,30,Male,Low,Chronic Kidney Disease,North,18-34
1234,54,Female,High,No Major Chronic Condition,East,50-64
1235,58,Female,High,Cardiovascular Disease,West,50-64
1236,37,Female,Low,Chronic Kidney Disease,East,35-49
1237,53,Male,Low,Diabetes,Central,50-64
1238,63,Male,Low,Hypertension,North,50-64
1239,64,Male,Medium,No Major Chronic Condition,East,50-64
1240,81,Male,Medium,Diabetes,South,65-90
1241,76,Female,Medium,No Major Chronic Condition,Central,65-90
1242,33,Female,Low,Hypertension,North,18-34
1243,84,Female,Low,Hypertension,East,65-90
1244,42,Male,High,Respiratory Disease,South,35-49
1245,72,Female,Medium,Diabetes,Central,65-90
1246,53,Male,Low,Respiratory Disease,East,50-64
1247,44,Male,Low,No Major Chronic Condition,East,35-49
1248,18,Male,Low,Diabetes,East,18-34
1249,49,Female,Low,Hypertension,West,35-49
1250,22,Female,Low,Diabetes,North,18-34
1251,70,Male,Medium,Cardiovascular Disease,South,65-90
1252,81,Male,Low,Chronic Kidney Disease,South,65-90
1253,37,Female,Medium,No Major Chronic Condition,South,35-49
1254,58,Male,Medium,Hypertension,East,50-64
1255,38,Male,Low,Diabetes,Central,35-49
1256,40,Female,Medium,Diabetes,East,35-49
1257,67,Male,High,Hypertension,North,65-90
1258,51,Female,Low,Cardiovascular Disease,East,50-64
1259,85,Male,Medium,No Major Chronic Condition,South,65-90
1260,43,Female,Low,Hypertension,West,35-49
1261,71,Female,Low,No Major Chronic Condition,West,65-90
1262,54,Female,Low,Cardiovascular Disease,West,50-64
1263,67,Male,Medium,No Major Chronic Condition,Central,65-90
1264,44,Male,Medium,No Major Chronic Condition,North,35-49
1265,51,Female,Medium,No Major Chronic Condition,West,50-64
1266,50,Female,Low,Cardiovascular Disease,Central,50-64
1267,36,Female,Medium,Hypertension,South,35-49
1268,65,Female,Low,Hypertension,West,65-90
1269,64,Male,Low,Hypertension,North,50-64
1270,63,Female,Medium,Respiratory Disease,East,50-64
1271,81,Male,Low,No Major Chronic Condition,South,65-90
1272,80,Male,Medium,Respiratory Disease,South,65-90
1273,45,Female,Medium,Cardiovascular Disease,West,35-49
1274,59,Male,Medium,Hypertension,South,50-64
1275,40,Male,Medium,Respiratory Disease,North,35-49
1276,52,Male,Low,Hypertension,East,50-64
1277,41,Male,Low,Diabetes,East,35-49
1278,83,Female,Medium,Diabetes,North,65-90
1279,59,Female,Low,No Major Chronic Condition,West,50-64
1280,48,Male,Low,Hypertension,Central,35-49
1281,75,Female,Low,No Major Chronic Condition,South,65-90
1282,18,Male,Medium,Cardiovascular Disease,Central,18-34
1283,18,Male,Medium,Chronic Kidney Disease,Central,18-34
1284,67,Female,Low,No Major Chronic Condition,East,65-90
1285,53,Female,Low,No Major Chronic Condition,Central,50-64
1286,57,Female,Low,Diabetes,West,50-64
1287,27,Male,Low,Hypertension,West,18-34
1288,52,Female,Medium,Diabetes,North,50-64
1289,90,Female,Low,Cardiovascular Disease,West,65-90
1290,68,Male,Low,Diabetes,South,65-90
1291,55,Male,High,Respiratory Disease,West,50-64
1292,44,Male,Medium,Hypertension,South,35-49
1293,45,Male,Low,No Major Chronic Condition,West,35-49
1294,18,Female,Medium,No Major Chronic Condition,Central,18-34
1295,57,Male,Medium,Chronic Kidney Disease,East,50-64
1296,68,Male,High,Chronic Kidney Disease,South,65-90
1297,22,Female,High,Diabetes,North,18-34
1298,39,Female,Medium,Diabetes,South,35-49
1299,30,Female,Low,Cardiovascular Disease,Central,18-34
1300,34,Male,Medium,No Major Chronic Condition,West,18-34
1301,53,Male,Low,Diabetes,West,50-64
1302,18,Male,Medium,Cardiovascular Disease,West,18-34
1303,64,Male,High,No Major Chronic Condition,East,50-64
1304,66,Female,Low,Hypertension,South,65-90
1305,47,Male,High,No Major Chronic Condition,South,35-49
1306,18,Male,Medium,No Major Chronic Condition,North,18-34
1307,33,Female,Low,Diabetes,West,18-34
1308,75,Female,High,Respiratory Disease,Central,65-90
1309,18,Male,Medium,Diabetes,South,18-34
1310,45,Male,Medium,Cardiovascular Disease,East,35-49
1311,30,Female,Medium,No Major Chronic Condition,East,18-34
1312,67,Male,Low,Diabetes,West,65-90
1313,39,Female,Low,No Major Chronic Condition,West,35-49
1314,60,Female,Medium,No Major Chronic Condition,North,50-64
1315,63,Male,High,Chronic Kidney Disease,West,50-64
1316,87,Female,Medium,Hypertension,West,65-90
1317,48,Male,High,Hypertension,North,35-49
1318,59,Male,High,Cardiovascular Disease,East,50-64
1319,24,Female,Low,Diabetes,South,18-34
1320,75,Female,Medium,Diabetes,Central,65-90
1321,38,Female,Medium,Diabetes,Central,35-49
1322,41,Female,Low,Chronic Kidney Disease,East,35-49
1323,52,Male,Medium,Diabetes,South,50-64
1324,22,Female,Medium,Hypertension,Central,18-34
1325,56,Male,High,Chronic Kidney Disease,South,50-64
1326,70,Female,High,Diabetes,East,65-90
1327,58,Female,Medium,Hypertension,South,50-64
1328,22,Male,Medium,Diabetes,North,18-34
1329,50,Female,Medium,Diabetes,Central,50-64
1330,66,Male,High,Hypertension,South,65-90
1331,18,Male,Medium,Diabetes,West,18-34
1332,32,Male,High,Cardiovascular Disease,West,18-34
1333,69,Female,High,Diabetes,West,65-90
1334,57,Female,Low,Hypertension,North,50-64
1335,60,Male,High,Chronic Kidney Disease,South,50-64
1336,87,Female,Medium,Respiratory Disease,Central,65-90
1337,61,Male,Low,Hypertension,South,50-64
1338,64,Male,Low,No Major Chronic Condition,North,50-64
1339,90,Male,Medium,No Major Chronic Condition,West,65-90
1340,48,Male,Low,Respiratory Disease,West,35-49
1341,37,Male,Low,Cardiovascular Disease,East,35-49
1342,60,Female,Medium,Diabetes,South,50-64
1343,60,Male,Low,Cardiovascular Disease,South,50-64
1344,42,Male,Medium,Respiratory Disease,South,35-49
1345,32,Female,Medium,No Major Chronic Condition,East,18-34
1346,90,Male,Low,No Major Chronic Condition,Central,65-90
1347,58,Female,Medium,Diabetes,West,50-64
1348,38,Female,Low,No Major Chronic Condition,West,35-49
1349,69,Male,High,No Major Chronic Condition,East,65-90
1350,50,Male,Medium,Chronic Kidney Disease,West,50-64
1351,47,Female,High,No Major Chronic Condition,East,35-49
1352,63,Male,Medium,Hypertension,West,50-64
1353,27,Female,High,Hypertension,East,18-34
1354,59,Female,Medium,No Major Chronic Condition,South,50-64
1355,88,Female,Medium,Diabetes,East,65-90
1356,61,Male,Low,Chronic Kidney Disease,South,50-64
1357,45,Female,Medium,No Major Chronic Condition,East,35-49
1358,42,Female,Medium,No Major Chronic Condition,West,35-49
1359,44,Male,Medium,Hypertension,West,35-49
1360,47,Female,Low,Chronic Kidney Disease,South,35-49
1361,45,Female,Medium,Diabetes,West,35-49
1362,69,Female,Medium,No Major Chronic Condition,North,65-90
1363,19,Male,Medium,Cardiovascular Disease,West,18-34
1364,68,Male,Medium,Respiratory Disease,South,65-90
1365,45,Male,Medium,No Major Chronic Condition,East,35-49
1366,59,Female,Medium,Cardiovascular Disease,Central,50-64
1367,31,Female,Medium,Cardiovascular Disease,North,18-34
1368,77,Male,Medium,Cardiovascular Disease,West,65-90
1369,76,Unknown,Medium,Respiratory Disease,West,65-90
1370,70,Female,Low,Chronic Kidney Disease,West,65-90
1371,23,Female,Low,No Major Chronic Condition,Central,18-34
1372,68,Female,Medium,Diabetes,East,65-90
1373,60,Female,Medium,Hypertension,North,50-64
1374,21,Male,Low,Cardiovascular Disease,West,18-34
1375,52,Female,Medium,Diabetes,East,50-64
1376,59,Male,Low,No Major Chronic Condition,West,50-64
1377,63,Female,Medium,Cardiovascular Disease,West,50-64
1378,55,Male,Low,Diabetes,West,50-64
1379,58,Male,Medium,Respiratory Disease,South,50-64
1380,80,Male,Medium,Hypertension,East,65-90
1381,75,Female,High,Chronic Kidney Disease,Central,65-90
1382,18,Male,High,Diabetes,South,18-34
1383,46,Female,Medium,Diabetes,East,35-49
1384,49,Male,Medium,Diabetes,West,35-49
1385,19,Male,Medium,Cardiovascular Disease,North,18-34
1386,54,Male,High,No Major Chronic Condition,West,50-64
1387,76,Male,Medium,Respiratory Disease,North,65-90
1388,31,Male,Low,Diabetes,Central,18-34
1389,58,Male,High,Respiratory Disease,East,50-64
1390,35,Female,Low,Cardiovascular Disease,North,35-49
1391,39,Female,High,No Major Chronic Condition,West,35-49
1392,80,Male,Low,Hypertension,West,65-90
1393,42,Male,Medium,Chronic Kidney Disease,South,35-49
1394,61,Female,High,Respiratory Disease,North,50-64
1395,18,Female,Medium,Respiratory Disease,East,18-34
1396,87,Male,Medium,Cardiovascular Disease,West,65-90
1397,63,Female,Low,Diabetes,North,50-64
1398,49,Female,Low,Diabetes,East,35-49
1399,63,Female,Low,No Major Chronic Condition,East,50-64
1400,25,Female,Medium,Respiratory Disease,Central,18-34
1401,74,Male,Medium,Respiratory Disease,West,65-90
1402,46,Female,Low,Cardiovascular Disease,North,35-49
1403,48,Female,Medium,Diabetes,West,35-49
1404,43,Female,High,Hypertension,East,35-49
1405,41,Female,High,Respiratory Disease,East,35-49
1406,65,Female,Medium,Diabetes,North,65-90
1407,57,Female,High,No Major Chronic Condition,West,50-64
1408,64,Female,Medium,Diabetes,Central,50-64
1409,52,Male,Low,Chronic Kidney Disease,South,50-64
1410,62,Female,Medium,Hypertension,North,50-64
1411,44,Female,High,No Major Chronic Condition,East,35-49
1412,90,Female,Low,No Major Chronic Condition,Central,65-90
1413,22,Female,Low,Hypertension,West,18-34
1414,76,Female,High,Cardiovascular Disease,South,65-90
1415,78,Female,Medium,No Major Chronic Condition,Central,65-90
1416,36,Female,Medium,Respiratory Disease,East,35-49
1417,90,Female,Medium,Diabetes,East,65-90
1418,71,Male,Medium,No Major Chronic Condition,North,65-90
1419,70,Female,Low,Hypertension,North,65-90
1420,53,Female,Medium,Hypertension,East,50-64
1421,48,Male,Low,No Major Chronic Condition,West,35-49
1422,48,Female,Low,No Major Chronic Condition,West,35-49
1423,59,Male,High,Diabetes,Central,50-64
1424,79,Female,Low,Hypertension,East,65-90
1425,55,Female,Low,Hypertension,East,50-64
1426,35,Male,Low,No Major Chronic Condition,East,35-49
1427,68,Female,High,No Major Chronic Condition,South,65-90
1428,70,Female,High,No Major Chronic Condition,North,65-90
1429,64,Male,Low,Diabetes,West,50-64
1430,66,Male,Medium,Diabetes,North,65-90
1431,47,Female,Medium,Respiratory Disease,Central,35-49
1432,34,Male,Medium,Diabetes,West,18-34
1433,36,Female,Low,Diabetes,North,35-49
1434,21,Male,Low,Hypertension,North,18-34
1435,57,Female,Medium,Chronic Kidney Disease,West,50-64
1436,50,Male,Low,Chronic Kidney Disease,East,50-64
1437,44,Female,Medium,No Major Chronic Condition,West,35-49
1438,18,Male,Low,Diabetes,South,18-34
1439,28,Female,High,No Major Chronic Condition,Central,18-34
1440,73,Male,Medium,Cardiovascular Disease,East,65-90
1441,39,Male,Medium,Hypertension,East,35-49
1442,59,Male,Medium,Respiratory Disease,Central,50-64
1443,26,Male,Low,No Major Chronic Condition,West,18-34
1444,79,Female,Low,Diabetes,West,65-90
1445,49,Male,Medium,No Major Chronic Condition,Central,35-49
1446,58,Female,Medium,Respiratory Disease,Central,50-64
1447,90,Male,High,Respiratory Disease,West,65-90
1448,81,Male,Medium,No Major Chronic Condition,West,65-90
1449,46,Female,Medium,Chronic Kidney Disease,North,35-49
1450,41,Female,Low,Respiratory Disease,Central,35-49
1451,46,Male,Low,Hypertension,Central,35-49
1452,62,Male,Low,Cardiovascular Disease,East,50-64
1453,50,Male,High,No Major Chronic Condition,West,50-64
1454,44,Female,Medium,No Major Chronic Condition,East,35-49
1455,80,Female,Medium,No Major Chronic Condition,East,65-90
1456,50,Male,Medium,No Major Chronic Condition,North,50-64
1457,90,Male,Low,Chronic Kidney Disease,West,65-90
1458,54,Male,Low,No Major Chronic Condition,South,50-64
1459,86,Male,Low,Hypertension,East,65-90
1460,59,Male,Low,Cardiovascular Disease,Central,50-64
1461,70,Male,Medium,Respiratory Disease,North,65-90
1462,38,Male,Low,Respiratory Disease,Central,35-49
1463,36,Male,Medium,Respiratory Disease,East,35-49
1464,61,Male,High,No Major Chronic Condition,Central,50-64
1465,71,Female,High,No Major Chronic Condition,South,65-90
1466,53,Female,Low,No Major Chronic Condition,North,50-64
1467,28,Male,Medium,No Major Chronic Condition,East,18-34
1468,26,Male,Low,No Major Chronic Condition,East,18-34
1469,25,Male,Low,Chronic Kidney Disease,West,18-34
1470,18,Male,Medium,Hypertension,East,18-34
1471,54,Female,Medium,No Major Chronic Condition,East,50-64
1472,73,Female,Medium,Hypertension,Central,65-90
1473,52,Male,High,Chronic Kidney Disease,South,50-64
1474,18,Male,Low,Diabetes,South,18-34
1475,48,Female,High,Respiratory Disease,West,35-49
1476,49,Female,Low,Hypertension,South,35-49
1477,90,Female,High,Chronic Kidney Disease,East,65-90
1478,24,Female,Medium,No Major Chronic Condition,East,18-34
1479,45,Female,Low,Diabetes,South,35-49
1480,84,Female,Medium,Diabetes,South,65-90
1481,61,Female,Low,No Major Chronic Condition,North,50-64
1482,63,Male,Medium,Hypertension,South,50-64
1483,54,Male,Low,Chronic Kidney Disease,South,50-64
1484,58,Male,High,No Major Chronic Condition,North,50-64
1485,67,Female,Low,No Major Chronic Condition,West,65-90
1486,37,Female,High,Diabetes,Central,35-49
1487,69,Female,Low,Chronic Kidney Disease,North,65-90
1488,26,Male,Medium,No Major Chronic Condition,East,18-34
1489,58,Female,High,Hypertension,South,50-64
1490,55,Male,Low,Chronic Kidney Disease,North,50-64
1491,40,Male,Low,Hypertension,North,35-49
1492,52,Male,Medium,No Major Chronic Condition,West,50-64
1493,40,Female,Medium,Hypertension,North,35-49
1494,32,Female,High,Hypertension,Central,18-34
1495,45,Male,Low,Diabetes,West,35-49
1496,31,Female,High,No Major Chronic Condition,West,18-34
1497,58,Male,High,Respiratory Disease,West,50-64
1498,30,Female,Medium,Hypertension,North,18-34
1499,66,Male,Low,Diabetes,East,65-90
1500,30,Male,Low,No Major Chronic Condition,South,18-34
1501,41,Female,High,Diabetes,East,35-49
1502,40,Male,Medium,Respiratory Disease,South,35-49
1503,77,Male,Medium,Respiratory Disease,North,65-90
1504,58,Male,High,No Major Chronic Condition,West,50-64
1505,48,Female,Low,Chronic Kidney Disease,South,35-49
1506,61,Female,Medium,No Major Chronic Condition,North,50-64
1507,18,Male,Medium,Diabetes,Central,18-34
1508,51,Female,High,Cardiovascular Disease,North,50-64
1509,90,Male,Medium,Diabetes,South,65-90
1510,55,Female,Medium,Cardiovascular Disease,North,50-64
1511,53,Male,Low,Respiratory Disease,East,50-64
1512,62,Female,High,Respiratory Disease,West,50-64
1513,69,Male,Medium,No Major Chronic Condition,Central,65-90
1514,18,Female,Medium,No Major Chronic Condition,West,18-34
1515,20,Female,High,Hypertension,East,18-34
1516,56,Female,Low,Chronic Kidney Disease,Central,50-64
1517,38,Male,Medium,Chronic Kidney Disease,West,35-49
1518,77,Female,High,No Major Chronic Condition,Central,65-90
1519,46,Male,Medium,Diabetes,South,35-49
1520,18,Female,High,Respiratory Disease,East,18-34
1521,28,Male,High,Cardiovascular Disease,North,18-34
1522,18,Male,Medium,Hypertension,East,18-34
1523,48,Female,Low,Respiratory Disease,Central,35-49
1524,48,Female,High,Hypertension,West,35-49
1525,44,Female,Medium,Diabetes,West,35-49
1526,72,Male,Medium,No Major Chronic Condition,South,65-90
1527,75,Male,Medium,Diabetes,South,65-90
1528,49,Female,Low,Hypertension,Central,35-49
1529,18,Male,Low,Respiratory Disease,South,18-34
1530,64,Male,Medium,Respiratory Disease,North,50-64
1531,63,Male,Medium,Chronic Kidney Disease,South,50-64
1532,58,Female,Medium,No Major Chronic Condition,West,50-64
1533,71,Male,Low,Cardiovascular Disease,East,65-90
1534,30,Female,Medium,Diabetes,North,18-34
1535,90,Male,Medium,Diabetes,West,65-90
1536,34,Female,Low,Cardiovascular Disease,West,18-34
1537,66,Male,Medium,Hypertension,East,65-90
1538,20,Male,Medium,No Major Chronic Condition,North,18-34
1539,34,Male,Medium,Cardiovascular Disease,North,18-34
1540,81,Female,Medium,Cardiovascular Disease,South,65-90
1541,47,Male,High,No Major Chronic Condition,South,35-49
1542,68,Female,Low,No Major Chronic Condition,North,65-90
1543,57,Male,Low,Chronic Kidney Disease,Central,50-64
1544,50,Female,Low,Cardiovascular Disease,Central,50-64
1545,78,Male,Medium,Hypertension,North,65-90
1546,48,Female,High,Respiratory Disease,East,35-49
1547,18,Female,Medium,Diabetes,South,18-34
1548,37,Female,High,Cardiovascular Disease,South,35-49
1549,62,Female,Medium,No Major Chronic Condition,East,50-64
1550,60,Female,Low,Cardiovascular Disease,East,50-64
1551,22,Male,Low,Diabetes,East,18-34
1552,38,Male,Medium,Diabetes,North,35-49
1553,41,Male,Medium,No Major Chronic Condition,West,35-49
1554,45,Male,Medium,Hypertension,East,35-49
1555,26,Female,Medium,Cardiovascular Disease,North,18-34
1556,40,Female,Medium,No Major Chronic Condition,South,35-49
1557,38,Female,Low,Hypertension,South,35-49
1558,67,Female,Medium,Chronic Kidney Disease,South,65-90
1559,67,Male,Medium,Diabetes,North,65-90
1560,49,Male,High,No Major Chronic Condition,East,35-49
1561,45,Male,Low,Diabetes,East,35-49
1562,55,Male,High,Hypertension,East,50-64
1563,36,Female,Low,Hypertension,South,35-49
1564,30,Male,Low,No Major Chronic Condition,West,18-34
1565,34,Female,High,Cardiovascular Disease,West,18-34
1566,40,Male,High,No Major Chronic Condition,South,35-49
1567,30,Female,High,Respiratory Disease,South,18-34
1568,55,Female,Low,No Major Chronic Condition,Central,50-64
1569,66,Female,Low,Respiratory Disease,East,65-90
1570,22,Female,Medium,Cardiovascular Disease,East,18-34
1571,52,Female,High,Respiratory Disease,West,50-64
1572,48,Female,Medium,Hypertension,South,35-49
1573,58,Male,Low,No Major Chronic Condition,North,50-64
1574,52,Male,Medium,No Major Chronic Condition,West,50-64
1575,24,Female,Low,Diabetes,West,18-34
1576,28,Female,Low,No Major Chronic Condition,South,18-34
1577,53,Male,Medium,Diabetes,North,50-64
1578,72,Female,Low,Chronic Kidney Disease,Central,65-90
1579,18,Male,Medium,No Major Chronic Condition,West,18-34
1580,59,Female,Medium,Hypertension,South,50-64
1581,75,Female,Medium,Diabetes,South,65-90
1582,49,Female,Medium,No Major Chronic Condition,East,35-49
1583,62,Female,High,Cardiovascular Disease,North,50-64
1584,39,Male,Medium,Cardiovascular Disease,East,35-49
1585,50,Male,High,No Major Chronic Condition,Central,50-64
1586,21,Female,Medium,Hypertension,West,18-34
1587,18,Male,Medium,Diabetes,Central,18-34
1588,70,Female,High,No Major Chronic Condition,South,65-90
1589,33,Female,Low,Chronic Kidney Disease,North,18-34
1590,43,Male,Low,Respiratory Disease,Central,35-49
1591,26,Male,High,Hypertension,Central,18-34
1592,25,Male,Medium,No Major Chronic Condition,East,18-34
1593,49,Female,Low,Hypertension,South,35-49
1594,38,Female,High,Diabetes,West,35-49
1595,59,Female,Low,Hypertension,North,50-64
1596,61,Male,Medium,Chronic Kidney Disease,Central,50-64
1597,58,Female,Medium,Hypertension,West,50-64
1598,57,Male,Medium,Hypertension,North,50-64
1599,82,Female,Medium,Cardiovascular Disease,North,65-90
1600,32,Female,Low,Respiratory Disease,North,18-34
1601,51,Female,High,Diabetes,West,50-64
1602,74,Female,High,Respiratory Disease,North,65-90
1603,76,Male,Low,Hypertension,East,65-90
1604,25,Male,Low,Hypertension,South,18-34
1605,46,Male,Medium,Diabetes,East,35-49
1606,78,Male,Low,No Major Chronic Condition,West,65-90
1607,62,Female,High,Chronic Kidney Disease,South,50-64
1608,56,Male,High,Diabetes,South,50-64
1609,48,Male,Low,Hypertension,South,35-49
1610,45,Male,High,Diabetes,Central,35-49
1611,57,Female,High,Respiratory Disease,South,50-64
1612,47,Female,Medium,Chronic Kidney Disease,South,35-49
1613,51,Male,High,Diabetes,East,50-64
1614,53,Female,Low,No Major Chronic Condition,North,50-64
1615,39,Female,High,Hypertension,West,35-49
1616,62,Female,Low,Hypertension,South,50-64
1617,90,Male,Medium,Diabetes,Central,65-90
1618,18,Female,Medium,Diabetes,East,18-34
1619,58,Male,Low,No Major Chronic Condition,East,50-64
1620,38,Male,Medium,Cardiovascular Disease,South,35-49
1621,63,Female,Medium,No Major Chronic Condition,North,50-64
1622,53,Female,Medium,Hypertension,North,50-64
1623,66,Male,Medium,Hypertension,Central,65-90
1624,74,Female,Low,Cardiovascular Disease,Central,65-90
1625,56,Female,Low,Cardiovascular Disease,South,50-64
1626,74,Female,Low,Diabetes,Central,65-90
1627,18,Female,High,Diabetes,East,18-34
1628,82,Male,Medium,No Major Chronic Condition,West,65-90
1629,59,Female,Medium,Chronic Kidney Disease,Central,50-64
1630,72,Male,Medium,Diabetes,Central,65-90
1631,29,Female,Medium,No Major Chronic Condition,East,18-34
1632,36,Male,Low,Hypertension,East,35-49
1633,55,Male,Low,No Major Chronic Condition,West,50-64
1634,52,Female,Medium,No Major Chronic Condition,South,50-64
1635,57,Male,Low,Diabetes,South,50-64
1636,73,Female,High,No Major Chronic Condition,West,65-90
1637,18,Male,Low,Diabetes,North,18-34
1638,71,Male,Medium,Hypertension,East,65-90
1639,52,Female,Medium,Respiratory Disease,South,50-64
1640,48,Female,Medium,Chronic Kidney Disease,East,35-49
1641,24,Male,High,Diabetes,North,18-34
1642,62,Male,Medium,Diabetes,Central,50-64
1643,18,Female,Low,Hypertension,West,18-34
1644,64,Female,Medium,Hypertension,North,50-64
1645,24,Female,Low,Hypertension,South,18-34
1646,53,Male,Low,Diabetes,North,50-64
1647,50,Male,Medium,No Major Chronic Condition,North,50-64
1648,74,Male,Low,No Major Chronic Condition,South,65-90
1649,49,Male,Low,No Major Chronic Condition,South,35-49
1650,39,Male,Medium,Diabetes,East,35-49
1651,42,Female,Medium,Diabetes,South,35-49
1652,76,Male,High,Cardiovascular Disease,South,65-90
1653,62,Female,Low,Respiratory Disease,Central,50-64
1654,45,Male,Medium,Respiratory Disease,Central,35-49
1655,48,Female,Medium,Diabetes,North,35-49
1656,22,Male,High,No Major Chronic Condition,East,18-34
1657,59,Male,Low,Cardiovascular Disease,North,50-64
1658,19,Male,Medium,Hypertension,West,18-34
1659,66,Female,Medium,Cardiovascular Disease,West,65-90
1660,54,Male,Low,Diabetes,West,50-64
1661,90,Female,Low,Hypertension,West,65-90
1662,31,Female,Medium,No Major Chronic Condition,Central,18-34
1663,50,Male,Low,Respiratory Disease,North,50-64
1664,86,Male,Low,Diabetes,West,65-90
1665,75,Female,Medium,Hypertension,North,65-90
1666,39,Male,Low,Diabetes,North,35-49
1667,56,Female,Low,No Major Chronic Condition,West,50-64
1668,52,Male,Medium,No Major Chronic Condition,South,50-64
1669,57,Male,High,Respiratory Disease,North,50-64
1670,39,Male,Medium,No Major Chronic Condition,North,35-49
1671,50,Male,Low,Hypertension,Central,50-64
1672,22,Male,Low,No Major Chronic Condition,South,18-34
1673,55,Male,High,Cardiovascular Disease,South,50-64
1674,61,Female,Medium,No Major Chronic Condition,South,50-64
1675,48,Female,Medium,No Major Chronic Condition,Central,35-49
1676,21,Male,Low,Cardiovascular Disease,North,18-34
1677,71,Female,Low,Diabetes,East,65-90
1678,59,Male,Low,Diabetes,East,50-64
1679,38,Female,High,Hypertension,West,35-49
1680,47,Male,High,Hypertension,Central,35-49
1681,23,Female,Low,Hypertension,North,18-34
1682,33,Male,Medium,Cardiovascular Disease,North,18-34
1683,42,Male,High,Diabetes,South,35-49
1684,75,Female,High,No Major Chronic Condition,South,65-90
1685,40,Male,Medium,Diabetes,Central,35-49
1686,64,Female,Low,Diabetes,South,50-64
1687,42,Male,High,Diabetes,West,35-49
1688,57,Male,Low,No Major Chronic Condition,North,50-64
1689,49,Female,Low,Cardiovascular Disease,North,35-49
1690,69,Female,Low,Diabetes,West,65-90
1691,42,Female,Medium,Diabetes,West,35-49
1692,22,Female,Low,Hypertension,North,18-34
1693,26,Male,Medium,No Major Chronic Condition,Central,18-34
1694,42,Female,High,Respiratory Disease,North,35-49
1695,28,Male,Medium,Hypertension,Central,18-34
1696,60,Male,High,Hypertension,North,50-64
1697,43,Male,High,Diabetes,North,35-49
1698,90,Male,Medium,Cardiovascular Disease,Central,65-90
1699,19,Female,Medium,Cardiovascular Disease,North,18-34
1700,56,Male,High,Chronic Kidney Disease,East,50-64
1701,31,Male,Medium,Diabetes,West,18-34
1702,43,Male,Low,Diabetes,North,35-49
1703,55,Female,High,Respiratory Disease,West,50-64
1704,18,Female,Medium,No Major Chronic Condition,East,18-34
1705,56,Male,High,Cardiovascular Disease,South,50-64
1706,88,Male,Medium,No Major Chronic Condition,North,65-90
1707,43,Female,Low,No Major Chronic Condition,South,35-49
1708,57,Male,Medium,No Major Chronic Condition,South,50-64
1709,71,Female,Medium,Hypertension,South,65-90
1710,49,Male,Medium,No Major Chronic Condition,West,35-49
1711,41,Female,High,Chronic Kidney Disease,South,35-49
1712,18,Female,Medium,Respiratory Disease,South,18-34
1713,64,Female,Low,Respiratory Disease,West,50-64
1714,50,Female,Medium,Diabetes,East,50-64
1715,33,Female,Low,Respiratory Disease,Central,18-34
1716,54,Female,Medium,No Major Chronic Condition,East,50-64
1717,41,Female,Low,No Major Chronic Condition,Central,35-49
1718,42,Male,Low,Cardiovascular Disease,Central,35-49
1719,64,Male,High,No Major Chronic Condition,South,50-64
1720,27,Male,Low,Diabetes,East,18-34
1721,72,Female,Medium,No Major Chronic Condition,North,65-90
1722,25,Female,Medium,Respiratory Disease,East,18-34
1723,39,Male,Low,Chronic Kidney Disease,South,35-49
1724,89,Male,High,Respiratory Disease,East,65-90
1725,73,Male,Low,No Major Chronic Condition,North,65-90
1726,54,Male,Medium,Diabetes,Central,50-64
1727,34,Male,Medium,Cardiovascular Disease,North,18-34
1728,42,Male,Medium,No Major Chronic Condition,West,35-49
1729,53,Female,Low,Diabetes,Central,50-64
1730,53,Male,High,Respiratory Disease,North,50-64
1731,50,Male,High,Cardiovascular Disease,South,50-64
1732,51,Male,Medium,No Major Chronic Condition,East,50-64
1733,48,Female,Medium,No Major Chronic Condition,Central,35-49
1734,25,Female,Medium,Hypertension,Central,18-34
1735,42,Female,Medium,Chronic Kidney Disease,South,35-49
1736,69,Female,Medium,Respiratory Disease,Central,65-90
1737,26,Male,Low,Chronic Kidney Disease,South,18-34
1738,48,Male,Medium,Hypertension,South,35-49
1739,36,Female,Low,Hypertension,East,35-49
1740,54,Male,Low,Respiratory Disease,West,50-64
1741,45,Female,Medium,Diabetes,North,35-49
1742,80,Male,Low,Chronic Kidney Disease,West,65-90
1743,62,Female,Medium,Diabetes,North,50-64
1744,27,Male,Medium,No Major Chronic Condition,South,18-34
1745,65,Male,Low,No Major Chronic Condition,Central,65-90
1746,37,Male,Low,Respiratory Disease,West,35-49
1747,41,Male,Low,No Major Chronic Condition,East,35-49
1748,58,Female,Medium,No Major Chronic Condition,West,50-64
1749,43,Male,Low,No Major Chronic Condition,South,35-49
1750,69,Female,Medium,Respiratory Disease,North,65-90
1751,37,Female,Medium,Cardiovascular Disease,East,35-49
1752,40,Male,Medium,No Major Chronic Condition,Central,35-49
1753,40,Male,Low,Chronic Kidney Disease,South,35-49
1754,41,Male,Low,Cardiovascular Disease,North,35-49
1755,73,Female,Low,Cardiovascular Disease,West,65-90
1756,64,Male,Low,Hypertension,East,50-64
1757,84,Female,High,No Major Chronic Condition,South,65-90
1758,90,Male,Low,No Major Chronic Condition,East,65-90
1759,32,Male,Low,Diabetes,Central,18-34
1760,53,Male,High,Diabetes,South,50-64
1761,30,Male,High,No Major Chronic Condition,South,18-34
1762,37,Male,Medium,Diabetes,East,35-49
1763,40,Female,Medium,Chronic Kidney Disease,East,35-49
1764,32,Male,Low,Cardiovascular Disease,North,18-34
1765,32,Male,High,Cardiovascular Disease,East,18-34
1766,49,Female,Medium,Diabetes,East,35-49
1767,29,Female,Medium,Diabetes,East,18-34
1768,68,Female,Low,Respiratory Disease,South,65-90
1769,35,Male,Medium,Hypertension,South,35-49
1770,90,Male,Medium,No Major Chronic Condition,South,65-90
1771,43,Male,Low,No Major Chronic Condition,West,35-49
1772,53,Female,Medium,No Major Chronic Condition,East,50-64
1773,27,Female,Low,Cardiovascular Disease,South,18-34
1774,84,Unknown,Medium,Cardiovascular Disease,East,65-90
1775,73,Female,Low,Diabetes,South,65-90
1776,58,Female,High,Chronic Kidney Disease,Central,50-64
1777,26,Female,Medium,Cardiovascular Disease,West,18-34
1778,56,Female,Medium,No Major Chronic Condition,North,50-64
1779,31,Female,Medium,Respiratory Disease,North,18-34
1780,80,Male,Medium,Diabetes,North,65-90
1781,67,Female,Low,Cardiovascular Disease,North,65-90
1782,54,Female,Medium,Chronic Kidney Disease,East,50-64
1783,18,Male,Low,No Major Chronic Condition,North,18-34
1784,33,Male,Low,Hypertension,West,18-34
1785,65,Male,High,Chronic Kidney Disease,East,65-90
1786,75,Male,Low,Diabetes,North,65-90
1787,73,Male,High,No Major Chronic Condition,North,65-90
1788,22,Male,High,Respiratory Disease,North,18-34
1789,58,Male,Medium,No Major Chronic Condition,East,50-64
1790,71,Female,Low,Hypertension,East,65-90
1791,20,Male,Medium,No Major Chronic Condition,South,18-34
1792,52,Female,High,Chronic Kidney Disease,North,50-64
1793,57,Female,Medium,Diabetes,Central,50-64
1794,46,Female,Low,Respiratory Disease,South,35-49
1795,18,Female,Low,Hypertension,South,18-34
1796,46,Female,Medium,No Major Chronic Condition,South,35-49
1797,46,Male,Low,No Major Chronic Condition,North,35-49
1798,49,Female,Low,Cardiovascular Disease,West,35-49
1799,41,Female,Medium,Hypertension,West,35-49
1800,44,Female,Medium,No Major Chronic Condition,North,35-49
1801,51,Female,Low,No Major Chronic Condition,South,50-64
1802,60,Male,High,Cardiovascular Disease,East,50-64
1803,46,Female,Low,Chronic Kidney Disease,South,35-49
1804,44,Female,Low,Hypertension,Central,35-49
1805,54,Female,Low,Hypertension,East,50-64
1806,18,Female,Low,No Major Chronic Condition,Central,18-34
1807,61,Female,Medium,Chronic Kidney Disease,South,50-64
1808,52,Female,Low,Diabetes,East,50-64
1809,53,Male,High,Cardiovascular Disease,South,50-64
1810,70,Male,High,Hypertension,Central,65-90
1811,18,Male,Low,Hypertension,East,18-34
1812,18,Female,Medium,No Major Chronic Condition,West,18-34
1813,57,Female,Medium,Diabetes,North,50-64
1814,52,Male,High,Hypertension,East,50-64
1815,55,Female,Low,No Major Chronic Condition,East,50-64
1816,43,Male,Medium,Diabetes,South,35-49
1817,65,Male,Low,Hypertension,West,65-90
1818,70,Female,Low,Respiratory Disease,East,65-90
1819,61,Female,High,Hypertension,East,50-64
1820,47,Male,Low,Cardiovascular Disease,South,35-49
1821,18,Male,Medium,Respiratory Disease,West,18-34
1822,67,Male,Low,No Major Chronic Condition,North,65-90
1823,75,Female,High,No Major Chronic Condition,East,65-90
1824,64,Male,Medium,Diabetes,Central,50-64
1825,35,Female,Low,Respiratory Disease,South,35-49
1826,65,Female,Medium,Respiratory Disease,Central,65-90
1827,68,Male,Low,Hypertension,Central,65-90
1828,82,Male,Low,Hypertension,South,65-90
1829,35,Female,Medium,Respiratory Disease,North,35-49
1830,48,Female,High,Cardiovascular Disease,West,35-49
1831,66,Female,Medium,No Major Chronic Condition,Central,65-90
1832,53,Female,Low,Diabetes,South,50-64
1833,31,Female,Low,Diabetes,Central,18-34
1834,60,Male,Medium,No Major Chronic Condition,South,50-64
1835,63,Female,Low,No Major Chronic Condition,South,50-64
1836,54,Male,Medium,Cardiovascular Disease,Central,50-64
1837,56,Female,Medium,No Major Chronic Condition,South,50-64
1838,47,Female,High,No Major Chronic Condition,West,35-49
1839,80,Female,Medium,Hypertension,North,65-90
1840,35,Female,High,Respiratory Disease,South,35-49
1841,41,Male,Medium,Chronic Kidney Disease,Central,35-49
1842,52,Male,Medium,Hypertension,South,50-64
1843,69,Male,Low,No Major Chronic Condition,West,65-90
1844,24,Female,Medium,No Major Chronic Condition,Central,18-34
1845,27,Male,Low,Cardiovascular Disease,West,18-34
1846,18,Male,Low,Diabetes,Central,18-34
1847,53,Female,Medium,No Major Chronic Condition,Central,50-64
1848,31,Male,Low,Cardiovascular Disease,North,18-34
1849,45,Male,High,Diabetes,East,35-49
1850,65,Male,High,Chronic Kidney Disease,South,65-90
1851,40,Male,Medium,Chronic Kidney Disease,West,35-49
1852,56,Male,Medium,Diabetes,West,50-64
1853,46,Female,Low,Hypertension,South,35-49
1854,65,Male,Low,No Major Chronic Condition,West,65-90
1855,61,Male,Low,No Major Chronic Condition,South,50-64
1856,39,Female,Medium,Cardiovascular Disease,West,35-49
1857,49,Male,High,Diabetes,South,35-49
1858,72,Female,Low,Hypertension,South,65-90
1859,59,Female,Low,Cardiovascular Disease,West,50-64
1860,25,Male,Low,Hypertension,East,18-34
1861,64,Male,Medium,Respiratory Disease,Central,50-64
1862,31,Male,Low,Diabetes,West,18-34
1863,79,Male,Medium,No Major Chronic Condition,Central,65-90
1864,71,Female,Low,No Major Chronic Condition,West,65-90
1865,58,Male,Low,No Major Chronic Condition,Central,50-64
1866,55,Male,Medium,Hypertension,North,50-64
1867,48,Male,High,Respiratory Disease,West,35-49
1868,65,Female,Low,Hypertension,North,65-90
1869,45,Female,Low,Hypertension,East,35-49
1870,56,Male,Low,Chronic Kidney Disease,Central,50-64
1871,69,Female,Medium,No Major Chronic Condition,West,65-90
1872,41,Female,Medium,No Major Chronic Condition,East,35-49
1873,40,Male,Medium,Hypertension,West,35-49
1874,29,Male,Medium,Respiratory Disease,North,18-34
1875,32,Male,High,Hypertension,Central,18-34
1876,18,Male,Low,Respiratory Disease,South,18-34
1877,66,Male,Low,Hypertension,North,65-90
1878,86,Female,Medium,No Major Chronic Condition,North,65-90
1879,79,Male,Medium,No Major Chronic Condition,Central,65-90
1880,21,Male,Low,Hypertension,East,18-34
1881,66,Male,High,No Major Chronic Condition,East,65-90
1882,79,Female,Medium,No Major Chronic Condition,South,65-90
1883,43,Female,High,Respiratory Disease,North,35-49
1884,54,Male,High,Cardiovascular Disease,North,50-64
1885,18,Male,Medium,Hypertension,North,18-34
1886,57,Male,High,Hypertension,East,50-64
1887,32,Male,Medium,Diabetes,North,18-34
1888,56,Male,Medium,Chronic Kidney Disease,South,50-64
1889,22,Female,Medium,Hypertension,East,18-34
1890,62,Male,High,Cardiovascular Disease,East,50-64
1891,71,Male,Medium,No Major Chronic Condition,Central,65-90
1892,37,Female,Medium,Chronic Kidney Disease,North,35-49
1893,30,Female,Low,Diabetes,East,18-34
1894,18,Male,High,Chronic Kidney Disease,North,18-34
1895,47,Male,Medium,Hypertension,Central,35-49
1896,41,Female,Medium,No Major Chronic Condition,Central,35-49
1897,23,Female,Medium,Diabetes,North,18-34
1898,61,Female,Medium,Diabetes,North,50-64
1899,43,Male,Low,No Major Chronic Condition,North,35-49
1900,32,Male,Medium,Hypertension,North,18-34
1901,41,Female,Low,Diabetes,North,35-49
1902,72,Male,Low,Hypertension,North,65-90
1903,63,Female,Low,Hypertension,North,50-64
1904,50,Female,Medium,No Major Chronic Condition,North,50-64
1905,64,Female,Low,Diabetes,South,50-64
1906,30,Male,Low,Diabetes,South,18-34
1907,53,Male,High,No Major Chronic Condition,South,50-64
1908,55,Unknown,Medium,Hypertension,Central,50-64
1909,43,Male,High,Diabetes,South,35-49
1910,60,Male,Medium,Diabetes,South,50-64
1911,37,Male,Low,No Major Chronic Condition,Central,35-49
1912,62,Male,Medium,Cardiovascular Disease,South,50-64
1913,62,Male,Medium,Respiratory Disease,North,50-64
1914,18,Female,High,Respiratory Disease,East,18-34
1915,75,Female,Low,Cardiovascular Disease,South,65-90
1916,18,Male,High,No Major Chronic Condition,East,18-34
1917,40,Male,Medium,No Major Chronic Condition,West,35-49
1918,71,Male,High,Respiratory Disease,East,65-90
1919,46,Male,Low,No Major Chronic Condition,West,35-49
1920,24,Male,Medium,Diabetes,South,18-34
1921,31,Male,Low,Cardiovascular Disease,North,18-34
1922,72,Male,High,Respiratory Disease,South,65-90
1923,18,Female,Low,Hypertension,South,18-34
1924,73,Male,Medium,Diabetes,West,65-90
1925,51,Male,Medium,Diabetes,West,50-64
1926,29,Female,Medium,Hypertension,South,18-34
1927,41,Female,Medium,No Major Chronic Condition,Central,35-49
1928,33,Male,Medium,Diabetes,South,18-34
1929,68,Male,Low,Respiratory Disease,Central,65-90
1930,66,Female,Medium,Diabetes,North,65-90
1931,19,Female,Medium,Respiratory Disease,West,18-34
1932,44,Female,Medium,Hypertension,East,35-49
1933,36,Female,Low,Diabetes,East,35-49
1934,77,Male,Medium,Cardiovascular Disease,West,65-90
1935,26,Male,High,Hypertension,East,18-34
1936,82,Male,High,Hypertension,East,65-90
1937,51,Female,High,Respiratory Disease,Central,50-64
1938,30,Female,Medium,No Major Chronic Condition,North,18-34
1939,39,Female,Low,Respiratory Disease,East,35-49
1940,37,Male,Medium,Cardiovascular Disease,West,35-49
1941,28,Male,Low,Respiratory Disease,South,18-34
1942,54,Female,Medium,Cardiovascular Disease,South,50-64
1943,29,Male,Low,Respiratory Disease,North,18-34
1944,18,Female,High,Respiratory Disease,South,18-34
1945,45,Female,Low,Cardiovascular Disease,West,35-49
1946,18,Male,Low,No Major Chronic Condition,East,18-34
1947,38,Female,High,Hypertension,North,35-49
1948,35,Male,Low,Diabetes,East,35-49
1949,35,Female,Low,Respiratory Disease,South,35-49
1950,90,Male,Medium,No Major Chronic Condition,Central,65-90
1951,53,Female,High,No Major Chronic Condition,West,50-64
1952,57,Female,Low,Hypertension,North,50-64
1953,18,Female,Medium,Respiratory Disease,South,18-34
1954,40,Male,Low,No Major Chronic Condition,Central,35-49
1955,56,Male,Medium,Diabetes,East,50-64
1956,33,Male,Low,Cardiovascular Disease,South,18-34
1957,69,Female,Medium,Hypertension,East,65-90
1958,29,Female,Medium,No Major Chronic Condition,South,18-34
1959,47,Female,High,Hypertension,Central,35-49
1960,41,Male,Medium,Chronic Kidney Disease,Central,35-49
1961,55,Female,Medium,Diabetes,North,50-64
1962,40,Female,Medium,Diabetes,West,35-49
1963,47,Male,Low,Diabetes,West,35-49
1964,48,Male,Low,Hypertension,South,35-49
1965,38,Female,Medium,No Major Chronic Condition,Central,35-49
1966,61,Female,Low,Diabetes,South,50-64
1967,57,Female,Low,Diabetes,South,50-64
1968,50,Male,Medium,No Major Chronic Condition,Central,50-64
1969,44,Female,Low,Hypertension,West,35-49
1970,67,Male,Low,Respiratory Disease,South,65-90
1971,48,Female,Medium,Diabetes,East,35-49
1972,46,Male,Medium,No Major Chronic Condition,West,35-49
1973,54,Male,Low,Cardiovascular Disease,West,50-64
1974,84,Female,Medium,Diabetes,South,65-90
1975,27,Female,Low,Respiratory Disease,East,18-34
1976,67,Female,High,Hypertension,West,65-90
1977,18,Male,Medium,Hypertension,West,18-34
1978,56,Male,Medium,Cardiovascular Disease,South,50-64
1979,82,Male,Medium,Cardiovascular Disease,Central,65-90
1980,61,Female,Medium,Respiratory Disease,North,50-64
1981,55,Female,Medium,Diabetes,West,50-64
1982,41,Male,Medium,No Major Chronic Condition,South,35-49
1983,53,Male,High,Diabetes,Central,50-64
1984,47,Male,High,Chronic Kidney Disease,Central,35-49
1985,37,Male,Medium,Diabetes,Central,35-49
1986,46,Male,High,Cardiovascular Disease,South,35-49
1987,56,Male,Low,Respiratory Disease,West,50-64
1988,37,Male,Medium,Respiratory Disease,South,35-49
1989,37,Male,Medium,No Major Chronic Condition,South,35-49
1990,26,Male,Low,Cardiovascular Disease,Central,18-34
1991,59,Male,High,No Major Chronic Condition,West,50-64
1992,62,Female,High,No Major Chronic Condition,West,50-64
1993,56,Male,High,No Major Chronic Condition,North,50-64
1994,70,Male,Medium,Hypertension,East,65-90
1995,54,Female,Medium,Diabetes,North,50-64
1996,59,Male,Medium,Chronic Kidney Disease,North,50-64
1997,58,Female,Low,Hypertension,Central,50-64
1998,50,Female,High,No Major Chronic Condition,East,50-64
1999,42,Female,Low,Diabetes,North,35-49
2000,90,Male,High,No Major Chronic Condition,East,65-90
2001,43,Male,Medium,Diabetes,South,35-49
2002,39,Male,Low,No Major Chronic Condition,North,35-49
2003,60,Female,Low,Respiratory Disease,West,50-64
2004,57,Male,Medium,Diabetes,North,50-64
2005,25,Female,Low,Cardiovascular Disease,North,18-34
2006,73,Female,High,Cardiovascular Disease,South,65-90
2007,50,Female,Low,No Major Chronic Condition,West,50-64
2008,31,Male,Medium,Cardiovascular Disease,North,18-34
2009,75,Female,Low,Respiratory Disease,South,65-90
2010,64,Male,Low,Hypertension,Central,50-64
2011,28,Male,Low,Chronic Kidney Disease,East,18-34
2012,86,Female,High,Diabetes,North,65-90
2013,65,Male,Medium,No Major Chronic Condition,Central,65-90
2014,52,Female,High,Respiratory Disease,East,50-64
2015,82,Female,Medium,No Major Chronic Condition,West,65-90
2016,55,Female,Low,No Major Chronic Condition,North,50-64
2017,51,Male,Low,Hypertension,North,50-64
2018,39,Male,Medium,Hypertension,North,35-49
2019,63,Male,Low,Hypertension,East,50-64
2020,61,Male,Low,Hypertension,South,50-64
2021,52,Female,Medium,Diabetes,South,50-64
2022,37,Male,Low,No Major Chronic Condition,South,35-49
2023,54,Female,Medium,Cardiovascular Disease,South,50-64
2024,51,Female,Medium,Respiratory Disease,South,50-64
2025,27,Male,Medium,Cardiovascular Disease,North,18-34
2026,24,Female,Medium,Diabetes,East,18-34
2027,63,Female,Medium,Cardiovascular Disease,Central,50-64
2028,18,Female,Medium,Hypertension,Central,18-34
2029,56,Female,Low,No Major Chronic Condition,North,50-64
2030,43,Male,Low,Chronic Kidney Disease,South,35-49
2031,77,Female,Low,Diabetes,South,65-90
2032,43,Male,Medium,Chronic Kidney Disease,East,35-49
2033,65,Female,Medium,Respiratory Disease,South,65-90
2034,44,Male,Medium,Diabetes,Central,35-49
2035,54,Male,Low,Diabetes,Central,50-64
2036,66,Male,Low,Diabetes,South,65-90
2037,43,Male,Low,No Major Chronic Condition,South,35-49
2038,71,Male,High,No Major Chronic Condition,East,65-90
2039,33,Male,Low,Respiratory Disease,West,18-34
2040,58,Male,Medium,Diabetes,West,50-64
2041,70,Female,Low,Hypertension,North,65-90
2042,65,Female,Medium,Cardiovascular Disease,North,65-90
2043,88,Male,Medium,Hypertension,West,65-90
2044,37,Female,Low,Respiratory Disease,East,35-49
2045,26,Female,Medium,Diabetes,West,18-34
2046,33,Male,Medium,Diabetes,South,18-34
2047,65,Female,Medium,Respiratory Disease,North,65-90
2048,61,Female,High,Hypertension,North,50-64
2049,54,Male,High,Chronic Kidney Disease,West,50-64
2050,31,Female,Medium,No Major Chronic Condition,South,18-34
2051,67,Female,High,Respiratory Disease,North,65-90
2052,29,Female,High,No Major Chronic Condition,South,18-34
2053,74,Female,Medium,Respiratory Disease,Central,65-90
2054,90,Female,Medium,No Major Chronic Condition,East,65-90
2055,59,Male,Medium,Respiratory Disease,Central,50-64
2056,63,Female,Medium,No Major Chronic Condition,Central,50-64
2057,43,Unknown,Medium,Hypertension,North,35-49
2058,18,Male,High,Cardiovascular Disease,Central,18-34
2059,41,Female,High,Hypertension,South,35-49
2060,31,Female,Low,Respiratory Disease,West,18-34
2061,25,Female,Medium,Hypertension,South,18-34
2062,85,Female,Medium,No Major Chronic Condition,East,65-90
2063,57,Female,High,Respiratory Disease,West,50-64
2064,59,Female,Medium,Hypertension,North,50-64
2065,46,Male,Low,Cardiovascular Disease,South,35-49
2066,49,Male,Low,No Major Chronic Condition,South,35-49
2067,70,Male,Low,No Major Chronic Condition,North,65-90
2068,51,Female,Low,Respiratory Disease,East,50-64
2069,62,Male,Low,Diabetes,West,50-64
2070,48,Male,Low,No Major Chronic Condition,South,35-49
2071,45,Female,High,No Major Chronic Condition,North,35-49
2072,25,Male,Medium,No Major Chronic Condition,Central,18-34
2073,18,Male,Medium,Chronic Kidney Disease,East,18-34
2074,47,Female,Medium,Diabetes,West,35-49
2075,53,Male,Low,No Major Chronic Condition,North,50-64
2076,28,Female,Medium,Diabetes,East,18-34
2077,51,Female,High,Diabetes,West,50-64
2078,53,Female,Medium,Respiratory Disease,North,50-64
2079,18,Female,Medium,Cardiovascular Disease,East,18-34
2080,35,Male,Low,No Major Chronic Condition,North,35-49
2081,60,Male,Medium,Respiratory Disease,North,50-64
2082,59,Female,Medium,Diabetes,East,50-64
2083,30,Male,Low,Respiratory Disease,East,18-34
2084,55,Male,Medium,No Major Chronic Condition,East,50-64
2085,71,Male,Medium,No Major Chronic Condition,East,65-90
2086,67,Male,Low,Diabetes,East,65-90
2087,50,Male,Low,Hypertension,East,50-64
2088,43,Male,Medium,Diabetes,South,35-49
2089,40,Female,Low,No Major Chronic Condition,South,35-49
2090,61,Male,Medium,Respiratory Disease,South,50-64
2091,56,Female,High,Cardiovascular Disease,Central,50-64
2092,64,Female,Medium,Hypertension,South,50-64
2093,55,Female,Low,No Major Chronic Condition,South,50-64
2094,68,Female,Medium,No Major Chronic Condition,East,65-90
2095,54,Male,Medium,Cardiovascular Disease,West,50-64
2096,67,Male,Medium,Diabetes,West,65-90
2097,69,Female,High,Cardiovascular Disease,West,65-90
2098,37,Male,Medium,No Major Chronic Condition,South,35-49
2099,18,Female,Low,Respiratory Disease,North,18-34
2100,81,Male,Medium,No Major Chronic Condition,West,65-90
2101,57,Female,High,Hypertension,Central,50-64
2102,19,Female,Medium,Hypertension,Central,18-34
2103,38,Male,High,Diabetes,Central,35-49
2104,67,Male,Medium,Hypertension,South,65-90
2105,47,Female,High,Diabetes,North,35-49
2106,42,Female,Medium,Cardiovascular Disease,West,35-49
2107,79,Female,High,Hypertension,West,65-90
2108,32,Male,High,No Major Chronic Condition,South,18-34
2109,37,Female,High,Hypertension,East,35-49
2110,56,Female,High,Hypertension,Central,50-64
2111,59,Male,Medium,Diabetes,North,50-64
2112,61,Male,Medium,Hypertension,South,50-64
2113,69,Female,Medium,Chronic Kidney Disease,South,65-90
2114,56,Male,Medium,Respiratory Disease,South,50-64
2115,61,Female,Medium,Respiratory Disease,West,50-64
2116,47,Female,Medium,No Major Chronic Condition,West,35-49
2117,53,Male,Medium,Hypertension,South,50-64
2118,54,Female,Medium,Cardiovascular Disease,Central,50-64
2119,56,Female,High,Diabetes,South,50-64
2120,67,Male,Medium,Hypertension,East,65-90
2121,63,Male,Medium,Hypertension,West,50-64
2122,53,Male,High,Chronic Kidney Disease,Central,50-64
2123,37,Male,Medium,No Major Chronic Condition,South,35-49
2124,53,Female,Medium,Hypertension,East,50-64
2125,51,Male,Medium,Hypertension,West,50-64
2126,56,Female,Medium,No Major Chronic Condition,Central,50-64
2127,90,Male,Medium,No Major Chronic Condition,West,65-90
2128,42,Female,Low,Chronic Kidney Disease,Central,35-49
2129,60,Female,Low,Cardiovascular Disease,North,50-64
2130,72,Female,High,Hypertension,South,65-90
2131,54,Male,High,Chronic Kidney Disease,South,50-64
2132,90,Female,Medium,Diabetes,East,65-90
2133,45,Male,High,Respiratory Disease,West,35-49
2134,58,Male,Medium,Diabetes,East,50-64
2135,37,Male,Low,Respiratory Disease,North,35-49
2136,45,Female,Medium,Respiratory Disease,West,35-49
2137,57,Female,Low,Diabetes,North,50-64
2138,68,Male,Low,Cardiovascular Disease,North,65-90
2139,58,Male,High,Diabetes,West,50-64
2140,76,Female,Medium,No Major Chronic Condition,West,65-90
2141,50,Male,Low,No Major Chronic Condition,South,50-64
2142,46,Female,Medium,Hypertension,East,35-49
2143,90,Female,Medium,Diabetes,East,65-90
2144,59,Female,Medium,No Major Chronic Condition,North,50-64
2145,38,Female,Low,No Major Chronic Condition,East,35-49
2146,39,Female,Medium,No Major Chronic Condition,North,35-49
2147,34,Male,Medium,Hypertension,West,18-34
2148,70,Female,Medium,Diabetes,West,65-90
2149,45,Male,High,No Major Chronic Condition,South,35-49
2150,54,Male,Medium,Cardiovascular Disease,South,50-64
2151,51,Male,High,Hypertension,North,50-64
2152,66,Female,High,No Major Chronic Condition,Central,65-90
2153,36,Male,Low,Chronic Kidney Disease,West,35-49
2154,32,Female,Low,Diabetes,West,18-34
2155,56,Male,Medium,No Major Chronic Condition,East,50-64
2156,63,Female,High,Respiratory Disease,West,50-64
2157,58,Male,Low,Diabetes,East,50-64
2158,37,Female,Low,Diabetes,South,35-49
2159,65,Male,Medium,Respiratory Disease,South,65-90
2160,38,Female,High,Respiratory Disease,South,35-49
2161,42,Female,Low,Diabetes,South,35-49
2162,34,Male,Medium,Respiratory Disease,South,18-34
2163,77,Female,Low,Cardiovascular Disease,South,65-90
2164,64,Male,High,Cardiovascular Disease,East,50-64
2165,63,Male,Medium,No Major Chronic Condition,North,50-64
2166,76,Male,Medium,Hypertension,North,65-90
2167,90,Male,High,No Major Chronic Condition,West,65-90
2168,20,Male,Medium,Hypertension,East,18-34
2169,38,Male,High,Diabetes,South,35-49
2170,40,Female,Low,Diabetes,Central,35-49
2171,36,Male,Low,No Major Chronic Condition,East,35-49
2172,32,Male,Medium,Diabetes,South,18-34
2173,46,Female,Low,Hypertension,South,35-49
2174,29,Female,High,Hypertension,South,18-34
2175,58,Female,Medium,Respiratory Disease,South,50-64
2176,53,Male,Low,Hypertension,Central,50-64
2177,61,Unknown,Medium,Diabetes,Central,50-64
2178,62,Male,Medium,Cardiovascular Disease,South,50-64
2179,63,Male,Medium,No Major Chronic Condition,South,50-64
2180,45,Male,Low,No Major Chronic Condition,North,35-49
2181,90,Female,High,No Major Chronic Condition,West,65-90
2182,56,Male,Medium,Hypertension,Central,50-64
2183,18,Male,High,Diabetes,South,18-34
2184,33,Female,Medium,Diabetes,Central,18-34
2185,19,Female,Medium,No Major Chronic Condition,South,18-34
2186,52,Female,Low,No Major Chronic Condition,East,50-64
2187,50,Male,Medium,Respiratory Disease,North,50-64
2188,43,Female,Low,Cardiovascular Disease,East,35-49
2189,90,Female,High,Cardiovascular Disease,West,65-90
2190,62,Female,Low,Cardiovascular Disease,West,50-64
2191,66,Female,Medium,Hypertension,West,65-90
2192,34,Female,Medium,Cardiovascular Disease,North,18-34
2193,33,Male,Medium,Hypertension,South,18-34
2194,53,Female,Medium,Diabetes,West,50-64
2195,55,Male,Medium,Hypertension,East,50-64
2196,18,Female,Medium,No Major Chronic Condition,Central,18-34
2197,49,Female,High,No Major Chronic Condition,West,35-49
2198,52,Male,Medium,No Major Chronic Condition,East,50-64
2199,48,Male,Medium,No Major Chronic Condition,East,35-49
2200,37,Male,High,Diabetes,West,35-49
2201,42,Female,Low,Diabetes,North,35-49
2202,49,Female,Low,Diabetes,South,35-49
2203,54,Male,Low,Diabetes,North,50-64
2204,63,Female,Medium,No Major Chronic Condition,South,50-64
2205,73,Male,Medium,Diabetes,West,65-90
2206,46,Female,Low,No Major Chronic Condition,East,35-49
2207,43,Female,Low,Respiratory Disease,Central,35-49
2208,60,Male,Low,Diabetes,Central,50-64
2209,64,Male,Medium,No Major Chronic Condition,West,50-64
2210,44,Male,Low,No Major Chronic Condition,West,35-49
2211,67,Male,Medium,Respiratory Disease,North,65-90
2212,71,Female,High,Diabetes,South,65-90
2213,77,Male,Medium,Cardiovascular Disease,West,65-90
2214,86,Male,High,Respiratory Disease,South,65-90
2215,36,Female,High,No Major Chronic Condition,South,35-49
2216,52,Female,Medium,Hypertension,Central,50-64
2217,52,Male,Medium,No Major Chronic Condition,West,50-64
2218,50,Female,High,Hypertension,North,50-64
2219,40,Male,Medium,No Major Chronic Condition,West,35-49
2220,24,Female,Medium,Diabetes,West,18-34
2221,54,Male,Low,No Major Chronic Condition,Central,50-64
2222,37,Male,Medium,Diabetes,West,35-49
2223,54,Male,High,No Major Chronic Condition,North,50-64
2224,37,Male,Medium,No Major Chronic Condition,West,35-49
2225,31,Female,Medium,Hypertension,West,18-34
2226,56,Male,Medium,Diabetes,East,50-64
2227,55,Male,High,No Major Chronic Condition,West,50-64
2228,63,Male,Medium,No Major Chronic Condition,East,50-64
2229,90,Male,Medium,No Major Chronic Condition,Central,65-90
2230,57,Male,Medium,Hypertension,Central,50-64
2231,61,Male,Medium,Diabetes,South,50-64
2232,32,Male,High,Cardiovascular Disease,South,18-34
2233,28,Male,Low,Chronic Kidney Disease,North,18-34
2234,82,Male,High,Diabetes,South,65-90
2235,34,Female,Low,Diabetes,South,18-34
2236,32,Female,High,No Major Chronic Condition,East,18-34
2237,51,Male,Medium,Chronic Kidney Disease,North,50-64
2238,50,Female,Medium,Chronic Kidney Disease,West,50-64
2239,35,Female,Medium,No Major Chronic Condition,North,35-49
2240,46,Female,Medium,Cardiovascular Disease,South,35-49
2241,75,Male,Medium,Hypertension,North,65-90
2242,37,Male,Low,No Major Chronic Condition,South,35-49
2243,26,Male,Low,No Major Chronic Condition,North,18-34
2244,70,Male,Low,Diabetes,Central,65-90
2245,61,Male,Medium,Hypertension,South,50-64
2246,40,Female,Medium,Hypertension,Central,35-49
2247,22,Female,Low,Diabetes,North,18-34
2248,38,Female,Medium,Hypertension,North,35-49
2249,51,Female,Low,Diabetes,West,50-64
2250,74,Male,Low,Chronic Kidney Disease,East,65-90
2251,32,Female,Medium,Diabetes,North,18-34
2252,50,Male,Medium,No Major Chronic Condition,North,50-64
2253,65,Male,Low,Respiratory Disease,Central,65-90
2254,18,Female,High,Hypertension,South,18-34
2255,72,Male,Medium,No Major Chronic Condition,South,65-90
2256,30,Male,Medium,Respiratory Disease,Central,18-34
2257,58,Male,Low,No Major Chronic Condition,West,50-64
2258,57,Male,Medium,No Major Chronic Condition,West,50-64
2259,73,Male,High,No Major Chronic Condition,East,65-90
2260,62,Male,Medium,No Major Chronic Condition,West,50-64
2261,18,Male,Low,Chronic Kidney Disease,East,18-34
2262,37,Female,Medium,Hypertension,North,35-49
2263,55,Male,Medium,Respiratory Disease,East,50-64
2264,48,Female,Low,Respiratory Disease,Central,35-49
2265,61,Female,Medium,No Major Chronic Condition,South,50-64
2266,67,Female,Low,Cardiovascular Disease,East,65-90
2267,64,Female,High,Hypertension,South,50-64
2268,48,Female,Medium,Cardiovascular Disease,West,35-49
2269,18,Female,Medium,Cardiovascular Disease,East,18-34
2270,43,Female,High,Cardiovascular Disease,East,35-49
2271,60,Male,Medium,Respiratory Disease,North,50-64
2272,31,Male,Low,No Major Chronic Condition,South,18-34
2273,64,Male,Medium,Hypertension,South,50-64
2274,69,Female,Medium,No Major Chronic Condition,West,65-90
2275,54,Male,Medium,No Major Chronic Condition,South,50-64
2276,18,Female,High,Diabetes,South,18-34
2277,28,Female,Medium,Hypertension,South,18-34
2278,88,Female,High,No Major Chronic Condition,South,65-90
2279,42,Male,Low,No Major Chronic Condition,West,35-49
2280,18,Male,Low,Diabetes,West,18-34
2281,75,Male,Low,Respiratory Disease,West,65-90
2282,52,Male,Medium,Hypertension,South,50-64
2283,73,Male,Low,Respiratory Disease,West,65-90
2284,57,Male,Low,Diabetes,South,50-64
2285,61,Female,High,Hypertension,North,50-64
2286,59,Female,Low,Hypertension,West,50-64
2287,65,Male,Low,Cardiovascular Disease,North,65-90
2288,90,Male,Medium,Hypertension,North,65-90
2289,70,Female,Low,Chronic Kidney Disease,North,65-90
2290,22,Female,Low,No Major Chronic Condition,East,18-34
2291,60,Female,Low,Respiratory Disease,South,50-64
2292,74,Female,Low,No Major Chronic Condition,West,65-90
2293,75,Female,High,No Major Chronic Condition,South,65-90
2294,44,Male,Medium,Diabetes,South,35-49
2295,74,Female,Medium,Diabetes,East,65-90
2296,70,Female,Medium,Respiratory Disease,West,65-90
2297,90,Female,Medium,Chronic Kidney Disease,West,65-90
2298,38,Male,High,No Major Chronic Condition,South,35-49
2299,42,Female,Medium,Diabetes,West,35-49
2300,46,Female,Low,Hypertension,East,35-49
2301,43,Male,Low,No Major Chronic Condition,Central,35-49
2302,35,Male,Low,No Major Chronic Condition,East,35-49
2303,18,Female,High,Cardiovascular Disease,South,18-34
2304,44,Male,Medium,Cardiovascular Disease,West,35-49
2305,59,Female,Low,No Major Chronic Condition,North,50-64
2306,43,Male,Low,Cardiovascular Disease,West,35-49
2307,89,Female,High,No Major Chronic Condition,East,65-90
2308,52,Male,Medium,No Major Chronic Condition,North,50-64
2309,77,Male,Low,Hypertension,North,65-90
2310,57,Male,High,Hypertension,North,50-64
2311,68,Male,Medium,No Major Chronic Condition,North,65-90
2312,57,Female,Medium,Cardiovascular Disease,East,50-64
2313,78,Male,Medium,Diabetes,West,65-90
2314,53,Female,Medium,Cardiovascular Disease,North,50-64
2315,61,Female,Low,Respiratory Disease,North,50-64
2316,59,Male,High,Hypertension,West,50-64
2317,47,Unknown,Medium,Chronic Kidney Disease,South,35-49
2318,60,Male,Medium,Hypertension,West,50-64
2319,90,Male,Medium,Diabetes,North,65-90
2320,47,Male,High,Hypertension,West,35-49
2321,60,Male,Low,Cardiovascular Disease,West,50-64
2322,76,Male,Low,No Major Chronic Condition,North,65-90
2323,74,Male,Medium,Cardiovascular Disease,South,65-90
2324,52,Female,Low,No Major Chronic Condition,South,50-64
2325,18,Male,Medium,Diabetes,North,18-34
2326,62,Male,Medium,Hypertension,South,50-64
2327,18,Male,Low,Cardiovascular Disease,West,18-34
2328,80,Female,Low,No Major Chronic Condition,West,65-90
2329,55,Female,Medium,Respiratory Disease,South,50-64
2330,71,Female,Low,No Major Chronic Condition,West,65-90
2331,35,Female,Low,Hypertension,South,35-49
2332,23,Male,Medium,No Major Chronic Condition,North,18-34
2333,57,Female,Low,No Major Chronic Condition,North,50-64
2334,51,Female,Medium,No Major Chronic Condition,South,50-64
2335,43,Male,High,Hypertension,North,35-49
2336,54,Female,Medium,Diabetes,North,50-64
2337,90,Female,Medium,Respiratory Disease,South,65-90
2338,68,Male,Medium,Cardiovascular Disease,Central,65-90
2339,72,Male,High,No Major Chronic Condition,West,65-90
2340,68,Male,High,Diabetes,Central,65-90
2341,80,Male,High,Respiratory Disease,North,65-90
2342,48,Male,Low,Diabetes,Central,35-49
2343,18,Female,Low,Cardiovascular Disease,North,18-34
2344,48,Male,Low,Diabetes,South,35-49
2345,67,Male,Low,No Major Chronic Condition,North,65-90
2346,34,Male,Low,Diabetes,South,18-34
2347,49,Female,High,Respiratory Disease,South,35-49
2348,39,Female,Low,Diabetes,West,35-49
2349,81,Female,Low,Diabetes,West,65-90
2350,66,Male,High,Cardiovascular Disease,South,65-90
2351,64,Male,High,Diabetes,West,50-64
2352,64,Female,Low,Respiratory Disease,North,50-64
2353,51,Male,Low,Diabetes,North,50-64
2354,56,Male,High,Chronic Kidney Disease,North,50-64
2355,29,Male,High,No Major Chronic Condition,South,18-34
2356,18,Female,Medium,No Major Chronic Condition,North,18-34
2357,55,Male,Medium,Diabetes,North,50-64
2358,58,Male,Medium,Cardiovascular Disease,South,50-64
2359,75,Male,Medium,Diabetes,Central,65-90
2360,82,Male,Low,Cardiovascular Disease,Central,65-90
2361,82,Male,Medium,No Major Chronic Condition,Central,65-90
2362,33,Female,High,Diabetes,North,18-34
2363,45,Male,Medium,Hypertension,North,35-49
2364,61,Female,Low,No Major Chronic Condition,East,50-64
2365,90,Male,Medium,Cardiovascular Disease,East,65-90
2366,80,Male,Medium,Hypertension,South,65-90
2367,73,Male,Low,No Major Chronic Condition,West,65-90
2368,45,Male,Low,Diabetes,Central,35-49
2369,35,Female,Low,No Major Chronic Condition,South,35-49
2370,67,Female,High,Diabetes,Central,65-90
2371,31,Male,Low,No Major Chronic Condition,North,18-34
2372,47,Female,High,No Major Chronic Condition,East,35-49
2373,50,Female,Medium,Hypertension,North,50-64
2374,82,Male,High,No Major Chronic Condition,East,65-90
2375,45,Female,High,Diabetes,North,35-49
2376,18,Female,High,No Major Chronic Condition,East,18-34
2377,62,Female,High,Chronic Kidney Disease,North,50-64
2378,39,Male,Medium,Diabetes,South,35-49
2379,53,Female,Low,Respiratory Disease,West,50-64
2380,50,Male,Low,Diabetes,South,50-64
2381,47,Female,Medium,Respiratory Disease,East,35-49
2382,67,Female,Low,Respiratory Disease,Central,65-90
2383,23,Female,Medium,Cardiovascular Disease,Central,18-34
2384,42,Female,Low,No Major Chronic Condition,Central,35-49
2385,65,Male,Medium,No Major Chronic Condition,North,65-90
2386,40,Female,Low,Cardiovascular Disease,East,35-49
2387,21,Female,Low,Chronic Kidney Disease,West,18-34
2388,65,Female,Medium,Diabetes,Central,65-90
2389,73,Female,Medium,No Major Chronic Condition,South,65-90
2390,51,Male,High,No Major Chronic Condition,Central,50-64
2391,18,Female,Medium,No Major Chronic Condition,South,18-34
2392,65,Male,Medium,No Major Chronic Condition,West,65-90
2393,20,Female,Low,Hypertension,East,18-34
2394,58,Male,Low,Hypertension,South,50-64
2395,35,Male,Medium,Cardiovascular Disease,North,35-49
2396,30,Female,Low,Diabetes,North,18-34
2397,44,Unknown,High,Respiratory Disease,West,35-49
2398,49,Male,High,Hypertension,East,35-49
2399,40,Unknown,Low,Chronic Kidney Disease,South,35-49
2400,63,Male,Medium,Respiratory Disease,East,50-64
2401,44,Male,Medium,Hypertension,East,35-49
2402,71,Female,Low,Chronic Kidney Disease,North,65-90
2403,57,Male,Medium,Hypertension,South,50-64
2404,39,Female,Medium,Hypertension,South,35-49
2405,36,Male,High,Cardiovascular Disease,South,35-49
2406,21,Male,Low,Diabetes,Central,18-34
2407,58,Male,Medium,Hypertension,Central,50-64
2408,45,Male,Low,Hypertension,East,35-49
2409,18,Female,Low,Diabetes,South,18-34
2410,42,Male,Medium,Hypertension,West,35-49
2411,35,Female,Medium,Cardiovascular Disease,North,35-49
2412,82,Male,Medium,No Major Chronic Condition,East,65-90
2413,20,Male,High,Diabetes,Central,18-34
2414,25,Female,Low,Hypertension,Central,18-34
2415,73,Male,Medium,Diabetes,Central,65-90
2416,78,Female,Low,Diabetes,North,65-90
2417,38,Male,High,Hypertension,East,35-49
2418,40,Male,Low,Cardiovascular Disease,West,35-49
2419,64,Male,Low,No Major Chronic Condition,North,50-64
2420,18,Male,Medium,No Major Chronic Condition,West,18-34
2421,18,Female,Medium,No Major Chronic Condition,South,18-34
2422,47,Female,Medium,No Major Chronic Condition,Central,35-49
2423,81,Female,High,Diabetes,South,65-90
2424,44,Female,Medium,Diabetes,South,35-49
2425,54,Female,Medium,Cardiovascular Disease,Central,50-64
2426,74,Male,High,Respiratory Disease,West,65-90
2427,90,Male,Medium,Respiratory Disease,East,65-90
2428,41,Female,Low,Cardiovascular Disease,Central,35-49
2429,52,Male,High,No Major Chronic Condition,East,50-64
2430,87,Male,Medium,Cardiovascular Disease,East,65-90
2431,23,Female,Medium,No Major Chronic Condition,South,18-34
2432,72,Male,Medium,No Major Chronic Condition,West,65-90
2433,33,Female,Low,Cardiovascular Disease,East,18-34
2434,54,Male,High,Diabetes,East,50-64
2435,47,Male,Low,Hypertension,Central,35-49
2436,34,Female,High,Hypertension,South,18-34
2437,33,Female,High,No Major Chronic Condition,West,18-34
2438,57,Male,High,No Major Chronic Condition,West,50-64
2439,71,Female,Low,Diabetes,North,65-90
2440,50,Male,Medium,Diabetes,West,50-64
2441,53,Male,Low,No Major Chronic Condition,West,50-64
2442,63,Female,Medium,Respiratory Disease,East,50-64
2443,34,Male,Medium,No Major Chronic Condition,North,18-34
2444,66,Male,Medium,Hypertension,North,65-90
2445,68,Female,Medium,Diabetes,North,65-90
2446,90,Male,High,Hypertension,South,65-90
2447,45,Female,Low,Diabetes,East,35-49
2448,43,Male,Medium,Hypertension,East,35-49
2449,67,Female,Medium,Diabetes,East,65-90
2450,68,Female,Low,Cardiovascular Disease,South,65-90
2451,42,Male,Medium,No Major Chronic Condition,West,35-49
2452,44,Male,Medium,Diabetes,Central,35-49
2453,62,Female,Medium,No Major Chronic Condition,West,50-64
2454,36,Male,Medium,Diabetes,West,35-49
2455,44,Female,High,Respiratory Disease,South,35-49
2456,54,Female,High,Hypertension,Central,50-64
2457,71,Male,Low,No Major Chronic Condition,Central,65-90
2458,41,Male,Medium,Diabetes,Central,35-49
2459,18,Female,High,Cardiovascular Disease,East,18-34
2460,18,Male,Low,No Major Chronic Condition,South,18-34
2461,28,Male,Medium,Diabetes,East,18-34
2462,27,Male,Medium,No Major Chronic Condition,South,18-34
2463,49,Male,Low,Chronic Kidney Disease,South,35-49
2464,29,Female,Medium,Hypertension,South,18-34
2465,39,Female,Medium,Diabetes,Central,35-49
2466,37,Male,Low,No Major Chronic Condition,East,35-49
2467,44,Male,Low,No Major Chronic Condition,South,35-49
2468,77,Female,High,Diabetes,West,65-90
2469,65,Female,High,No Major Chronic Condition,South,65-90
2470,52,Female,Medium,No Major Chronic Condition,North,50-64
2471,43,Male,Medium,Respiratory Disease,West,35-49
2472,44,Male,Low,No Major Chronic Condition,South,35-49
2473,58,Male,High,Diabetes,South,50-64
2474,63,Female,Low,Cardiovascular Disease,East,50-64
2475,35,Male,High,No Major Chronic Condition,North,35-49
2476,53,Female,Medium,No Major Chronic Condition,South,50-64
2477,18,Female,Low,Hypertension,East,18-34
2478,56,Unknown,Medium,Respiratory Disease,Central,50-64
2479,66,Male,High,Hypertension,South,65-90
2480,47,Male,High,Hypertension,East,35-49
2481,87,Female,Medium,Diabetes,East,65-90
2482,35,Female,Low,Diabetes,West,35-49
2483,56,Male,Medium,Cardiovascular Disease,East,50-64
2484,51,Female,Medium,Hypertension,West,50-64
2485,50,Female,Medium,No Major Chronic Condition,Central,50-64
2486,50,Female,Low,No Major Chronic Condition,South,50-64
2487,54,Female,High,Cardiovascular Disease,West,50-64
2488,68,Female,Medium,Diabetes,South,65-90
2489,78,Male,Low,No Major Chronic Condition,West,65-90
2490,52,Female,Low,Diabetes,West,50-64
2491,67,Female,Low,Respiratory Disease,East,65-90
2492,39,Male,Medium,Hypertension,East,35-49
2493,67,Female,Low,No Major Chronic Condition,East,65-90
2494,38,Male,Medium,Hypertension,South,35-49
2495,73,Female,Low,No Major Chronic Condition,East,65-90
2496,90,Male,Low,No Major Chronic Condition,East,65-90
2497,50,Female,Low,No Major Chronic Condition,South,50-64
2498,18,Male,Medium,No Major Chronic Condition,South,18-34
2499,42,Male,Medium,No Major Chronic Condition,South,35-49
2500,75,Male,Medium,No Major Chronic Condition,West,65-90
2501,63,Male,Medium,Hypertension,South,50-64
2502,57,Female,Medium,No Major Chronic Condition,East,50-64
2503,71,Female,Medium,Diabetes,Central,65-90
2504,61,Male,Low,Hypertension,North,50-64
2505,75,Male,Medium,Cardiovascular Disease,South,65-90
2506,69,Female,Low,No Major Chronic Condition,Central,65-90
2507,81,Male,Medium,Hypertension,West,65-90
2508,59,Male,Medium,Respiratory Disease,South,50-64
2509,69,Male,Medium,Respiratory Disease,North,65-90
2510,46,Male,Medium,Chronic Kidney Disease,East,35-49
2511,41,Male,Medium,Diabetes,West,35-49
2512,84,Female,Low,Respiratory Disease,South,65-90
2513,56,Male,High,Respiratory Disease,West,50-64
2514,67,Female,Low,No Major Chronic Condition,South,65-90
2515,54,Female,Low,No Major Chronic Condition,East,50-64
2516,41,Male,Low,Hypertension,North,35-49
2517,52,Male,High,Hypertension,East,50-64
2518,79,Female,High,Chronic Kidney Disease,Central,65-90
2519,63,Male,Low,Cardiovascular Disease,North,50-64
2520,19,Female,Low,No Major Chronic Condition,East,18-34
2521,48,Female,Medium,No Major Chronic Condition,South,35-49
2522,86,Male,Low,Diabetes,South,65-90
2523,48,Male,Low,No Major Chronic Condition,North,35-49
2524,18,Female,Medium,Hypertension,East,18-34
2525,88,Female,Medium,No Major Chronic Condition,Central,65-90
2526,65,Male,Medium,Cardiovascular Disease,North,65-90
2527,51,Female,Medium,No Major Chronic Condition,South,50-64
2528,45,Male,Medium,Diabetes,South,35-49
2529,73,Female,Medium,Cardiovascular Disease,East,65-90
2530,42,Male,Low,Diabetes,North,35-49
2531,74,Female,Low,Chronic Kidney Disease,Central,65-90
2532,62,Female,High,No Major Chronic Condition,West,50-64
2533,57,Female,Low,No Major Chronic Condition,East,50-64
2534,55,Male,Medium,Chronic Kidney Disease,North,50-64
2535,49,Male,Low,Diabetes,East,35-49
2536,72,Male,Low,No Major Chronic Condition,West,65-90
2537,36,Female,Medium,Hypertension,East,35-49
2538,21,Female,Low,Respiratory Disease,West,18-34
2539,64,Male,Medium,Hypertension,West,50-64
2540,64,Female,Medium,No Major Chronic Condition,Central,50-64
2541,61,Male,Medium,Hypertension,South,50-64
2542,60,Female,Medium,Hypertension,West,50-64
2543,46,Male,Low,Diabetes,South,35-49
2544,67,Male,High,Respiratory Disease,East,65-90
2545,51,Female,High,Hypertension,East,50-64
2546,43,Female,Low,No Major Chronic Condition,South,35-49
2547,46,Male,Medium,No Major Chronic Condition,North,35-49
2548,90,Female,Medium,No Major Chronic Condition,South,65-90
2549,19,Male,Medium,Hypertension,North,18-34
2550,61,Male,Low,Chronic Kidney Disease,East,50-64
2551,20,Female,Low,Cardiovascular Disease,North,18-34
2552,50,Male,Low,No Major Chronic Condition,East,50-64
2553,44,Female,Low,Hypertension,South,35-49
2554,18,Male,Medium,Hypertension,North,18-34
2555,59,Female,High,Hypertension,East,50-64
2556,45,Male,Medium,Cardiovascular Disease,South,35-49
2557,18,Female,Medium,No Major Chronic Condition,East,18-34
2558,68,Female,Low,Hypertension,Central,65-90
2559,79,Female,Medium,Respiratory Disease,Central,65-90
2560,80,Female,Medium,Hypertension,East,65-90
2561,59,Male,High,Diabetes,East,50-64
2562,53,Female,Medium,No Major Chronic Condition,East,50-64
2563,77,Female,Medium,No Major Chronic Condition,South,65-90
2564,84,Female,Low,No Major Chronic Condition,South,65-90
2565,74,Female,High,Cardiovascular Disease,North,65-90
2566,34,Female,Low,No Major Chronic Condition,Central,18-34
2567,56,Female,Low,Respiratory Disease,North,50-64
2568,60,Male,Medium,Respiratory Disease,South,50-64
2569,18,Male,Low,Diabetes,North,18-34
2570,61,Male,Low,Diabetes,North,50-64
2571,90,Female,High,Diabetes,North,65-90
2572,64,Male,Low,No Major Chronic Condition,East,50-64
2573,80,Male,Low,No Major Chronic Condition,East,65-90
2574,55,Male,Low,Respiratory Disease,Central,50-64
2575,51,Female,Low,Diabetes,West,50-64
2576,59,Female,High,No Major Chronic Condition,West,50-64
2577,36,Female,Medium,Diabetes,East,35-49
2578,34,Female,High,No Major Chronic Condition,South,18-34
2579,76,Male,High,Hypertension,West,65-90
2580,78,Female,Medium,Chronic Kidney Disease,East,65-90
2581,33,Female,Medium,Diabetes,West,18-34
2582,70,Female,Medium,Hypertension,North,65-90
2583,50,Female,Medium,Cardiovascular Disease,South,50-64
2584,58,Female,Medium,Cardiovascular Disease,South,50-64
2585,61,Female,Medium,Diabetes,South,50-64
2586,71,Male,Medium,Respiratory Disease,West,65-90
2587,54,Female,Medium,Diabetes,West,50-64
2588,79,Male,Low,No Major Chronic Condition,Central,65-90
2589,58,Male,Medium,Cardiovascular Disease,West,50-64
2590,64,Male,Medium,Cardiovascular Disease,West,50-64
2591,36,Male,Medium,Respiratory Disease,West,35-49
2592,90,Female,Medium,No Major Chronic Condition,West,65-90
2593,61,Male,Medium,Diabetes,West,50-64
2594,66,Male,Medium,Chronic Kidney Disease,South,65-90
2595,21,Female,Low,No Major Chronic Condition,Central,18-34
2596,36,Female,Medium,Cardiovascular Disease,East,35-49
2597,76,Male,Low,Diabetes,South,65-90
2598,57,Female,Low,Hypertension,East,50-64
2599,18,Male,Low,No Major Chronic Condition,West,18-34
2600,72,Female,Medium,Diabetes,West,65-90
2601,42,Female,Medium,Diabetes,North,35-49
2602,79,Male,Low,No Major Chronic Condition,South,65-90
2603,50,Male,High,No Major Chronic Condition,West,50-64
2604,56,Male,Medium,Cardiovascular Disease,West,50-64
2605,74,Male,Medium,Diabetes,North,65-90
2606,35,Male,Medium,Respiratory Disease,West,35-49
2607,33,Female,Medium,No Major Chronic Condition,West,18-34
2608,48,Male,Medium,Hypertension,South,35-49
2609,68,Female,Low,Diabetes,South,65-90
2610,27,Female,Low,No Major Chronic Condition,South,18-34
2611,20,Male,Medium,No Major Chronic Condition,West,18-34
2612,68,Female,High,Cardiovascular Disease,Central,65-90
2613,41,Male,Medium,No Major Chronic Condition,Central,35-49
2614,45,Female,Medium,Respiratory Disease,West,35-49
2615,18,Female,Low,No Major Chronic Condition,South,18-34
2616,39,Female,Medium,Diabetes,North,35-49
2617,52,Male,High,Cardiovascular Disease,East,50-64
2618,70,Male,Medium,Chronic Kidney Disease,East,65-90
2619,37,Female,Medium,Cardiovascular Disease,West,35-49
2620,83,Female,Low,Hypertension,Central,65-90
2621,39,Female,Low,Chronic Kidney Disease,North,35-49
2622,39,Female,Low,Respiratory Disease,South,35-49
2623,81,Male,Medium,Hypertension,East,65-90
2624,56,Male,Medium,Cardiovascular Disease,South,50-64
2625,42,Female,Low,Chronic Kidney Disease,North,35-49
2626,49,Female,High,Respiratory Disease,East,35-49
2627,78,Male,High,Cardiovascular Disease,North,65-90
2628,80,Female,Medium,Hypertension,South,65-90
2629,36,Female,High,Diabetes,Central,35-49
2630,51,Male,High,No Major Chronic Condition,East,50-64
2631,54,Female,Low,No Major Chronic Condition,North,50-64
2632,33,Female,High,Respiratory Disease,West,18-34
2633,51,Female,Medium,Respiratory Disease,North,50-64
2634,52,Male,Low,Diabetes,South,50-64
2635,74,Female,Low,Cardiovascular Disease,Central,65-90
2636,75,Male,Medium,Cardiovascular Disease,West,65-90
2637,46,Female,High,Cardiovascular Disease,South,35-49
2638,48,Female,Medium,Hypertension,West,35-49
2639,65,Male,Medium,Diabetes,East,65-90
2640,41,Female,Low,No Major Chronic Condition,Central,35-49
2641,63,Female,High,Respiratory Disease,East,50-64
2642,50,Female,Low,No Major Chronic Condition,West,50-64
2643,34,Male,Medium,Chronic Kidney Disease,North,18-34
2644,34,Female,Medium,No Major Chronic Condition,South,18-34
2645,79,Male,Low,Hypertension,North,65-90
2646,49,Female,High,Diabetes,East,35-49
2647,83,Female,High,Respiratory Disease,East,65-90
2648,42,Female,Medium,Respiratory Disease,South,35-49
2649,58,Female,Medium,Diabetes,South,50-64
2650,90,Male,High,Respiratory Disease,East,65-90
2651,32,Female,Low,Diabetes,North,18-34
2652,18,Male,Low,Diabetes,Central,18-34
2653,76,Female,Medium,No Major Chronic Condition,West,65-90
2654,36,Male,Medium,Respiratory Disease,East,35-49
2655,52,Female,Medium,Hypertension,Central,50-64
2656,41,Male,Medium,Diabetes,East,35-49
2657,57,Female,Medium,No Major Chronic Condition,East,50-64
2658,34,Male,Low,No Major Chronic Condition,East,18-34
2659,49,Male,Low,Hypertension,North,35-49
2660,61,Male,Low,Cardiovascular Disease,South,50-64
2661,33,Female,Medium,Respiratory Disease,East,18-34
2662,39,Male,Medium,Diabetes,North,35-49
2663,45,Female,High,Cardiovascular Disease,West,35-49
2664,25,Female,Medium,Hypertension,North,18-34
2665,44,Female,Medium,Hypertension,South,35-49
2666,54,Male,Low,Respiratory Disease,East,50-64
2667,44,Female,Medium,Hypertension,North,35-49
2668,47,Male,High,Respiratory Disease,South,35-49
2669,52,Male,Low,Hypertension,East,50-64
2670,40,Female,Medium,Cardiovascular Disease,North,35-49
2671,65,Female,Low,No Major Chronic Condition,North,65-90
2672,79,Male,Low,Cardiovascular Disease,North,65-90
2673,43,Female,Medium,Cardiovascular Disease,East,35-49
2674,61,Female,Medium,Cardiovascular Disease,West,50-64
2675,47,Female,Medium,No Major Chronic Condition,West,35-49
2676,59,Male,High,Chronic Kidney Disease,South,50-64
2677,82,Female,High,Diabetes,West,65-90
2678,62,Female,Medium,Diabetes,Central,50-64
2679,18,Female,Low,Respiratory Disease,South,18-34
2680,61,Female,Medium,No Major Chronic Condition,Central,50-64
2681,75,Male,Medium,Diabetes,West,65-90
2682,48,Male,Medium,Cardiovascular Disease,North,35-49
2683,71,Male,Medium,Respiratory Disease,South,65-90
2684,39,Male,Medium,Cardiovascular Disease,Central,35-49
2685,24,Female,Low,Chronic Kidney Disease,North,18-34
2686,55,Male,Low,Hypertension,North,50-64
2687,19,Male,Medium,Respiratory Disease,South,18-34
2688,47,Male,High,No Major Chronic Condition,North,35-49
2689,76,Male,Medium,No Major Chronic Condition,North,65-90
2690,18,Female,High,Respiratory Disease,South,18-34
2691,28,Male,Medium,Hypertension,West,18-34
2692,32,Female,Low,Chronic Kidney Disease,South,18-34
2693,51,Male,Medium,No Major Chronic Condition,West,50-64
2694,45,Female,High,Cardiovascular Disease,Central,35-49
2695,79,Male,Medium,Hypertension,East,65-90
2696,70,Male,Medium,Diabetes,Central,65-90
2697,61,Male,Medium,Chronic Kidney Disease,East,50-64
2698,55,Female,Low,Cardiovascular Disease,North,50-64
2699,59,Male,Low,Diabetes,North,50-64
2700,36,Male,Low,Respiratory Disease,East,35-49
2701,68,Male,Medium,No Major Chronic Condition,Central,65-90
2702,31,Male,High,Diabetes,North,18-34
2703,68,Male,Low,Cardiovascular Disease,East,65-90
2704,75,Male,Low,No Major Chronic Condition,West,65-90
2705,56,Female,Medium,No Major Chronic Condition,Central,50-64
2706,49,Female,High,Hypertension,Central,35-49
2707,60,Male,Medium,Diabetes,North,50-64
2708,18,Male,Medium,Cardiovascular Disease,North,18-34
2709,58,Female,Medium,Hypertension,South,50-64
2710,50,Female,Medium,Cardiovascular Disease,South,50-64
2711,51,Female,High,Respiratory Disease,Central,50-64
2712,65,Male,Low,No Major Chronic Condition,West,65-90
2713,51,Male,High,Respiratory Disease,Central,50-64
2714,30,Male,Medium,No Major Chronic Condition,South,18-34
2715,49,Female,Medium,Chronic Kidney Disease,South,35-49
2716,53,Female,Low,Cardiovascular Disease,South,50-64
2717,54,Male,High,Diabetes,South,50-64
2718,55,Female,Medium,No Major Chronic Condition,West,50-64
2719,72,Female,Medium,Chronic Kidney Disease,West,65-90
2720,31,Female,Medium,Hypertension,West,18-34
2721,55,Male,Low,Hypertension,West,50-64
2722,77,Female,Low,Respiratory Disease,North,65-90
2723,19,Female,Low,Diabetes,South,18-34
2724,55,Female,Low,No Major Chronic Condition,West,50-64
2725,41,Male,Medium,Hypertension,South,35-49
2726,45,Female,Medium,Respiratory Disease,North,35-49
2727,35,Female,Medium,Hypertension,North,35-49
2728,49,Female,Medium,Cardiovascular Disease,Central,35-49
2729,87,Female,Low,No Major Chronic Condition,West,65-90
2730,28,Male,Medium,Hypertension,South,18-34
2731,30,Male,Medium,Diabetes,West,18-34
2732,27,Female,Medium,Diabetes,North,18-34
2733,85,Male,Low,Diabetes,North,65-90
2734,43,Female,High,Cardiovascular Disease,South,35-49
2735,52,Male,Medium,Diabetes,South,50-64
2736,44,Female,High,Cardiovascular Disease,Central,35-49
2737,34,Female,Medium,Chronic Kidney Disease,North,18-34
2738,48,Male,Medium,No Major Chronic Condition,East,35-49
2739,90,Male,High,Hypertension,Central,65-90
2740,78,Male,High,No Major Chronic Condition,North,65-90
2741,36,Male,High,No Major Chronic Condition,East,35-49
2742,64,Male,High,Respiratory Disease,South,50-64
2743,36,Male,High,Chronic Kidney Disease,South,35-49
2744,18,Female,Medium,Cardiovascular Disease,South,18-34
2745,71,Female,Low,Diabetes,West,65-90
2746,74,Male,Medium,No Major Chronic Condition,East,65-90
2747,72,Male,Medium,No Major Chronic Condition,North,65-90
2748,43,Male,Medium,Hypertension,South,35-49
2749,49,Female,Medium,Diabetes,West,35-49
2750,66,Female,Medium,Diabetes,West,65-90
2751,59,Female,High,Cardiovascular Disease,Central,50-64
2752,45,Male,Medium,No Major Chronic Condition,West,35-49
2753,21,Female,Low,Diabetes,North,18-34
2754,54,Male,Medium,Respiratory Disease,North,50-64
2755,73,Female,Medium,No Major Chronic Condition,East,65-90
2756,29,Female,Low,Hypertension,South,18-34
2757,64,Male,Medium,Respiratory Disease,East,50-64
2758,58,Female,High,Cardiovascular Disease,West,50-64
2759,66,Male,Low,Diabetes,South,65-90
2760,69,Female,Medium,Cardiovascular Disease,Central,65-90
2761,39,Female,Medium,Diabetes,East,35-49
2762,21,Male,Medium,Chronic Kidney Disease,West,18-34
2763,42,Male,Medium,Hypertension,South,35-49
2764,69,Female,Medium,No Major Chronic Condition,West,65-90
2765,42,Female,Medium,Respiratory Disease,Central,35-49
2766,39,Male,High,No Major Chronic Condition,North,35-49
2767,18,Male,Low,Chronic Kidney Disease,South,18-34
2768,85,Male,Medium,Chronic Kidney Disease,West,65-90
2769,68,Male,Medium,Hypertension,Central,65-90
2770,67,Female,Low,Cardiovascular Disease,West,65-90
2771,70,Male,High,No Major Chronic Condition,South,65-90
2772,63,Male,Medium,Chronic Kidney Disease,West,50-64
2773,47,Male,Low,Chronic Kidney Disease,East,35-49
2774,49,Male,Low,Diabetes,North,35-49
2775,44,Male,Low,Diabetes,East,35-49
2776,90,Male,Medium,Diabetes,East,65-90
2777,63,Female,Medium,Diabetes,South,50-64
2778,43,Female,Medium,No Major Chronic Condition,South,35-49
2779,61,Male,Medium,Respiratory Disease,West,50-64
2780,33,Male,Medium,Cardiovascular Disease,North,18-34
2781,81,Female,High,Diabetes,South,65-90
2782,39,Female,High,No Major Chronic Condition,West,35-49
2783,62,Male,Low,Diabetes,South,50-64
2784,72,Male,Medium,Hypertension,North,65-90
2785,59,Male,High,No Major Chronic Condition,Central,50-64
2786,54,Female,Medium,Chronic Kidney Disease,East,50-64
2787,52,Female,Low,Diabetes,South,50-64
2788,51,Female,Low,Diabetes,North,50-64
2789,41,Male,High,Cardiovascular Disease,North,35-49
2790,43,Female,Medium,Respiratory Disease,West,35-49
2791,80,Male,Medium,Hypertension,South,65-90
2792,50,Male,High,Respiratory Disease,North,50-64
2793,37,Male,Low,Hypertension,Central,35-49
2794,42,Male,High,Respiratory Disease,West,35-49
2795,73,Male,Medium,Chronic Kidney Disease,West,65-90
2796,65,Male,Medium,No Major Chronic Condition,West,65-90
2797,63,Female,Low,Diabetes,Central,50-64
2798,47,Female,Low,Diabetes,South,35-49
2799,63,Male,Medium,Diabetes,North,50-64
2800,40,Female,Low,Diabetes,North,35-49
2801,47,Male,Low,Hypertension,North,35-49
2802,70,Female,Low,Diabetes,Central,65-90
2803,69,Male,Medium,No Major Chronic Condition,East,65-90
2804,33,Female,High,No Major Chronic Condition,North,18-34
2805,36,Male,Low,Chronic Kidney Disease,North,35-49
2806,54,Female,Low,Hypertension,West,50-64
2807,85,Male,Medium,Chronic Kidney Disease,South,65-90
2808,18,Female,Medium,Respiratory Disease,West,18-34
2809,57,Male,Medium,Chronic Kidney Disease,Central,50-64
2810,26,Female,High,Diabetes,West,18-34
2811,40,Male,Low,No Major Chronic Condition,North,35-49
2812,45,Male,Medium,Hypertension,West,35-49
2813,44,Male,High,Hypertension,East,35-49
2814,42,Male,Medium,Hypertension,West,35-49
2815,52,Male,Medium,Hypertension,South,50-64
2816,42,Male,High,No Major Chronic Condition,West,35-49
2817,24,Female,Low,Respiratory Disease,East,18-34
2818,67,Male,Low,No Major Chronic Condition,East,65-90
2819,66,Female,Low,No Major Chronic Condition,South,65-90
2820,68,Male,High,Respiratory Disease,North,65-90
2821,23,Female,High,No Major Chronic Condition,West,18-34
2822,58,Female,Low,No Major Chronic Condition,North,50-64
2823,65,Male,Medium,Diabetes,South,65-90
2824,32,Female,Medium,Hypertension,East,18-34
2825,52,Female,Low,Cardiovascular Disease,South,50-64
2826,50,Female,High,Respiratory Disease,West,50-64
2827,87,Male,Medium,No Major Chronic Condition,South,65-90
2828,89,Female,High,Hypertension,East,65-90
2829,20,Female,Medium,No Major Chronic Condition,North,18-34
2830,90,Male,Low,Respiratory Disease,South,65-90
2831,35,Male,Medium,Hypertension,East,35-49
2832,71,Female,Medium,Chronic Kidney Disease,Central,65-90
2833,70,Male,Low,No Major Chronic Condition,North,65-90
2834,33,Female,Low,Hypertension,South,18-34
2835,61,Male,High,Hypertension,South,50-64
2836,50,Female,Medium,Chronic Kidney Disease,North,50-64
2837,63,Female,Medium,Cardiovascular Disease,South,50-64
2838,56,Female,Low,Diabetes,Central,50-64
2839,75,Male,Medium,No Major Chronic Condition,South,65-90
2840,53,Female,Medium,Hypertension,South,50-64
2841,49,Male,Low,Hypertension,Central,35-49
2842,73,Female,Low,No Major Chronic Condition,West,65-90
2843,63,Male,Medium,Respiratory Disease,South,50-64
2844,66,Male,Medium,Cardiovascular Disease,West,65-90
2845,39,Female,Low,Hypertension,West,35-49
2846,32,Female,High,Diabetes,Central,18-34
2847,41,Female,Low,Diabetes,North,35-49
2848,40,Male,High,No Major Chronic Condition,East,35-49
2849,67,Female,Low,Diabetes,West,65-90
2850,71,Male,Medium,Diabetes,Central,65-90
2851,49,Female,Medium,No Major Chronic Condition,East,35-49
2852,79,Male,Medium,No Major Chronic Condition,North,65-90
2853,78,Male,High,Chronic Kidney Disease,Central,65-90
2854,57,Female,Low,Hypertension,East,50-64
2855,36,Female,Low,Hypertension,East,35-49
2856,82,Male,Low,No Major Chronic Condition,South,65-90
2857,51,Female,Medium,Chronic Kidney Disease,West,50-64
2858,54,Male,High,No Major Chronic Condition,East,50-64
2859,46,Male,Low,Cardiovascular Disease,Central,35-49
2860,35,Female,Medium,No Major Chronic Condition,East,35-49
2861,24,Female,Medium,No Major Chronic Condition,North,18-34
2862,64,Female,High,Hypertension,West,50-64
2863,37,Female,Medium,Hypertension,North,35-49
2864,90,Male,High,Diabetes,South,65-90
2865,31,Male,Medium,Chronic Kidney Disease,Central,18-34
2866,28,Female,High,Hypertension,Central,18-34
2867,62,Male,Medium,Hypertension,West,50-64
2868,81,Female,Low,Respiratory Disease,South,65-90
2869,53,Male,High,Chronic Kidney Disease,West,50-64
2870,63,Male,Medium,Cardiovascular Disease,East,50-64
2871,18,Female,Low,No Major Chronic Condition,South,18-34
2872,39,Male,Medium,Diabetes,South,35-49
2873,32,Male,High,Cardiovascular Disease,East,18-34
2874,18,Female,Medium,Respiratory Disease,South,18-34
2875,54,Female,Low,Respiratory Disease,East,50-64
2876,18,Male,High,Respiratory Disease,North,18-34
2877,27,Female,Medium,Respiratory Disease,West,18-34
2878,42,Female,Low,No Major Chronic Condition,Central,35-49
2879,36,Female,Low,No Major Chronic Condition,South,35-49
2880,60,Male,Low,No Major Chronic Condition,Central,50-64
2881,58,Female,Medium,No Major Chronic Condition,West,50-64
2882,69,Female,Low,Cardiovascular Disease,West,65-90
2883,66,Female,Low,Chronic Kidney Disease,Central,65-90
2884,74,Female,Medium,Cardiovascular Disease,South,65-90
2885,52,Male,High,Respiratory Disease,West,50-64
2886,58,Female,Medium,Diabetes,North,50-64
2887,62,Male,Medium,Hypertension,Central,50-64
2888,55,Female,Medium,No Major Chronic Condition,East,50-64
2889,44,Male,Low,Chronic Kidney Disease,West,35-49
2890,46,Female,High,Diabetes,South,35-49
2891,36,Male,Low,Cardiovascular Disease,North,35-49
2892,60,Female,Low,Hypertension,North,50-64
2893,50,Male,Medium,No Major Chronic Condition,North,50-64
2894,39,Female,Low,Diabetes,South,35-49
2895,39,Female,Low,Respiratory Disease,South,35-49
2896,29,Male,Medium,Chronic Kidney Disease,Central,18-34
2897,71,Female,Medium,Respiratory Disease,West,65-90
2898,53,Female,Low,Hypertension,East,50-64
2899,36,Male,Medium,No Major Chronic Condition,Central,35-49
2900,67,Male,Medium,No Major Chronic Condition,East,65-90
2901,41,Male,High,Hypertension,Central,35-49
2902,25,Male,Low,Hypertension,West,18-34
2903,71,Female,High,Chronic Kidney Disease,West,65-90
2904,42,Female,Medium,Hypertension,South,35-49
2905,44,Male,Medium,Hypertension,West,35-49
2906,53,Female,Low,Cardiovascular Disease,West,50-64
2907,74,Female,Medium,Cardiovascular Disease,North,65-90
2908,52,Female,Low,No Major Chronic Condition,North,50-64
2909,29,Female,Medium,No Major Chronic Condition,Central,18-34
2910,62,Female,Medium,Chronic Kidney Disease,Central,50-64
2911,43,Female,Low,Diabetes,East,35-49
2912,88,Male,Low,Hypertension,North,65-90
2913,52,Male,High,Diabetes,South,50-64
2914,18,Male,Medium,Chronic Kidney Disease,North,18-34
2915,59,Female,Medium,Respiratory Disease,West,50-64
2916,89,Female,High,No Major Chronic Condition,North,65-90
2917,82,Male,Low,Cardiovascular Disease,South,65-90
2918,87,Female,Medium,Diabetes,East,65-90
2919,33,Female,Medium,Respiratory Disease,West,18-34
2920,69,Male,Low,Hypertension,Central,65-90
2921,38,Male,Low,Diabetes,South,35-49
2922,56,Female,High,Hypertension,North,50-64
2923,28,Male,Low,Hypertension,North,18-34
2924,40,Male,Low,Diabetes,West,35-49
2925,39,Male,Medium,Cardiovascular Disease,North,35-49
2926,69,Female,Medium,No Major Chronic Condition,West,65-90
2927,67,Male,Medium,No Major Chronic Condition,East,65-90
2928,57,Male,Low,Hypertension,South,50-64
2929,26,Female,Medium,Cardiovascular Disease,South,18-34
2930,46,Male,Medium,No Major Chronic Condition,Central,35-49
2931,38,Male,Medium,No Major Chronic Condition,West,35-49
2932,69,Female,High,No Major Chronic Condition,East,65-90
2933,74,Female,Low,Cardiovascular Disease,South,65-90
2934,72,Female,Medium,No Major Chronic Condition,South,65-90
2935,38,Male,Medium,Chronic Kidney Disease,South,35-49
2936,18,Female,Medium,Diabetes,Central,18-34
2937,18,Female,Medium,Diabetes,South,18-34
2938,79,Female,Low,No Major Chronic Condition,North,65-90
2939,44,Male,Medium,No Major Chronic Condition,Central,35-49
2940,38,Male,Medium,Cardiovascular Disease,East,35-49
2941,83,Female,Medium,Chronic Kidney Disease,North,65-90
2942,76,Male,Low,Hypertension,North,65-90
2943,52,Female,Low,Chronic Kidney Disease,South,50-64
2944,46,Female,Low,Cardiovascular Disease,East,35-49
2945,49,Male,Low,Hypertension,Central,35-49
2946,56,Female,Low,Cardiovascular Disease,North,50-64
2947,82,Male,Low,Cardiovascular Disease,South,65-90
2948,60,Male,Low,No Major Chronic Condition,South,50-64
2949,66,Male,Low,No Major Chronic Condition,South,65-90
2950,74,Female,High,Diabetes,West,65-90
2951,30,Female,Medium,Hypertension,North,18-34
2952,66,Female,Low,Hypertension,Central,65-90
2953,46,Male,Medium,Diabetes,South,35-49
2954,18,Male,Medium,Cardiovascular Disease,West,18-34
2955,18,Male,Low,Cardiovascular Disease,West,18-34
2956,33,Male,Medium,Diabetes,East,18-34
2957,62,Female,Low,No Major Chronic Condition,West,50-64
2958,54,Male,Medium,No Major Chronic Condition,East,50-64
2959,56,Male,Low,Diabetes,West,50-64
2960,89,Female,Medium,Chronic Kidney Disease,East,65-90
2961,28,Male,Low,Hypertension,West,18-34
2962,51,Male,Low,Respiratory Disease,North,50-64
2963,58,Male,Medium,Cardiovascular Disease,West,50-64
2964,38,Male,Low,Diabetes,Central,35-49
2965,53,Female,Medium,Cardiovascular Disease,West,50-64
2966,22,Male,Low,No Major Chronic Condition,West,18-34
2967,79,Female,Medium,No Major Chronic Condition,Central,65-90
2968,39,Male,Medium,Respiratory Disease,North,35-49
2969,90,Female,High,No Major Chronic Condition,West,65-90
2970,51,Male,Medium,No Major Chronic Condition,Central,50-64
2971,72,Female,High,No Major Chronic Condition,North,65-90
2972,51,Female,Low,Diabetes,North,50-64
2973,51,Female,Medium,Diabetes,South,50-64
2974,41,Male,Medium,No Major Chronic Condition,Central,35-49
2975,54,Female,Medium,No Major Chronic Condition,Central,50-64
2976,58,Female,Medium,Respiratory Disease,Central,50-64
2977,37,Female,High,No Major Chronic Condition,East,35-49
2978,50,Female,Medium,Chronic Kidney Disease,West,50-64
2979,40,Male,Low,Diabetes,North,35-49
2980,90,Female,Medium,No Major Chronic Condition,Central,65-90
2981,50,Female,Low,No Major Chronic Condition,Central,50-64
2982,81,Female,Medium,Cardiovascular Disease,East,65-90
2983,48,Female,Medium,No Major Chronic Condition,North,35-49
2984,57,Female,Low,Hypertension,Central,50-64
2985,27,Female,Low,Respiratory Disease,Central,18-34
2986,44,Female,High,Cardiovascular Disease,Central,35-49
2987,56,Female,Low,Cardiovascular Disease,East,50-64
2988,82,Female,Low,Respiratory Disease,South,65-90
2989,56,Male,Low,Diabetes,South,50-64
2990,78,Female,Medium,Diabetes,East,65-90
2991,64,Male,Low,Diabetes,Central,50-64
2992,83,Male,Medium,Respiratory Disease,North,65-90
2993,51,Male,Low,Cardiovascular Disease,West,50-64
2994,90,Female,Low,Cardiovascular Disease,Central,65-90
2995,43,Male,Low,Cardiovascular Disease,South,35-49
2996,37,Male,Low,Diabetes,East,35-49
2997,29,Male,Medium,No Major Chronic Condition,West,18-34
2998,90,Male,Low,Chronic Kidney Disease,East,65-90
2999,68,Female,Medium,Chronic Kidney Disease,East,65-90
3000,46,Male,Medium,Diabetes,West,35-49
3001,76,Male,Low,Respiratory Disease,North,65-90
3002,65,Female,Low,Cardiovascular Disease,West,65-90
3003,89,Female,Medium,No Major Chronic Condition,Central,65-90
3004,23,Male,Medium,Diabetes,North,18-34
3005,47,Female,Medium,No Major Chronic Condition,North,35-49
3006,43,Male,High,No Major Chronic Condition,North,35-49
3007,18,Female,Low,No Major Chronic Condition,West,18-34
3008,72,Male,Medium,No Major Chronic Condition,South,65-90
3009,47,Female,Medium,Diabetes,East,35-49
3010,66,Male,Low,Cardiovascular Disease,West,65-90
3011,90,Female,Medium,Hypertension,East,65-90
3012,45,Male,Medium,Respiratory Disease,East,35-49
3013,44,Female,Medium,Chronic Kidney Disease,Central,35-49
3014,54,Female,Medium,No Major Chronic Condition,East,50-64
3015,71,Female,Low,No Major Chronic Condition,Central,65-90
3016,41,Female,Medium,No Major Chronic Condition,East,35-49
3017,40,Male,Medium,Hypertension,South,35-49
3018,72,Female,Medium,No Major Chronic Condition,South,65-90
3019,59,Female,Medium,No Major Chronic Condition,West,50-64
3020,18,Male,Medium,Chronic Kidney Disease,East,18-34
3021,29,Female,Medium,Hypertension,West,18-34
3022,81,Female,Low,Diabetes,East,65-90
3023,60,Male,Medium,Cardiovascular Disease,Central,50-64
3024,38,Female,Medium,Diabetes,South,35-49
3025,49,Male,Low,Hypertension,West,35-49
3026,52,Male,Low,Diabetes,South,50-64
3027,66,Female,Low,Cardiovascular Disease,North,65-90
3028,26,Male,Medium,Respiratory Disease,East,18-34
3029,36,Male,Low,Diabetes,South,35-49
3030,57,Female,High,No Major Chronic Condition,North,50-64
3031,50,Male,High,Diabetes,South,50-64
3032,63,Female,High,Hypertension,Central,50-64
3033,29,Male,Low,Cardiovascular Disease,Central,18-34
3034,59,Male,Medium,Respiratory Disease,Central,50-64
3035,73,Female,High,Hypertension,North,65-90
3036,61,Female,Medium,Chronic Kidney Disease,North,50-64
3037,55,Female,Low,Hypertension,South,50-64
3038,50,Male,High,Hypertension,West,50-64
3039,36,Male,Medium,Cardiovascular Disease,Central,35-49
3040,51,Female,Medium,Diabetes,South,50-64
3041,76,Female,High,No Major Chronic Condition,East,65-90
3042,50,Male,High,Respiratory Disease,North,50-64
3043,35,Female,Medium,Diabetes,East,35-49
3044,43,Female,Low,No Major Chronic Condition,Central,35-49
3045,56,Female,Medium,Chronic Kidney Disease,West,50-64
3046,45,Male,Medium,Cardiovascular Disease,West,35-49
3047,61,Female,Medium,No Major Chronic Condition,East,50-64
3048,62,Male,Medium,Cardiovascular Disease,South,50-64
3049,69,Male,Medium,Hypertension,South,65-90
3050,79,Female,Medium,No Major Chronic Condition,West,65-90
3051,71,Male,High,No Major Chronic Condition,West,65-90
3052,34,Female,High,Hypertension,South,18-34
3053,35,Female,Medium,Diabetes,East,35-49
3054,51,Male,Medium,Respiratory Disease,North,50-64
3055,43,Female,Medium,Chronic Kidney Disease,North,35-49
3056,30,Male,Medium,Hypertension,North,18-34
3057,44,Male,Low,No Major Chronic Condition,Central,35-49
3058,43,Female,Medium,Diabetes,South,35-49
3059,39,Male,Medium,No Major Chronic Condition,Central,35-49
3060,46,Male,Medium,No Major Chronic Condition,South,35-49
3061,74,Female,High,Diabetes,South,65-90
3062,56,Female,High,Cardiovascular Disease,West,50-64
3063,90,Male,High,Diabetes,South,65-90
3064,55,Female,High,Respiratory Disease,Central,50-64
3065,46,Female,Medium,Respiratory Disease,West,35-49
3066,52,Female,High,No Major Chronic Condition,North,50-64
3067,57,Female,High,Cardiovascular Disease,Central,50-64
3068,60,Female,Medium,Hypertension,South,50-64
3069,90,Male,Low,Diabetes,South,65-90
3070,36,Male,Low,Diabetes,Central,35-49
3071,68,Male,Medium,Cardiovascular Disease,South,65-90
3072,56,Female,Medium,No Major Chronic Condition,West,50-64
3073,22,Female,Medium,No Major Chronic Condition,North,18-34
3074,67,Female,Medium,Hypertension,Central,65-90
3075,76,Female,Medium,No Major Chronic Condition,South,65-90
3076,36,Male,Low,Diabetes,North,35-49
3077,52,Female,Low,No Major Chronic Condition,Central,50-64
3078,19,Male,Medium,Hypertension,West,18-34
3079,28,Female,Low,Diabetes,West,18-34
3080,72,Male,High,No Major Chronic Condition,East,65-90
3081,43,Male,High,Cardiovascular Disease,West,35-49
3082,31,Male,Medium,No Major Chronic Condition,South,18-34
3083,56,Male,Medium,No Major Chronic Condition,East,50-64
3084,42,Male,High,Diabetes,South,35-49
3085,43,Male,High,Diabetes,South,35-49
3086,66,Female,Medium,Cardiovascular Disease,North,65-90
3087,30,Female,High,Respiratory Disease,West,18-34
3088,35,Male,Medium,Cardiovascular Disease,South,35-49
3089,55,Female,Low,Hypertension,East,50-64
3090,70,Male,Medium,Hypertension,West,65-90
3091,76,Female,Medium,Cardiovascular Disease,North,65-90
3092,39,Male,High,Diabetes,South,35-49
3093,70,Female,Low,Cardiovascular Disease,South,65-90
3094,37,Male,Medium,Diabetes,North,35-49
3095,87,Female,Medium,No Major Chronic Condition,West,65-90
3096,30,Female,High,Respiratory Disease,East,18-34
3097,77,Male,Medium,Diabetes,East,65-90
3098,40,Female,Low,No Major Chronic Condition,North,35-49
3099,90,Female,High,Cardiovascular Disease,East,65-90
3100,63,Male,Medium,Cardiovascular Disease,South,50-64
3101,33,Male,High,Hypertension,North,18-34
3102,42,Female,High,Hypertension,East,35-49
3103,67,Male,Low,No Major Chronic Condition,West,65-90
3104,72,Female,High,Diabetes,North,65-90
3105,51,Female,Medium,Respiratory Disease,North,50-64
3106,53,Male,High,Hypertension,West,50-64
3107,66,Female,Low,Cardiovascular Disease,South,65-90
3108,55,Female,Medium,Cardiovascular Disease,North,50-64
3109,27,Female,Low,Diabetes,Central,18-34
3110,37,Male,Low,Diabetes,North,35-49
3111,56,Male,High,Cardiovascular Disease,West,50-64
3112,75,Female,Low,Cardiovascular Disease,West,65-90
3113,83,Male,Low,No Major Chronic Condition,South,65-90
3114,67,Male,High,Chronic Kidney Disease,East,65-90
3115,57,Female,Medium,No Major Chronic Condition,East,50-64
3116,66,Male,Medium,No Major Chronic Condition,South,65-90
3117,39,Female,High,Diabetes,South,35-49
3118,49,Female,Medium,No Major Chronic Condition,Central,35-49
3119,36,Female,Low,No Major Chronic Condition,South,35-49
3120,28,Female,Medium,Cardiovascular Disease,West,18-34
3121,58,Male,Medium,Respiratory Disease,East,50-64
3122,56,Male,Low,Hypertension,West,50-64
3123,65,Male,Medium,Diabetes,East,65-90
3124,62,Female,Medium,Hypertension,East,50-64
3125,57,Female,Low,Diabetes,East,50-64
3126,63,Female,Low,Cardiovascular Disease,East,50-64
3127,51,Female,High,Respiratory Disease,West,50-64
3128,60,Male,Low,Diabetes,Central,50-64
3129,38,Male,Low,Hypertension,South,35-49
3130,59,Male,High,Diabetes,North,50-64
3131,65,Male,Medium,No Major Chronic Condition,West,65-90
3132,39,Female,High,No Major Chronic Condition,South,35-49
3133,53,Female,High,Diabetes,Central,50-64
3134,40,Female,Medium,No Major Chronic Condition,North,35-49
3135,42,Male,Medium,No Major Chronic Condition,North,35-49
3136,31,Female,Low,No Major Chronic Condition,North,18-34
3137,76,Female,Low,No Major Chronic Condition,North,65-90
3138,72,Male,Low,Cardiovascular Disease,West,65-90
3139,62,Female,Medium,Hypertension,South,50-64
3140,89,Male,Medium,No Major Chronic Condition,Central,65-90
3141,48,Female,High,No Major Chronic Condition,South,35-49
3142,90,Female,Low,Hypertension,West,65-90
3143,48,Female,Medium,Respiratory Disease,West,35-49
3144,57,Male,Low,Respiratory Disease,South,50-64
3145,44,Male,Low,Cardiovascular Disease,Central,35-49
3146,59,Female,Medium,Respiratory Disease,South,50-64
3147,68,Male,Medium,Diabetes,East,65-90
3148,50,Male,Medium,Cardiovascular Disease,South,50-64
3149,86,Male,Medium,Hypertension,South,65-90
3150,57,Male,Medium,Diabetes,North,50-64
3151,57,Male,High,Cardiovascular Disease,South,50-64
3152,35,Female,Medium,Hypertension,Central,35-49
3153,60,Female,Medium,Cardiovascular Disease,West,50-64
3154,49,Female,Low,Diabetes,Central,35-49
3155,40,Female,Medium,Cardiovascular Disease,West,35-49
3156,37,Male,Medium,Hypertension,West,35-49
3157,90,Male,Low,Diabetes,Central,65-90
3158,47,Female,Medium,No Major Chronic Condition,East,35-49
3159,24,Male,Medium,Respiratory Disease,Central,18-34
3160,39,Male,Low,Cardiovascular Disease,South,35-49
3161,51,Female,High,Respiratory Disease,East,50-64
3162,62,Male,Low,Hypertension,East,50-64
3163,63,Female,High,Diabetes,North,50-64
3164,65,Female,Medium,Hypertension,North,65-90
3165,40,Female,Low,No Major Chronic Condition,Central,35-49
3166,58,Male,Low,Respiratory Disease,East,50-64
3167,35,Female,Medium,No Major Chronic Condition,North,35-49
3168,40,Female,Medium,No Major Chronic Condition,Central,35-49
3169,35,Male,Medium,Hypertension,Central,35-49
3170,29,Male,Medium,No Major Chronic Condition,West,18-34
3171,72,Female,Low,Chronic Kidney Disease,South,65-90
3172,65,Female,Medium,Respiratory Disease,South,65-90
3173,71,Male,High,Cardiovascular Disease,Central,65-90
3174,53,Male,Medium,Cardiovascular Disease,North,50-64
3175,67,Female,High,Diabetes,South,65-90
3176,19,Female,Medium,Diabetes,North,18-34
3177,68,Female,Medium,Hypertension,West,65-90
3178,55,Male,Medium,Hypertension,South,50-64
3179,64,Male,Low,Diabetes,Central,50-64
3180,59,Male,Low,Diabetes,West,50-64
3181,33,Female,Medium,No Major Chronic Condition,Central,18-34
3182,24,Male,High,Hypertension,South,18-34
3183,38,Female,Medium,No Major Chronic Condition,East,35-49
3184,63,Male,Low,Respiratory Disease,West,50-64
3185,65,Female,Low,Diabetes,Central,65-90
3186,26,Female,Medium,Diabetes,South,18-34
3187,33,Female,Medium,Hypertension,South,18-34
3188,38,Female,Low,Hypertension,East,35-49
3189,45,Female,Low,Hypertension,West,35-49
3190,26,Male,Medium,No Major Chronic Condition,North,18-34
3191,25,Male,Low,Hypertension,East,18-34
3192,36,Male,Medium,Cardiovascular Disease,South,35-49
3193,54,Male,Medium,Cardiovascular Disease,South,50-64
3194,30,Female,Low,Respiratory Disease,North,18-34
3195,50,Male,Medium,No Major Chronic Condition,West,50-64
3196,72,Female,Low,Cardiovascular Disease,North,65-90
3197,27,Female,Low,Hypertension,North,18-34
3198,48,Female,High,No Major Chronic Condition,East,35-49
3199,71,Female,Medium,No Major Chronic Condition,North,65-90
3200,44,Male,Low,No Major Chronic Condition,West,35-49
3201,41,Female,Low,No Major Chronic Condition,East,35-49
3202,74,Female,Low,Cardiovascular Disease,East,65-90
3203,46,Male,High,Cardiovascular Disease,North,35-49
3204,73,Female,Medium,Hypertension,North,65-90
3205,60,Male,Medium,Respiratory Disease,West,50-64
3206,45,Female,Low,No Major Chronic Condition,North,35-49
3207,61,Male,High,Hypertension,North,50-64
3208,58,Male,High,Cardiovascular Disease,West,50-64
3209,71,Female,Low,No Major Chronic Condition,North,65-90
3210,42,Male,Medium,Hypertension,East,35-49
3211,53,Female,Medium,Respiratory Disease,North,50-64
3212,51,Female,Medium,No Major Chronic Condition,South,50-64
3213,65,Male,Medium,Diabetes,Central,65-90
3214,33,Male,Low,Hypertension,West,18-34
3215,71,Female,Medium,Diabetes,North,65-90
3216,61,Female,Medium,Diabetes,South,50-64
3217,27,Female,Medium,Cardiovascular Disease,East,18-34
3218,75,Male,Medium,Chronic Kidney Disease,West,65-90
3219,90,Male,Low,Hypertension,East,65-90
3220,71,Female,Medium,Respiratory Disease,South,65-90
3221,79,Male,High,Diabetes,Central,65-90
3222,54,Female,Medium,No Major Chronic Condition,West,50-64
3223,20,Male,High,Hypertension,West,18-34
3224,18,Male,Medium,Chronic Kidney Disease,Central,18-34
3225,57,Male,Medium,Diabetes,South,50-64
3226,41,Female,Medium,No Major Chronic Condition,South,35-49
3227,35,Female,Low,Cardiovascular Disease,South,35-49
3228,51,Female,High,No Major Chronic Condition,North,50-64
3229,64,Male,Medium,Cardiovascular Disease,North,50-64
3230,24,Male,High,No Major Chronic Condition,Central,18-34
3231,43,Female,Medium,Cardiovascular Disease,Central,35-49
3232,81,Female,Medium,Diabetes,East,65-90
3233,32,Female,Low,Chronic Kidney Disease,West,18-34
3234,69,Male,Medium,Diabetes,South,65-90
3235,43,Male,Medium,No Major Chronic Condition,North,35-49
3236,62,Female,High,Hypertension,South,50-64
3237,73,Male,High,No Major Chronic Condition,West,65-90
3238,66,Female,Medium,Cardiovascular Disease,West,65-90
3239,69,Male,Medium,Cardiovascular Disease,East,65-90
3240,30,Female,Low,Chronic Kidney Disease,Central,18-34
3241,73,Female,Medium,Chronic Kidney Disease,South,65-90
3242,36,Male,High,Chronic Kidney Disease,South,35-49
3243,57,Male,Medium,Respiratory Disease,North,50-64
3244,57,Female,Medium,Respiratory Disease,Central,50-64
3245,61,Male,High,No Major Chronic Condition,East,50-64
3246,58,Female,Low,Hypertension,South,50-64
3247,36,Female,High,Diabetes,Central,35-49
3248,26,Male,Medium,Chronic Kidney Disease,South,18-34
3249,69,Male,Low,Cardiovascular Disease,South,65-90
3250,56,Female,Medium,No Major Chronic Condition,South,50-64
3251,74,Male,Low,No Major Chronic Condition,South,65-90
3252,51,Male,Medium,No Major Chronic Condition,West,50-64
3253,25,Female,Low,Respiratory Disease,Central,18-34
3254,70,Female,Low,No Major Chronic Condition,North,65-90
3255,45,Female,Medium,Hypertension,West,35-49
3256,58,Male,Medium,Diabetes,North,50-64
3257,40,Male,Low,No Major Chronic Condition,West,35-49
3258,83,Female,High,No Major Chronic Condition,South,65-90
3259,35,Female,Low,Diabetes,North,35-49
3260,46,Female,Medium,No Major Chronic Condition,South,35-49
3261,54,Male,Medium,No Major Chronic Condition,Central,50-64
3262,31,Male,Low,Hypertension,South,18-34
3263,58,Female,High,Diabetes,South,50-64
3264,83,Male,Medium,No Major Chronic Condition,North,65-90
3265,43,Female,Low,Diabetes,Central,35-49
3266,60,Male,Medium,Hypertension,South,50-64
3267,18,Male,Medium,Respiratory Disease,Central,18-34
3268,51,Male,Low,No Major Chronic Condition,North,50-64
3269,46,Female,Low,No Major Chronic Condition,South,35-49
3270,36,Male,Medium,Chronic Kidney Disease,East,35-49
3271,73,Male,Medium,No Major Chronic Condition,South,65-90
3272,46,Male,Low,Chronic Kidney Disease,East,35-49
3273,49,Male,Medium,Respiratory Disease,South,35-49
3274,45,Male,Low,Diabetes,South,35-49
3275,18,Female,Low,Cardiovascular Disease,South,18-34
3276,30,Female,Medium,Cardiovascular Disease,West,18-34
3277,70,Male,Low,Diabetes,East,65-90
3278,18,Female,Low,Cardiovascular Disease,South,18-34
3279,37,Male,Low,Hypertension,Central,35-49
3280,44,Male,Medium,Diabetes,West,35-49
3281,85,Male,Medium,Respiratory Disease,West,65-90
3282,67,Male,Medium,Hypertension,South,65-90
3283,41,Male,Medium,Diabetes,West,35-49
3284,77,Male,Medium,No Major Chronic Condition,North,65-90
3285,38,Male,Low,No Major Chronic Condition,South,35-49
3286,71,Female,Low,Chronic Kidney Disease,South,65-90
3287,26,Female,Low,Diabetes,Central,18-34
3288,72,Female,High,Respiratory Disease,North,65-90
3289,44,Male,Low,Chronic Kidney Disease,South,35-49
3290,32,Female,Low,Hypertension,North,18-34
3291,48,Male,Medium,Diabetes,South,35-49
3292,57,Female,Medium,Cardiovascular Disease,South,50-64
3293,43,Female,High,Cardiovascular Disease,North,35-49
3294,63,Male,Medium,Diabetes,West,50-64
3295,41,Female,Low,Diabetes,North,35-49
3296,64,Male,Medium,Cardiovascular Disease,East,50-64
3297,60,Female,Medium,Cardiovascular Disease,North,50-64
3298,51,Female,High,Cardiovascular Disease,North,50-64
3299,44,Female,Medium,No Major Chronic Condition,East,35-49
3300,55,Male,Medium,Diabetes,South,50-64
3301,62,Female,Low,No Major Chronic Condition,North,50-64
3302,90,Male,High,Hypertension,North,65-90
3303,70,Male,Medium,No Major Chronic Condition,South,65-90
3304,71,Female,Low,Chronic Kidney Disease,West,65-90
3305,90,Female,Medium,Respiratory Disease,Central,65-90
3306,62,Female,Medium,Respiratory Disease,North,50-64
3307,61,Male,Low,Chronic Kidney Disease,North,50-64
3308,65,Male,Medium,No Major Chronic Condition,South,65-90
3309,33,Female,Medium,Diabetes,West,18-34
3310,44,Male,Low,Hypertension,South,35-49
3311,42,Female,High,No Major Chronic Condition,South,35-49
3312,64,Male,High,Respiratory Disease,East,50-64
3313,49,Female,Low,Diabetes,West,35-49
3314,55,Female,Medium,No Major Chronic Condition,East,50-64
3315,73,Female,High,No Major Chronic Condition,West,65-90
3316,68,Male,Medium,Cardiovascular Disease,North,65-90
3317,49,Male,High,Cardiovascular Disease,South,35-49
3318,39,Female,Low,Hypertension,East,35-49
3319,74,Female,Medium,Cardiovascular Disease,West,65-90
3320,67,Male,Medium,No Major Chronic Condition,North,65-90
3321,21,Female,Low,Hypertension,South,18-34
3322,46,Male,Medium,Hypertension,South,35-49
3323,55,Female,Low,No Major Chronic Condition,Central,50-64
3324,67,Female,Low,Hypertension,South,65-90
3325,69,Male,Low,No Major Chronic Condition,Central,65-90
3326,57,Female,Low,Hypertension,Central,50-64
3327,63,Male,Low,Diabetes,East,50-64
3328,53,Female,Medium,No Major Chronic Condition,Central,50-64
3329,39,Female,Low,Hypertension,North,35-49
3330,47,Female,Low,Chronic Kidney Disease,North,35-49
3331,52,Female,Low,Diabetes,South,50-64
3332,51,Male,High,No Major Chronic Condition,West,50-64
3333,18,Male,Low,Hypertension,Central,18-34
3334,44,Male,Medium,No Major Chronic Condition,East,35-49
3335,53,Female,Low,No Major Chronic Condition,North,50-64
3336,47,Female,Low,Diabetes,North,35-49
3337,47,Female,Medium,Hypertension,South,35-49
3338,61,Male,Medium,Chronic Kidney Disease,West,50-64
3339,31,Female,Medium,No Major Chronic Condition,East,18-34
3340,21,Female,Medium,Hypertension,Central,18-34
3341,45,Male,Low,No Major Chronic Condition,South,35-49
3342,67,Female,Low,No Major Chronic Condition,East,65-90
3343,84,Male,High,Chronic Kidney Disease,North,65-90
3344,67,Female,Low,Hypertension,West,65-90
3345,24,Male,Medium,Cardiovascular Disease,West,18-34
3346,48,Male,Medium,Chronic Kidney Disease,East,35-49
3347,57,Female,Low,Chronic Kidney Disease,South,50-64
3348,55,Male,Low,Hypertension,North,50-64
3349,62,Male,Medium,Respiratory Disease,Central,50-64
3350,35,Female,Medium,No Major Chronic Condition,East,35-49
3351,53,Male,High,Cardiovascular Disease,West,50-64
3352,60,Male,Low,Respiratory Disease,North,50-64
3353,68,Male,High,Hypertension,South,65-90
3354,37,Male,Low,Diabetes,East,35-49
3355,45,Female,Low,Diabetes,East,35-49
3356,18,Female,Medium,Cardiovascular Disease,South,18-34
3357,40,Female,High,Respiratory Disease,South,35-49
3358,42,Female,Medium,No Major Chronic Condition,East,35-49
3359,33,Female,Medium,Diabetes,South,18-34
3360,55,Female,Medium,Hypertension,North,50-64
3361,51,Female,High,No Major Chronic Condition,West,50-64
3362,18,Male,High,Diabetes,West,18-34
3363,56,Female,Medium,No Major Chronic Condition,South,50-64
3364,34,Female,Medium,Respiratory Disease,Central,18-34
3365,61,Male,Medium,No Major Chronic Condition,Central,50-64
3366,28,Male,High,Chronic Kidney Disease,East,18-34
3367,53,Female,Medium,No Major Chronic Condition,West,50-64
3368,47,Male,Low,Chronic Kidney Disease,East,35-49
3369,58,Male,High,Hypertension,South,50-64
3370,54,Male,Medium,No Major Chronic Condition,North,50-64
3371,47,Female,Medium,Hypertension,South,35-49
3372,23,Female,Medium,Respiratory Disease,North,18-34
3373,24,Male,Low,Hypertension,Central,18-34
3374,41,Female,Medium,No Major Chronic Condition,Central,35-49
3375,52,Male,Low,No Major Chronic Condition,East,50-64
3376,40,Male,High,No Major Chronic Condition,East,35-49
3377,64,Male,Medium,Hypertension,Central,50-64
3378,47,Male,High,No Major Chronic Condition,West,35-49
3379,34,Male,Low,No Major Chronic Condition,North,18-34
3380,47,Male,High,Hypertension,Central,35-49
3381,56,Male,Medium,Diabetes,East,50-64
3382,58,Female,Medium,Hypertension,North,50-64
3383,88,Male,High,Diabetes,North,65-90
3384,39,Male,Medium,Respiratory Disease,West,35-49
3385,51,Male,High,Diabetes,North,50-64
3386,60,Female,Medium,Cardiovascular Disease,Central,50-64
3387,52,Female,Low,Chronic Kidney Disease,West,50-64
3388,42,Male,Medium,Cardiovascular Disease,North,35-49
3389,23,Female,High,No Major Chronic Condition,South,18-34
3390,42,Male,Medium,Hypertension,East,35-49
3391,32,Male,Medium,Cardiovascular Disease,North,18-34
3392,19,Female,Low,No Major Chronic Condition,East,18-34
3393,37,Female,Medium,Hypertension,Central,35-49
3394,32,Male,High,Cardiovascular Disease,East,18-34
3395,63,Female,High,No Major Chronic Condition,East,50-64
3396,63,Male,Low,Cardiovascular Disease,Central,50-64
3397,35,Male,Low,No Major Chronic Condition,Central,35-49
3398,47,Male,Low,No Major Chronic Condition,Central,35-49
3399,18,Female,Low,Hypertension,North,18-34
3400,43,Female,High,No Major Chronic Condition,North,35-49
3401,60,Male,Medium,Respiratory Disease,East,50-64
3402,68,Female,Low,No Major Chronic Condition,South,65-90
3403,38,Female,Medium,Respiratory Disease,East,35-49
3404,72,Male,Medium,No Major Chronic Condition,West,65-90
3405,23,Female,Medium,Hypertension,Central,18-34
3406,28,Female,High,Respiratory Disease,South,18-34
3407,65,Male,Medium,No Major Chronic Condition,West,65-90
3408,84,Female,Low,No Major Chronic Condition,East,65-90
3409,61,Female,High,Hypertension,West,50-64
3410,51,Female,Low,Diabetes,North,50-64
3411,18,Male,High,No Major Chronic Condition,North,18-34
3412,18,Male,Medium,Respiratory Disease,West,18-34
3413,54,Male,High,Diabetes,East,50-64
3414,45,Male,Low,Cardiovascular Disease,West,35-49
3415,31,Female,Medium,No Major Chronic Condition,North,18-34
3416,53,Male,High,No Major Chronic Condition,North,50-64
3417,54,Female,High,Hypertension,North,50-64
3418,70,Male,High,No Major Chronic Condition,West,65-90
3419,55,Male,Low,Cardiovascular Disease,East,50-64
3420,75,Female,Medium,Hypertension,South,65-90
3421,52,Male,Medium,No Major Chronic Condition,North,50-64
3422,50,Male,Low,Hypertension,North,50-64
3423,72,Female,Medium,Cardiovascular Disease,South,65-90
3424,33,Male,Medium,Hypertension,North,18-34
3425,90,Male,Medium,Diabetes,Central,65-90
3426,59,Female,Low,Hypertension,North,50-64
3427,59,Female,High,No Major Chronic Condition,South,50-64
3428,62,Male,High,Cardiovascular Disease,West,50-64
3429,88,Female,Medium,Chronic Kidney Disease,Central,65-90
3430,67,Female,High,Hypertension,East,65-90
3431,22,Male,High,No Major Chronic Condition,South,18-34
3432,79,Male,Low,Respiratory Disease,East,65-90
3433,46,Female,Medium,No Major Chronic Condition,North,35-49
3434,54,Female,High,Hypertension,North,50-64
3435,28,Male,Medium,Cardiovascular Disease,West,18-34
3436,62,Female,Low,Diabetes,West,50-64
3437,40,Male,Medium,Diabetes,South,35-49
3438,54,Male,Medium,Respiratory Disease,West,50-64
3439,47,Female,Medium,No Major Chronic Condition,West,35-49
3440,89,Male,Low,Diabetes,East,65-90
3441,90,Male,Low,Chronic Kidney Disease,South,65-90
3442,53,Male,High,Chronic Kidney Disease,Central,50-64
3443,53,Female,Medium,Cardiovascular Disease,South,50-64
3444,45,Female,High,No Major Chronic Condition,South,35-49
3445,73,Male,Medium,Respiratory Disease,North,65-90
3446,46,Male,High,No Major Chronic Condition,West,35-49
3447,44,Male,Low,No Major Chronic Condition,Central,35-49
3448,71,Female,High,No Major Chronic Condition,North,65-90
3449,42,Male,High,Hypertension,North,35-49
3450,51,Female,Medium,No Major Chronic Condition,Central,50-64
3451,22,Male,Low,No Major Chronic Condition,West,18-34
3452,65,Male,High,Diabetes,Central,65-90
3453,89,Male,Medium,Cardiovascular Disease,West,65-90
3454,66,Female,Medium,No Major Chronic Condition,West,65-90
3455,80,Unknown,Medium,Hypertension,East,65-90
3456,36,Female,High,Cardiovascular Disease,South,35-49
3457,56,Female,Medium,No Major Chronic Condition,East,50-64
3458,34,Male,Medium,No Major Chronic Condition,South,18-34
3459,48,Male,Medium,Diabetes,East,35-49
3460,67,Male,Low,Hypertension,East,65-90
3461,54,Male,High,Hypertension,North,50-64
3462,25,Female,High,Diabetes,East,18-34
3463,27,Female,Medium,Diabetes,South,18-34
3464,26,Male,Low,No Major Chronic Condition,West,18-34
3465,61,Male,Low,No Major Chronic Condition,North,50-64
3466,90,Female,Low,No Major Chronic Condition,East,65-90
3467,78,Female,High,No Major Chronic Condition,South,65-90
3468,18,Female,Medium,No Major Chronic Condition,North,18-34
3469,79,Male,Medium,Diabetes,South,65-90
3470,70,Female,Low,Hypertension,South,65-90
3471,23,Male,Low,Diabetes,West,18-34
3472,46,Female,Medium,Chronic Kidney Disease,North,35-49
3473,73,Female,Low,No Major Chronic Condition,West,65-90
3474,62,Female,Low,Diabetes,North,50-64
3475,27,Female,High,Cardiovascular Disease,East,18-34
3476,64,Male,Medium,Cardiovascular Disease,West,50-64
3477,18,Female,High,Diabetes,North,18-34
3478,48,Female,Low,No Major Chronic Condition,North,35-49
3479,74,Male,Low,Hypertension,South,65-90
3480,52,Female,High,Cardiovascular Disease,South,50-64
3481,43,Female,High,No Major Chronic Condition,South,35-49
3482,69,Female,Medium,Hypertension,Central,65-90
3483,71,Female,Medium,Hypertension,North,65-90
3484,77,Female,Low,No Major Chronic Condition,Central,65-90
3485,69,Male,Medium,Cardiovascular Disease,Central,65-90
3486,73,Female,Low,Respiratory Disease,North,65-90
3487,66,Male,Low,Cardiovascular Disease,West,65-90
3488,57,Male,Medium,Hypertension,Central,50-64
3489,54,Female,Low,Diabetes,South,50-64
3490,47,Male,Low,No Major Chronic Condition,East,35-49
3491,29,Female,Low,Hypertension,West,18-34
3492,34,Female,Low,No Major Chronic Condition,West,18-34
3493,47,Male,High,Diabetes,West,35-49
3494,57,Female,High,No Major Chronic Condition,South,50-64
3495,79,Male,Low,No Major Chronic Condition,North,65-90
3496,51,Male,Low,Diabetes,West,50-64
3497,71,Female,High,Respiratory Disease,South,65-90
3498,73,Female,Low,No Major Chronic Condition,West,65-90
3499,48,Male,Medium,Respiratory Disease,East,35-49
3500,63,Female,Low,No Major Chronic Condition,East,50-64
3501,47,Female,Medium,Diabetes,Central,35-49
3502,77,Female,Low,No Major Chronic Condition,West,65-90
3503,64,Female,Medium,Respiratory Disease,East,50-64
3504,29,Male,Medium,Hypertension,Central,18-34
3505,55,Female,Low,Cardiovascular Disease,South,50-64
3506,83,Female,Medium,Hypertension,West,65-90
3507,49,Male,Medium,Cardiovascular Disease,South,35-49
3508,61,Male,High,Diabetes,East,50-64
3509,62,Male,Medium,No Major Chronic Condition,West,50-64
3510,32,Male,Low,Hypertension,Central,18-34
3511,62,Female,Medium,Cardiovascular Disease,South,50-64
3512,26,Female,Low,No Major Chronic Condition,West,18-34
3513,40,Male,High,No Major Chronic Condition,South,35-49
3514,72,Female,High,No Major Chronic Condition,West,65-90
3515,59,Male,Low,Diabetes,Central,50-64
3516,46,Female,Medium,No Major Chronic Condition,West,35-49
3517,60,Male,Medium,Diabetes,West,50-64
3518,51,Male,Low,Cardiovascular Disease,West,50-64
3519,52,Male,Medium,No Major Chronic Condition,South,50-64
3520,64,Female,Medium,Diabetes,West,50-64
3521,38,Male,Medium,Diabetes,West,35-49
3522,53,Male,Medium,Respiratory Disease,East,50-64
3523,46,Male,Medium,Cardiovascular Disease,Central,35-49
3524,22,Male,Medium,Hypertension,South,18-34
3525,35,Female,Medium,No Major Chronic Condition,South,35-49
3526,82,Female,Medium,No Major Chronic Condition,West,65-90
3527,59,Female,Medium,No Major Chronic Condition,North,50-64
3528,27,Male,Medium,Diabetes,West,18-34
3529,23,Male,Low,Chronic Kidney Disease,Central,18-34
3530,50,Female,Medium,No Major Chronic Condition,West,50-64
3531,82,Male,Medium,Hypertension,West,65-90
3532,48,Female,Low,Cardiovascular Disease,Central,35-49
3533,77,Male,Low,Diabetes,East,65-90
3534,59,Female,Medium,Diabetes,North,50-64
3535,61,Female,Low,Diabetes,West,50-64
3536,27,Female,Medium,Chronic Kidney Disease,West,18-34
3537,70,Male,Medium,Respiratory Disease,Central,65-90
3538,46,Male,Medium,Diabetes,South,35-49
3539,68,Female,High,Respiratory Disease,North,65-90
3540,37,Female,High,Diabetes,North,35-49
3541,55,Male,High,Hypertension,South,50-64
3542,59,Female,High,No Major Chronic Condition,West,50-64
3543,49,Male,Low,Cardiovascular Disease,East,35-49
3544,60,Female,Low,No Major Chronic Condition,North,50-64
3545,47,Male,Low,Hypertension,South,35-49
3546,40,Male,Low,Diabetes,South,35-49
3547,83,Female,High,No Major Chronic Condition,East,65-90
3548,72,Unknown,High,Diabetes,West,65-90
3549,38,Female,Medium,Hypertension,Central,35-49
3550,63,Male,High,Chronic Kidney Disease,East,50-64
3551,38,Male,Medium,Respiratory Disease,South,35-49
3552,29,Female,Medium,No Major Chronic Condition,North,18-34
3553,72,Male,Low,No Major Chronic Condition,East,65-90
3554,20,Female,High,Diabetes,East,18-34
3555,70,Male,Medium,Hypertension,South,65-90
3556,47,Male,Medium,Respiratory Disease,South,35-49
3557,48,Male,Low,Diabetes,West,35-49
3558,60,Male,Medium,Respiratory Disease,West,50-64
3559,63,Male,High,Hypertension,East,50-64
3560,36,Female,Medium,No Major Chronic Condition,East,35-49
3561,66,Female,High,No Major Chronic Condition,East,65-90
3562,54,Male,Medium,Hypertension,North,50-64
3563,28,Female,High,Diabetes,Central,18-34
3564,49,Female,Medium,No Major Chronic Condition,North,35-49
3565,78,Female,Medium,Diabetes,South,65-90
3566,84,Male,High,Diabetes,East,65-90
3567,66,Male,High,Hypertension,East,65-90
3568,29,Female,Low,Hypertension,East,18-34
3569,61,Female,High,Diabetes,Central,50-64
3570,68,Male,Medium,Hypertension,South,65-90
3571,66,Female,Low,Diabetes,North,65-90
3572,67,Male,Medium,No Major Chronic Condition,North,65-90
3573,59,Male,Medium,Hypertension,North,50-64
3574,51,Male,Medium,No Major Chronic Condition,West,50-64
3575,40,Female,Medium,Respiratory Disease,East,35-49
3576,18,Male,Low,Cardiovascular Disease,South,18-34
3577,58,Male,Low,No Major Chronic Condition,West,50-64
3578,56,Female,Medium,Hypertension,West,50-64
3579,63,Male,Low,Diabetes,Central,50-64
3580,27,Female,Medium,Respiratory Disease,South,18-34
3581,64,Male,Medium,Diabetes,West,50-64
3582,90,Male,Low,Hypertension,South,65-90
3583,53,Female,Low,No Major Chronic Condition,Central,50-64
3584,51,Female,Medium,No Major Chronic Condition,Central,50-64
3585,58,Female,High,Cardiovascular Disease,West,50-64
3586,90,Female,High,Cardiovascular Disease,West,65-90
3587,33,Male,Medium,Respiratory Disease,West,18-34
3588,56,Female,Low,Diabetes,East,50-64
3589,37,Male,Medium,Hypertension,South,35-49
3590,42,Female,Medium,Respiratory Disease,West,35-49
3591,51,Male,Medium,Hypertension,Central,50-64
3592,78,Male,Medium,Hypertension,West,65-90
3593,86,Male,Medium,Respiratory Disease,South,65-90
3594,61,Male,Low,Respiratory Disease,East,50-64
3595,45,Male,High,Hypertension,East,35-49
3596,90,Male,Medium,No Major Chronic Condition,North,65-90
3597,44,Male,Low,No Major Chronic Condition,East,35-49
3598,41,Female,High,Respiratory Disease,North,35-49
3599,18,Female,Medium,Hypertension,East,18-34
3600,79,Female,Low,Respiratory Disease,North,65-90
3601,70,Male,Low,Chronic Kidney Disease,South,65-90
3602,90,Male,Medium,Respiratory Disease,Central,65-90
3603,26,Male,Medium,Respiratory Disease,North,18-34
3604,80,Male,Medium,Diabetes,South,65-90
3605,53,Female,Low,Hypertension,South,50-64
3606,67,Male,Low,No Major Chronic Condition,East,65-90
3607,21,Female,Medium,Diabetes,Central,18-34
3608,80,Female,Medium,Respiratory Disease,West,65-90
3609,67,Male,Medium,No Major Chronic Condition,Central,65-90
3610,51,Female,Medium,Diabetes,North,50-64
3611,64,Male,Medium,No Major Chronic Condition,South,50-64
3612,37,Male,Medium,No Major Chronic Condition,Central,35-49
3613,41,Male,Medium,Chronic Kidney Disease,North,35-49
3614,43,Female,Medium,Chronic Kidney Disease,East,35-49
3615,18,Female,Low,No Major Chronic Condition,East,18-34
3616,68,Female,Medium,Diabetes,Central,65-90
3617,75,Female,Low,Chronic Kidney Disease,South,65-90
3618,39,Female,Medium,Hypertension,Central,35-49
3619,59,Female,Medium,No Major Chronic Condition,East,50-64
3620,47,Male,Medium,Cardiovascular Disease,South,35-49
3621,58,Male,High,No Major Chronic Condition,North,50-64
3622,40,Male,Medium,Diabetes,East,35-49
3623,35,Female,Low,Hypertension,North,35-49
3624,72,Male,High,No Major Chronic Condition,South,65-90
3625,51,Female,Medium,Hypertension,East,50-64
3626,90,Female,Medium,Cardiovascular Disease,East,65-90
3627,53,Female,Low,Chronic Kidney Disease,South,50-64
3628,34,Male,Medium,Diabetes,Central,18-34
3629,75,Male,Medium,Hypertension,North,65-90
3630,64,Female,High,Hypertension,Central,50-64
3631,66,Male,Medium,No Major Chronic Condition,West,65-90
3632,75,Male,Medium,Diabetes,West,65-90
3633,40,Female,Medium,Hypertension,West,35-49
3634,50,Male,High,No Major Chronic Condition,South,50-64
3635,49,Female,Low,No Major Chronic Condition,West,35-49
3636,27,Female,Medium,Chronic Kidney Disease,West,18-34
3637,47,Male,Low,Respiratory Disease,West,35-49
3638,77,Female,Low,No Major Chronic Condition,Central,65-90
3639,57,Male,Medium,No Major Chronic Condition,North,50-64
3640,26,Female,Medium,No Major Chronic Condition,Central,18-34
3641,22,Male,High,Respiratory Disease,Central,18-34
3642,84,Male,Medium,Chronic Kidney Disease,Central,65-90
3643,50,Male,Low,No Major Chronic Condition,West,50-64
3644,40,Male,Low,No Major Chronic Condition,West,35-49
3645,47,Male,Low,Chronic Kidney Disease,East,35-49
3646,24,Female,Medium,Diabetes,East,18-34
3647,79,Female,Medium,No Major Chronic Condition,Central,65-90
3648,45,Male,Medium,Hypertension,South,35-49
3649,78,Female,Low,Diabetes,Central,65-90
3650,53,Female,Low,Diabetes,South,50-64
3651,79,Male,Low,Hypertension,South,65-90
3652,57,Female,Medium,Cardiovascular Disease,East,50-64
3653,68,Female,Low,Hypertension,West,65-90
3654,66,Male,Low,Chronic Kidney Disease,North,65-90
3655,64,Male,Medium,No Major Chronic Condition,West,50-64
3656,59,Male,Low,Diabetes,South,50-64
3657,48,Female,Medium,Diabetes,West,35-49
3658,88,Female,High,Hypertension,North,65-90
3659,35,Male,Low,No Major Chronic Condition,North,35-49
3660,52,Female,Low,Hypertension,North,50-64
3661,52,Male,Low,Diabetes,North,50-64
3662,60,Female,Low,Diabetes,West,50-64
3663,44,Female,High,Diabetes,East,35-49
3664,58,Female,Medium,Chronic Kidney Disease,West,50-64
3665,49,Female,Medium,Chronic Kidney Disease,West,35-49
3666,22,Female,Medium,Hypertension,South,18-34
3667,52,Male,Low,Cardiovascular Disease,Central,50-64
3668,31,Male,Medium,Respiratory Disease,West,18-34
3669,19,Female,Low,No Major Chronic Condition,North,18-34
3670,55,Male,High,No Major Chronic Condition,East,50-64
3671,61,Female,Medium,No Major Chronic Condition,South,50-64
3672,62,Female,Low,No Major Chronic Condition,East,50-64
3673,63,Male,Medium,Hypertension,South,50-64
3674,18,Male,Low,Diabetes,East,18-34
3675,26,Male,Low,No Major Chronic Condition,South,18-34
3676,89,Female,Low,Diabetes,East,65-90
3677,32,Female,Low,Cardiovascular Disease,East,18-34
3678,64,Male,Low,Chronic Kidney Disease,West,50-64
3679,39,Male,High,Respiratory Disease,North,35-49
3680,54,Male,Low,Hypertension,North,50-64
3681,40,Male,Medium,Cardiovascular Disease,East,35-49
3682,63,Female,Low,Hypertension,East,50-64
3683,55,Male,Low,Diabetes,East,50-64
3684,43,Male,Low,Cardiovascular Disease,East,35-49
3685,32,Female,Low,Diabetes,South,18-34
3686,57,Female,Low,No Major Chronic Condition,West,50-64
3687,29,Male,Low,Cardiovascular Disease,East,18-34
3688,60,Female,Low,No Major Chronic Condition,East,50-64
3689,90,Male,Medium,No Major Chronic Condition,East,65-90
3690,78,Male,High,Cardiovascular Disease,East,65-90
3691,66,Female,Low,Cardiovascular Disease,East,65-90
3692,50,Male,Medium,No Major Chronic Condition,West,50-64
3693,18,Male,Medium,Diabetes,East,18-34
3694,27,Female,Medium,Cardiovascular Disease,Central,18-34
3695,76,Male,Medium,Hypertension,Central,65-90
3696,37,Female,Medium,No Major Chronic Condition,South,35-49
3697,39,Male,High,No Major Chronic Condition,Central,35-49
3698,49,Female,Low,Respiratory Disease,South,35-49
3699,32,Female,Medium,Cardiovascular Disease,Central,18-34
3700,29,Male,Medium,Respiratory Disease,Central,18-34
3701,51,Female,High,Respiratory Disease,South,50-64
3702,35,Female,Medium,Respiratory Disease,South,35-49
3703,38,Female,High,No Major Chronic Condition,West,35-49
3704,37,Male,Medium,Hypertension,South,35-49
3705,62,Male,Medium,Hypertension,West,50-64
3706,48,Female,High,Diabetes,South,35-49
3707,49,Female,Medium,Chronic Kidney Disease,East,35-49
3708,63,Female,Medium,No Major Chronic Condition,South,50-64
3709,49,Male,Medium,Hypertension,West,35-49
3710,47,Female,Low,Cardiovascular Disease,East,35-49
3711,61,Male,High,No Major Chronic Condition,West,50-64
3712,65,Female,High,Diabetes,West,65-90
3713,49,Male,Medium,No Major Chronic Condition,West,35-49
3714,54,Male,Low,No Major Chronic Condition,East,50-64
3715,37,Female,Low,No Major Chronic Condition,South,35-49
3716,36,Male,Low,Hypertension,South,35-49
3717,67,Female,Low,Respiratory Disease,East,65-90
3718,60,Male,Medium,Hypertension,South,50-64
3719,61,Female,High,Diabetes,West,50-64
3720,57,Female,Medium,Diabetes,South,50-64
3721,53,Female,Medium,Diabetes,South,50-64
3722,65,Female,High,No Major Chronic Condition,West,65-90
3723,70,Male,High,Respiratory Disease,West,65-90
3724,69,Male,Medium,Hypertension,South,65-90
3725,50,Female,Medium,Respiratory Disease,West,50-64
3726,78,Male,Medium,Respiratory Disease,Central,65-90
3727,56,Male,Medium,Diabetes,North,50-64
3728,64,Female,Low,Hypertension,Central,50-64
3729,57,Female,Medium,Respiratory Disease,East,50-64
3730,57,Male,Medium,No Major Chronic Condition,South,50-64
3731,38,Female,Low,Diabetes,West,35-49
3732,65,Male,High,No Major Chronic Condition,West,65-90
3733,90,Female,High,Respiratory Disease,West,65-90
3734,45,Female,Medium,Cardiovascular Disease,South,35-49
3735,53,Male,Low,Diabetes,South,50-64
3736,44,Male,Low,Respiratory Disease,South,35-49
3737,43,Male,Medium,Hypertension,East,35-49
3738,81,Female,High,Diabetes,East,65-90
3739,39,Male,Medium,No Major Chronic Condition,Central,35-49
3740,43,Male,Low,Cardiovascular Disease,East,35-49
3741,22,Male,Low,Diabetes,West,18-34
3742,38,Male,Low,Hypertension,West,35-49
3743,20,Male,Medium,Diabetes,West,18-34
3744,64,Male,Medium,No Major Chronic Condition,Central,50-64
3745,90,Male,Low,Hypertension,West,65-90
3746,45,Male,Medium,Cardiovascular Disease,North,35-49
3747,20,Female,High,No Major Chronic Condition,West,18-34
3748,69,Male,Medium,Diabetes,Central,65-90
3749,38,Male,Low,Cardiovascular Disease,North,35-49
3750,77,Female,Medium,Respiratory Disease,East,65-90
3751,47,Female,High,No Major Chronic Condition,East,35-49
3752,40,Female,Low,Respiratory Disease,East,35-49
3753,49,Male,Low,Diabetes,Central,35-49
3754,66,Female,Medium,Hypertension,West,65-90
3755,48,Female,Low,Hypertension,North,35-49
3756,43,Female,High,Hypertension,North,35-49
3757,48,Female,Medium,No Major Chronic Condition,North,35-49
3758,28,Male,Low,Diabetes,Central,18-34
3759,60,Female,High,Hypertension,North,50-64
3760,18,Female,Medium,Cardiovascular Disease,West,18-34
3761,44,Female,Medium,Diabetes,West,35-49
3762,66,Male,Low,Cardiovascular Disease,South,65-90
3763,58,Male,Medium,Diabetes,South,50-64
3764,63,Female,High,No Major Chronic Condition,West,50-64
3765,51,Female,Low,Hypertension,South,50-64
3766,74,Male,Medium,Cardiovascular Disease,East,65-90
3767,70,Male,High,Respiratory Disease,South,65-90
3768,60,Male,Medium,Hypertension,North,50-64
3769,70,Female,Low,Hypertension,South,65-90
3770,66,Male,Low,Cardiovascular Disease,South,65-90
3771,44,Male,Medium,No Major Chronic Condition,South,35-49
3772,26,Female,Medium,Cardiovascular Disease,South,18-34
3773,60,Male,Low,Cardiovascular Disease,East,50-64
3774,62,Male,Low,Respiratory Disease,South,50-64
3775,73,Male,Medium,Cardiovascular Disease,North,65-90
3776,34,Male,Medium,Chronic Kidney Disease,West,18-34
3777,35,Female,Low,Diabetes,East,35-49
3778,61,Female,Medium,Cardiovascular Disease,Central,50-64
3779,51,Female,Medium,No Major Chronic Condition,West,50-64
3780,18,Male,Low,Respiratory Disease,South,18-34
3781,59,Female,Low,Cardiovascular Disease,East,50-64
3782,18,Female,High,No Major Chronic Condition,Central,18-34
3783,34,Male,High,Hypertension,South,18-34
3784,78,Female,Low,Cardiovascular Disease,South,65-90
3785,87,Male,High,Diabetes,North,65-90
3786,29,Female,Medium,Diabetes,Central,18-34
3787,46,Female,High,Diabetes,South,35-49
3788,53,Female,High,Chronic Kidney Disease,Central,50-64
3789,86,Female,Medium,Cardiovascular Disease,East,65-90
3790,43,Female,Medium,No Major Chronic Condition,East,35-49
3791,43,Female,Low,Diabetes,South,35-49
3792,81,Male,Medium,Hypertension,South,65-90
3793,45,Female,Medium,Respiratory Disease,South,35-49
3794,66,Female,Medium,Diabetes,West,65-90
3795,24,Female,Low,Cardiovascular Disease,West,18-34
3796,49,Female,High,Diabetes,East,35-49
3797,20,Female,High,Diabetes,South,18-34
3798,32,Female,Low,Cardiovascular Disease,West,18-34
3799,68,Male,Medium,Respiratory Disease,East,65-90
3800,51,Male,High,Hypertension,West,50-64
3801,46,Male,Medium,Hypertension,North,35-49
3802,38,Male,High,Hypertension,Central,35-49
3803,48,Male,Medium,Diabetes,East,35-49
3804,58,Female,Low,No Major Chronic Condition,East,50-64
3805,71,Female,Medium,Chronic Kidney Disease,South,65-90
3806,18,Male,Medium,Diabetes,East,18-34
3807,36,Female,Low,Hypertension,South,35-49
3808,55,Female,Medium,Diabetes,East,50-64
3809,50,Male,Medium,Hypertension,South,50-64
3810,60,Female,Medium,No Major Chronic Condition,South,50-64
3811,57,Female,Medium,Diabetes,South,50-64
3812,46,Male,Medium,No Major Chronic Condition,Central,35-49
3813,42,Female,Medium,No Major Chronic Condition,Central,35-49
3814,47,Female,Medium,No Major Chronic Condition,East,35-49
3815,74,Female,Low,Cardiovascular Disease,South,65-90
3816,38,Female,High,Hypertension,East,35-49
3817,51,Male,High,No Major Chronic Condition,Central,50-64
3818,55,Male,Medium,No Major Chronic Condition,West,50-64
3819,82,Female,Medium,Cardiovascular Disease,West,65-90
3820,46,Female,High,Diabetes,West,35-49
3821,70,Female,Low,Diabetes,West,65-90
3822,75,Male,Low,Diabetes,North,65-90
3823,51,Female,Low,Diabetes,South,50-64
3824,48,Female,Medium,Cardiovascular Disease,West,35-49
3825,46,Male,Low,No Major Chronic Condition,North,35-49
3826,47,Male,Medium,Respiratory Disease,North,35-49
3827,68,Male,Medium,Respiratory Disease,West,65-90
3828,56,Male,Low,No Major Chronic Condition,West,50-64
3829,56,Male,Medium,Respiratory Disease,North,50-64
3830,31,Male,Low,Cardiovascular Disease,East,18-34
3831,34,Male,Medium,No Major Chronic Condition,North,18-34
3832,90,Female,Low,Hypertension,North,65-90
3833,49,Female,Low,No Major Chronic Condition,South,35-49
3834,37,Female,Low,Diabetes,West,35-49
3835,79,Male,Medium,Respiratory Disease,South,65-90
3836,57,Male,Low,Cardiovascular Disease,West,50-64
3837,63,Male,Medium,Cardiovascular Disease,North,50-64
3838,49,Female,High,Cardiovascular Disease,North,35-49
3839,46,Male,Medium,Diabetes,South,35-49
3840,49,Female,Low,No Major Chronic Condition,West,35-49
3841,26,Female,Medium,Hypertension,Central,18-34
3842,50,Male,Low,Cardiovascular Disease,South,50-64
3843,58,Male,High,No Major Chronic Condition,East,50-64
3844,87,Male,Medium,Respiratory Disease,North,65-90
3845,54,Female,Medium,No Major Chronic Condition,North,50-64
3846,18,Female,Low,Diabetes,North,18-34
3847,50,Female,Medium,Hypertension,North,50-64
3848,90,Female,Medium,Hypertension,Central,65-90
3849,68,Male,Low,No Major Chronic Condition,West,65-90
3850,37,Female,Medium,No Major Chronic Condition,Central,35-49
3851,63,Female,Low,No Major Chronic Condition,West,50-64
3852,38,Female,High,Respiratory Disease,West,35-49
3853,26,Male,High,Hypertension,South,18-34
3854,45,Male,Low,Hypertension,North,35-49
3855,54,Female,Low,Respiratory Disease,North,50-64
3856,18,Female,Medium,Diabetes,North,18-34
3857,30,Male,High,Respiratory Disease,North,18-34
3858,52,Male,Low,No Major Chronic Condition,North,50-64
3859,44,Female,Low,Hypertension,West,35-49
3860,60,Female,Medium,Chronic Kidney Disease,South,50-64
3861,29,Male,Low,Cardiovascular Disease,East,18-34
3862,66,Unknown,Low,Diabetes,East,65-90
3863,30,Female,Medium,Hypertension,South,18-34
3864,83,Female,Medium,Cardiovascular Disease,North,65-90
3865,19,Female,Medium,Chronic Kidney Disease,East,18-34
3866,31,Female,Low,Cardiovascular Disease,Central,18-34
3867,60,Female,Medium,Diabetes,West,50-64
3868,84,Female,Medium,Diabetes,Central,65-90
3869,58,Female,Medium,Chronic Kidney Disease,South,50-64
3870,63,Female,High,Hypertension,West,50-64
3871,52,Female,Low,Respiratory Disease,West,50-64
3872,32,Female,Medium,Hypertension,Central,18-34
3873,43,Male,High,No Major Chronic Condition,South,35-49
3874,29,Female,Low,Hypertension,West,18-34
3875,28,Male,High,Diabetes,East,18-34
3876,60,Male,Medium,Cardiovascular Disease,South,50-64
3877,31,Male,Low,Chronic Kidney Disease,East,18-34
3878,58,Female,Low,No Major Chronic Condition,South,50-64
3879,27,Female,Low,No Major Chronic Condition,Central,18-34
3880,58,Male,High,Cardiovascular Disease,Central,50-64
3881,43,Female,High,Respiratory Disease,West,35-49
3882,79,Female,Medium,Respiratory Disease,North,65-90
3883,58,Female,Low,Cardiovascular Disease,South,50-64
3884,75,Male,Medium,Diabetes,South,65-90
3885,38,Male,Medium,Chronic Kidney Disease,West,35-49
3886,53,Female,Low,No Major Chronic Condition,North,50-64
3887,33,Male,Low,Diabetes,West,18-34
3888,44,Male,Medium,Hypertension,East,35-49
3889,47,Female,Medium,Diabetes,South,35-49
3890,38,Female,Medium,Cardiovascular Disease,North,35-49
3891,29,Female,Medium,Cardiovascular Disease,North,18-34
3892,25,Male,Low,Hypertension,Central,18-34
3893,18,Male,Low,Cardiovascular Disease,East,18-34
3894,32,Male,Medium,No Major Chronic Condition,East,18-34
3895,64,Male,Medium,Hypertension,North,50-64
3896,22,Female,Low,No Major Chronic Condition,West,18-34
3897,26,Male,High,No Major Chronic Condition,South,18-34
3898,86,Male,Medium,Respiratory Disease,South,65-90
3899,40,Male,Low,Hypertension,West,35-49
3900,58,Female,Low,No Major Chronic Condition,North,50-64
3901,64,Female,High,Hypertension,West,50-64
3902,65,Female,Medium,Diabetes,West,65-90
3903,23,Female,Low,Diabetes,East,18-34
3904,48,Male,Medium,No Major Chronic Condition,South,35-49
3905,21,Male,Low,Diabetes,South,18-34
3906,90,Male,Medium,Cardiovascular Disease,West,65-90
3907,22,Female,Medium,Chronic Kidney Disease,South,18-34
3908,32,Female,High,Respiratory Disease,West,18-34
3909,32,Female,Medium,Respiratory Disease,West,18-34
3910,24,Male,Medium,Hypertension,South,18-34
3911,78,Male,Low,Chronic Kidney Disease,South,65-90
3912,90,Female,High,Diabetes,South,65-90
3913,43,Male,Low,Hypertension,South,35-49
3914,27,Male,Low,Diabetes,Central,18-34
3915,18,Female,High,Cardiovascular Disease,East,18-34
3916,47,Female,High,Diabetes,West,35-49
3917,46,Female,Medium,Respiratory Disease,South,35-49
3918,40,Female,Medium,Diabetes,South,35-49
3919,56,Male,Low,Cardiovascular Disease,East,50-64
3920,60,Female,Medium,Diabetes,Central,50-64
3921,58,Male,Low,Cardiovascular Disease,West,50-64
3922,46,Male,Low,No Major Chronic Condition,North,35-49
3923,31,Male,Medium,Hypertension,Central,18-34
3924,65,Male,High,Chronic Kidney Disease,South,65-90
3925,52,Female,High,Cardiovascular Disease,East,50-64
3926,69,Male,High,Hypertension,Central,65-90
3927,67,Female,Medium,Hypertension,East,65-90
3928,25,Male,Low,Hypertension,Central,18-34
3929,25,Female,Low,No Major Chronic Condition,West,18-34
3930,38,Female,Medium,Hypertension,North,35-49
3931,32,Female,Low,No Major Chronic Condition,West,18-34
3932,66,Male,Medium,Chronic Kidney Disease,West,65-90
3933,59,Male,Medium,Cardiovascular Disease,South,50-64
3934,73,Male,High,No Major Chronic Condition,Central,65-90
3935,60,Female,Medium,Hypertension,West,50-64
3936,56,Male,Medium,No Major Chronic Condition,South,50-64
3937,75,Male,Medium,Hypertension,South,65-90
3938,61,Female,Medium,Respiratory Disease,South,50-64
3939,53,Female,Low,Diabetes,South,50-64
3940,80,Female,Medium,No Major Chronic Condition,East,65-90
3941,54,Male,Medium,Hypertension,West,50-64
3942,46,Female,Low,Respiratory Disease,North,35-49
3943,36,Female,Medium,No Major Chronic Condition,East,35-49
3944,65,Male,High,Diabetes,South,65-90
3945,76,Male,Low,No Major Chronic Condition,Central,65-90
3946,51,Female,Medium,Cardiovascular Disease,Central,50-64
3947,77,Male,Low,No Major Chronic Condition,North,65-90
3948,18,Female,Medium,Cardiovascular Disease,South,18-34
3949,51,Male,High,No Major Chronic Condition,Central,50-64
3950,51,Female,Low,No Major Chronic Condition,South,50-64
3951,38,Female,High,Hypertension,West,35-49
3952,90,Male,High,Chronic Kidney Disease,North,65-90
3953,51,Female,Low,No Major Chronic Condition,South,50-64
3954,44,Male,Medium,No Major Chronic Condition,East,35-49
3955,52,Female,High,No Major Chronic Condition,South,50-64
3956,18,Female,High,Chronic Kidney Disease,West,18-34
3957,38,Male,Medium,Hypertension,Central,35-49
3958,71,Male,Low,No Major Chronic Condition,East,65-90
3959,40,Male,Low,Chronic Kidney Disease,East,35-49
3960,36,Male,Low,Diabetes,West,35-49
3961,77,Female,Medium,Diabetes,West,65-90
3962,77,Female,Medium,Hypertension,North,65-90
3963,62,Female,Medium,No Major Chronic Condition,South,50-64
3964,43,Male,Medium,No Major Chronic Condition,East,35-49
3965,47,Female,Low,No Major Chronic Condition,South,35-49
3966,37,Female,High,Diabetes,West,35-49
3967,33,Male,Low,Diabetes,Central,18-34
3968,32,Female,Low,Hypertension,West,18-34
3969,40,Male,High,Chronic Kidney Disease,West,35-49
3970,32,Female,Low,No Major Chronic Condition,West,18-34
3971,22,Female,Low,No Major Chronic Condition,South,18-34
3972,56,Female,High,Hypertension,North,50-64
3973,56,Female,High,No Major Chronic Condition,East,50-64
3974,84,Male,High,Respiratory Disease,South,65-90
3975,39,Female,Low,No Major Chronic Condition,Central,35-49
3976,58,Male,Low,No Major Chronic Condition,West,50-64
3977,58,Male,Low,Cardiovascular Disease,South,50-64
3978,47,Female,Low,No Major Chronic Condition,North,35-49
3979,66,Male,High,Hypertension,South,65-90
3980,67,Male,Low,No Major Chronic Condition,South,65-90
3981,58,Female,Medium,No Major Chronic Condition,West,50-64
3982,47,Male,Low,No Major Chronic Condition,Central,35-49
3983,45,Female,Medium,Hypertension,South,35-49
3984,26,Male,Low,No Major Chronic Condition,West,18-34
3985,37,Female,Low,Diabetes,West,35-49
3986,40,Male,Low,No Major Chronic Condition,South,35-49
3987,31,Male,High,No Major Chronic Condition,North,18-34
3988,60,Male,Medium,Diabetes,North,50-64
3989,75,Male,Medium,Respiratory Disease,East,65-90
3990,35,Female,Low,Respiratory Disease,West,35-49
3991,57,Male,Medium,No Major Chronic Condition,West,50-64
3992,32,Female,Medium,Diabetes,West,18-34
3993,46,Female,Medium,No Major Chronic Condition,East,35-49
3994,39,Female,Medium,No Major Chronic Condition,South,35-49
3995,63,Male,High,Chronic Kidney Disease,North,50-64
3996,39,Male,High,Cardiovascular Disease,West,35-49
3997,71,Female,High,Respiratory Disease,East,65-90
3998,47,Male,Medium,Diabetes,Central,35-49
3999,40,Male,Low,No Major Chronic Condition,South,35-49
4000,28,Female,Low,Diabetes,South,18-34
4001,57,Female,Low,Hypertension,West,50-64
4002,69,Male,Low,Diabetes,East,65-90
4003,57,Male,Medium,Chronic Kidney Disease,West,50-64
4004,90,Female,Medium,Respiratory Disease,North,65-90
4005,79,Female,Medium,Chronic Kidney Disease,North,65-90
4006,46,Female,Medium,Diabetes,East,35-49
4007,46,Female,High,Hypertension,East,35-49
4008,61,Female,Low,Cardiovascular Disease,North,50-64
4009,36,Female,Low,Respiratory Disease,South,35-49
4010,74,Female,Medium,Diabetes,West,65-90
4011,59,Male,Medium,Respiratory Disease,East,50-64
4012,57,Female,Medium,Hypertension,North,50-64
4013,65,Female,High,No Major Chronic Condition,Central,65-90
4014,85,Female,Low,Cardiovascular Disease,North,65-90
4015,55,Male,Medium,Diabetes,South,50-64
4016,50,Female,High,Diabetes,North,50-64
4017,81,Female,Medium,Hypertension,South,65-90
4018,70,Female,Medium,Hypertension,West,65-90
4019,46,Male,Low,No Major Chronic Condition,North,35-49
4020,52,Female,Low,Chronic Kidney Disease,North,50-64
4021,56,Female,Low,Diabetes,South,50-64
4022,59,Male,Medium,No Major Chronic Condition,North,50-64
4023,26,Male,Medium,Diabetes,South,18-34
4024,23,Female,High,No Major Chronic Condition,South,18-34
4025,35,Female,Medium,Diabetes,South,35-49
4026,34,Male,Low,Hypertension,West,18-34
4027,40,Male,High,No Major Chronic Condition,South,35-49
4028,64,Male,Low,Hypertension,North,50-64
4029,49,Male,Medium,Diabetes,East,35-49
4030,56,Male,Low,No Major Chronic Condition,North,50-64
4031,29,Male,Medium,Chronic Kidney Disease,North,18-34
4032,43,Female,High,No Major Chronic Condition,South,35-49
4033,63,Male,Low,Respiratory Disease,South,50-64
4034,63,Male,Medium,Diabetes,North,50-64
4035,38,Male,Medium,Respiratory Disease,South,35-49
4036,55,Female,Low,No Major Chronic Condition,East,50-64
4037,90,Female,Low,Diabetes,South,65-90
4038,52,Male,Medium,Diabetes,North,50-64
4039,39,Male,Low,Chronic Kidney Disease,Central,35-49
4040,49,Female,Low,No Major Chronic Condition,West,35-49
4041,54,Male,Medium,Hypertension,West,50-64
4042,49,Female,Medium,Chronic Kidney Disease,South,35-49
4043,51,Female,Low,Diabetes,East,50-64
4044,25,Male,High,Cardiovascular Disease,West,18-34
4045,34,Male,High,No Major Chronic Condition,South,18-34
4046,49,Female,High,Diabetes,West,35-49
4047,49,Female,Medium,Hypertension,West,35-49
4048,41,Female,Low,Respiratory Disease,South,35-49
4049,49,Male,Low,Hypertension,South,35-49
4050,53,Male,High,No Major Chronic Condition,North,50-64
4051,69,Male,High,No Major Chronic Condition,East,65-90
4052,50,Male,Medium,Respiratory Disease,West,50-64
4053,60,Female,Medium,No Major Chronic Condition,East,50-64
4054,42,Female,Medium,No Major Chronic Condition,South,35-49
4055,63,Male,Medium,Chronic Kidney Disease,South,50-64
4056,59,Female,Low,No Major Chronic Condition,West,50-64
4057,68,Female,Medium,Diabetes,East,65-90
4058,66,Male,Medium,No Major Chronic Condition,East,65-90
4059,63,Male,Medium,Hypertension,East,50-64
4060,50,Female,Medium,Diabetes,West,50-64
4061,57,Female,Medium,Respiratory Disease,East,50-64
4062,72,Male,Low,Hypertension,West,65-90
4063,40,Female,Low,Diabetes,West,35-49
4064,40,Female,Low,Respiratory Disease,Central,35-49
4065,55,Male,Low,Diabetes,West,50-64
4066,60,Male,Low,No Major Chronic Condition,East,50-64
4067,36,Female,Medium,No Major Chronic Condition,Central,35-49
4068,51,Female,Medium,Chronic Kidney Disease,Central,50-64
4069,50,Female,Medium,Hypertension,South,50-64
4070,18,Female,Medium,Respiratory Disease,West,18-34
4071,48,Male,Medium,Diabetes,Central,35-49
4072,49,Male,Low,Respiratory Disease,South,35-49
4073,49,Female,Medium,Hypertension,South,35-49
4074,79,Male,Low,Cardiovascular Disease,South,65-90
4075,29,Female,Low,Diabetes,East,18-34
4076,36,Male,Medium,No Major Chronic Condition,Central,35-49
4077,18,Male,High,Hypertension,South,18-34
4078,43,Female,Low,Cardiovascular Disease,West,35-49
4079,44,Female,Medium,Hypertension,West,35-49
4080,42,Male,Low,Respiratory Disease,West,35-49
4081,73,Female,Low,No Major Chronic Condition,East,65-90
4082,68,Female,High,Diabetes,East,65-90
4083,53,Female,Medium,Diabetes,South,50-64
4084,45,Female,Medium,Diabetes,North,35-49
4085,71,Female,High,Respiratory Disease,South,65-90
4086,52,Female,Medium,Respiratory Disease,South,50-64
4087,36,Female,Low,No Major Chronic Condition,West,35-49
4088,19,Female,Medium,No Major Chronic Condition,Central,18-34
4089,44,Male,Medium,Diabetes,North,35-49
4090,66,Male,Medium,No Major Chronic Condition,West,65-90
4091,90,Male,Medium,No Major Chronic Condition,North,65-90
4092,53,Male,Medium,Respiratory Disease,South,50-64
4093,37,Male,Low,Hypertension,North,35-49
4094,29,Female,Medium,No Major Chronic Condition,South,18-34
4095,62,Female,Low,Respiratory Disease,Central,50-64
4096,18,Female,Low,Hypertension,South,18-34
4097,62,Female,Medium,Diabetes,North,50-64
4098,68,Male,Medium,Respiratory Disease,North,65-90
4099,60,Female,High,Respiratory Disease,West,50-64
4100,48,Male,Medium,Diabetes,South,35-49
4101,63,Female,Medium,No Major Chronic Condition,Central,50-64
4102,55,Female,Low,Diabetes,East,50-64
4103,37,Female,Medium,Hypertension,East,35-49
4104,87,Female,Low,Hypertension,East,65-90
4105,45,Female,Medium,Chronic Kidney Disease,West,35-49
4106,67,Male,Medium,Diabetes,West,65-90
4107,18,Female,Low,Chronic Kidney Disease,North,18-34
4108,76,Male,High,Cardiovascular Disease,South,65-90
4109,80,Male,Medium,Diabetes,South,65-90
4110,53,Female,Medium,Diabetes,Central,50-64
4111,63,Male,Medium,Cardiovascular Disease,West,50-64
4112,63,Female,Medium,Cardiovascular Disease,South,50-64
4113,40,Female,Medium,Diabetes,South,35-49
4114,62,Female,Low,Cardiovascular Disease,South,50-64
4115,37,Male,High,Cardiovascular Disease,Central,35-49
4116,40,Male,Medium,No Major Chronic Condition,East,35-49
4117,73,Male,Medium,Chronic Kidney Disease,North,65-90
4118,71,Male,Medium,Diabetes,West,65-90
4119,39,Female,Low,Cardiovascular Disease,North,35-49
4120,38,Male,Medium,Diabetes,West,35-49
4121,40,Male,Medium,Cardiovascular Disease,East,35-49
4122,66,Female,High,Hypertension,West,65-90
4123,33,Female,Low,No Major Chronic Condition,East,18-34
4124,59,Female,Medium,Cardiovascular Disease,North,50-64
4125,66,Female,High,No Major Chronic Condition,Central,65-90
4126,50,Male,High,Respiratory Disease,Central,50-64
4127,71,Female,Medium,Hypertension,South,65-90
4128,46,Female,Medium,Hypertension,East,35-49
4129,48,Male,Medium,Diabetes,East,35-49
4130,33,Male,Low,No Major Chronic Condition,East,18-34
4131,71,Male,Medium,No Major Chronic Condition,North,65-90
4132,37,Male,Medium,Hypertension,East,35-49
4133,59,Male,Low,Cardiovascular Disease,South,50-64
4134,51,Female,Medium,Hypertension,West,50-64
4135,32,Male,Low,Cardiovascular Disease,West,18-34
4136,40,Female,Medium,No Major Chronic Condition,North,35-49
4137,78,Female,Medium,Diabetes,West,65-90
4138,56,Male,High,Hypertension,North,50-64
4139,33,Male,Low,Chronic Kidney Disease,North,18-34
4140,58,Male,Low,Hypertension,North,50-64
4141,49,Female,Medium,Diabetes,East,35-49
4142,90,Male,Medium,Hypertension,West,65-90
4143,57,Female,Low,Chronic Kidney Disease,South,50-64
4144,45,Female,Medium,No Major Chronic Condition,Central,35-49
4145,79,Female,High,No Major Chronic Condition,South,65-90
4146,18,Female,Medium,Respiratory Disease,North,18-34
4147,54,Female,Low,No Major Chronic Condition,East,50-64
4148,90,Male,Low,Respiratory Disease,East,65-90
4149,50,Female,Medium,Cardiovascular Disease,East,50-64
4150,19,Male,Medium,Diabetes,South,18-34
4151,44,Male,High,Hypertension,North,35-49
4152,80,Female,Low,Cardiovascular Disease,West,65-90
4153,59,Male,Medium,No Major Chronic Condition,South,50-64
4154,36,Female,High,Respiratory Disease,Central,35-49
4155,39,Male,Low,No Major Chronic Condition,South,35-49
4156,41,Female,High,Hypertension,South,35-49
4157,59,Female,Medium,Diabetes,Central,50-64
4158,77,Female,Medium,No Major Chronic Condition,South,65-90
4159,72,Male,Medium,Hypertension,North,65-90
4160,61,Female,High,Cardiovascular Disease,West,50-64
4161,27,Male,High,Diabetes,South,18-34
4162,27,Female,Low,No Major Chronic Condition,South,18-34
4163,62,Male,Medium,Diabetes,East,50-64
4164,26,Female,Low,No Major Chronic Condition,West,18-34
4165,48,Female,Low,Diabetes,East,35-49
4166,58,Female,Medium,Diabetes,West,50-64
4167,30,Female,Medium,No Major Chronic Condition,Central,18-34
4168,33,Male,Medium,Hypertension,West,18-34
4169,50,Male,Low,Hypertension,South,50-64
4170,62,Female,Low,Respiratory Disease,West,50-64
4171,72,Female,Low,Hypertension,West,65-90
4172,64,Female,Low,Hypertension,South,50-64
4173,53,Male,Low,Diabetes,West,50-64
4174,38,Male,High,Cardiovascular Disease,East,35-49
4175,32,Male,Low,Diabetes,North,18-34
4176,42,Male,High,No Major Chronic Condition,West,35-49
4177,60,Female,Low,No Major Chronic Condition,South,50-64
4178,58,Female,Medium,Hypertension,South,50-64
4179,18,Male,Low,Cardiovascular Disease,East,18-34
4180,37,Female,Low,Respiratory Disease,East,35-49
4181,75,Female,Medium,Chronic Kidney Disease,West,65-90
4182,54,Female,Low,Cardiovascular Disease,Central,50-64
4183,25,Male,Low,Respiratory Disease,West,18-34
4184,90,Male,Medium,Diabetes,Central,65-90
4185,51,Male,Medium,Cardiovascular Disease,North,50-64
4186,59,Female,Medium,Diabetes,North,50-64
4187,60,Female,Low,No Major Chronic Condition,West,50-64
4188,45,Female,Low,Cardiovascular Disease,West,35-49
4189,38,Male,Medium,Respiratory Disease,Central,35-49
4190,90,Female,High,Cardiovascular Disease,West,65-90
4191,71,Male,Low,Diabetes,North,65-90
4192,68,Female,Low,Diabetes,West,65-90
4193,63,Male,Medium,Hypertension,South,50-64
4194,33,Male,High,Chronic Kidney Disease,South,18-34
4195,76,Female,Low,Respiratory Disease,West,65-90
4196,36,Male,Medium,Diabetes,West,35-49
4197,57,Female,Medium,Cardiovascular Disease,South,50-64
4198,21,Male,Low,Hypertension,West,18-34
4199,18,Male,Medium,Respiratory Disease,Central,18-34
4200,58,Male,Medium,Hypertension,South,50-64
4201,37,Female,Low,No Major Chronic Condition,North,35-49
4202,18,Male,Low,Cardiovascular Disease,North,18-34
4203,62,Male,Low,Cardiovascular Disease,East,50-64
4204,90,Male,Low,Chronic Kidney Disease,South,65-90
4205,78,Male,Medium,No Major Chronic Condition,East,65-90
4206,47,Female,Medium,Cardiovascular Disease,North,35-49
4207,52,Female,High,Diabetes,South,50-64
4208,69,Female,Medium,Diabetes,South,65-90
4209,73,Female,Medium,Hypertension,Central,65-90
4210,45,Male,Low,Chronic Kidney Disease,South,35-49
4211,53,Male,Medium,Respiratory Disease,North,50-64
4212,58,Female,Low,Hypertension,South,50-64
4213,63,Female,Low,Diabetes,Central,50-64
4214,49,Male,Medium,Respiratory Disease,South,35-49
4215,50,Male,Medium,Respiratory Disease,West,50-64
4216,78,Male,Low,No Major Chronic Condition,South,65-90
4217,75,Female,Medium,Chronic Kidney Disease,North,65-90
4218,61,Male,Low,Hypertension,East,50-64
4219,85,Female,Medium,Chronic Kidney Disease,West,65-90
4220,45,Female,Medium,Cardiovascular Disease,West,35-49
4221,83,Male,Medium,Respiratory Disease,South,65-90
4222,62,Female,Low,Hypertension,Central,50-64
4223,90,Male,Medium,No Major Chronic Condition,East,65-90
4224,29,Female,Low,Diabetes,East,18-34
4225,39,Female,Medium,Hypertension,Central,35-49
4226,60,Male,High,Hypertension,South,50-64
4227,60,Female,Low,No Major Chronic Condition,West,50-64
4228,89,Female,Medium,Chronic Kidney Disease,East,65-90
4229,39,Female,Low,Hypertension,North,35-49
4230,69,Female,Medium,Diabetes,North,65-90
4231,74,Male,Medium,Diabetes,Central,65-90
4232,65,Female,Medium,Chronic Kidney Disease,Central,65-90
4233,34,Male,Medium,Cardiovascular Disease,Central,18-34
4234,79,Male,High,Chronic Kidney Disease,West,65-90
4235,75,Male,High,Chronic Kidney Disease,West,65-90
4236,63,Female,High,No Major Chronic Condition,South,50-64
4237,56,Male,Low,Cardiovascular Disease,West,50-64
4238,56,Male,High,No Major Chronic Condition,East,50-64
4239,51,Female,Low,Cardiovascular Disease,South,50-64
4240,64,Male,Low,Chronic Kidney Disease,West,50-64
4241,53,Female,Medium,Respiratory Disease,North,50-64
4242,36,Female,Low,No Major Chronic Condition,East,35-49
4243,32,Female,Medium,Hypertension,West,18-34
4244,38,Female,Low,Chronic Kidney Disease,West,35-49
4245,56,Female,Medium,Respiratory Disease,East,50-64
4246,51,Female,Low,No Major Chronic Condition,South,50-64
4247,56,Female,Low,Diabetes,East,50-64
4248,62,Male,High,Respiratory Disease,North,50-64
4249,40,Female,Medium,Hypertension,North,35-49
4250,80,Male,Low,No Major Chronic Condition,West,65-90
4251,47,Male,Medium,No Major Chronic Condition,North,35-49
4252,44,Female,High,Chronic Kidney Disease,South,35-49
4253,61,Female,Medium,Cardiovascular Disease,South,50-64
4254,18,Female,Low,Chronic Kidney Disease,Central,18-34
4255,37,Male,High,Respiratory Disease,West,35-49
4256,71,Female,Medium,Hypertension,West,65-90
4257,19,Female,Low,No Major Chronic Condition,West,18-34
4258,73,Male,Low,Cardiovascular Disease,South,65-90
4259,81,Female,Low,Hypertension,South,65-90
4260,45,Female,High,Chronic Kidney Disease,North,35-49
4261,58,Male,High,Diabetes,East,50-64
4262,73,Male,Medium,Chronic Kidney Disease,North,65-90
4263,43,Female,Medium,Cardiovascular Disease,Central,35-49
4264,68,Female,High,Respiratory Disease,North,65-90
4265,39,Female,Medium,Diabetes,South,35-49
4266,43,Female,Medium,Chronic Kidney Disease,East,35-49
4267,37,Female,High,Chronic Kidney Disease,South,35-49
4268,59,Female,Low,No Major Chronic Condition,North,50-64
4269,74,Male,Low,Cardiovascular Disease,Central,65-90
4270,49,Male,Medium,Respiratory Disease,South,35-49
4271,28,Male,Medium,Respiratory Disease,West,18-34
4272,31,Male,Low,Hypertension,West,18-34
4273,59,Female,Low,Diabetes,South,50-64
4274,87,Female,Medium,Cardiovascular Disease,South,65-90
4275,59,Male,Medium,No Major Chronic Condition,East,50-64
4276,45,Female,High,Hypertension,Central,35-49
4277,67,Female,High,No Major Chronic Condition,West,65-90
4278,47,Male,Medium,Respiratory Disease,South,35-49
4279,45,Female,Medium,Hypertension,North,35-49
4280,34,Female,Medium,Diabetes,East,18-34
4281,79,Female,Low,Cardiovascular Disease,East,65-90
4282,18,Male,Medium,Hypertension,South,18-34
4283,67,Male,Medium,Diabetes,West,65-90
4284,43,Female,High,No Major Chronic Condition,Central,35-49
4285,44,Female,High,No Major Chronic Condition,Central,35-49
4286,84,Male,Low,Diabetes,West,65-90
4287,38,Female,High,Hypertension,Central,35-49
4288,39,Male,Medium,Respiratory Disease,South,35-49
4289,50,Male,Low,No Major Chronic Condition,North,50-64
4290,60,Male,Medium,No Major Chronic Condition,East,50-64
4291,44,Female,High,No Major Chronic Condition,West,35-49
4292,22,Male,Medium,Cardiovascular Disease,West,18-34
4293,36,Female,Medium,No Major Chronic Condition,Central,35-49
4294,76,Female,Medium,Hypertension,East,65-90
4295,53,Female,Medium,Diabetes,South,50-64
4296,61,Female,Medium,Chronic Kidney Disease,South,50-64
4297,47,Female,Medium,Respiratory Disease,East,35-49
4298,39,Male,High,No Major Chronic Condition,West,35-49
4299,84,Male,Medium,Respiratory Disease,West,65-90
4300,48,Female,Low,No Major Chronic Condition,North,35-49
4301,44,Male,Medium,Hypertension,South,35-49
4302,73,Male,Medium,Hypertension,North,65-90
4303,38,Female,Medium,No Major Chronic Condition,East,35-49
4304,41,Male,Medium,Cardiovascular Disease,South,35-49
4305,52,Male,Low,Diabetes,Central,50-64
4306,52,Male,Medium,Hypertension,West,50-64
4307,57,Female,High,No Major Chronic Condition,West,50-64
4308,90,Male,Medium,No Major Chronic Condition,North,65-90
4309,58,Male,Medium,No Major Chronic Condition,South,50-64
4310,18,Female,Medium,Chronic Kidney Disease,North,18-34
4311,58,Female,Medium,No Major Chronic Condition,North,50-64
4312,53,Female,Medium,Hypertension,South,50-64
4313,53,Female,Medium,Respiratory Disease,South,50-64
4314,57,Female,Medium,Respiratory Disease,Central,50-64
4315,51,Female,Medium,No Major Chronic Condition,Central,50-64
4316,51,Male,Medium,Diabetes,Central,50-64
4317,64,Male,Medium,No Major Chronic Condition,North,50-64
4318,42,Female,Low,Chronic Kidney Disease,East,35-49
4319,34,Female,Medium,Diabetes,North,18-34
4320,90,Female,Medium,Cardiovascular Disease,East,65-90
4321,38,Female,Low,Diabetes,East,35-49
4322,54,Male,Low,Respiratory Disease,South,50-64
4323,24,Female,Medium,Cardiovascular Disease,North,18-34
4324,54,Male,Medium,No Major Chronic Condition,North,50-64
4325,34,Female,Medium,Respiratory Disease,South,18-34
4326,44,Female,Medium,No Major Chronic Condition,South,35-49
4327,72,Male,High,Hypertension,North,65-90
4328,61,Female,Low,No Major Chronic Condition,Central,50-64
4329,63,Female,Medium,No Major Chronic Condition,North,50-64
4330,18,Female,Medium,Respiratory Disease,South,18-34
4331,87,Male,Low,Hypertension,Central,65-90
4332,29,Female,High,No Major Chronic Condition,Central,18-34
4333,81,Male,High,No Major Chronic Condition,South,65-90
4334,71,Male,Low,No Major Chronic Condition,West,65-90
4335,63,Male,Low,Diabetes,North,50-64
4336,36,Male,High,No Major Chronic Condition,West,35-49
4337,55,Male,Low,Hypertension,Central,50-64
4338,43,Male,High,Cardiovascular Disease,East,35-49
4339,53,Female,Low,Chronic Kidney Disease,North,50-64
4340,47,Male,Medium,Cardiovascular Disease,East,35-49
4341,18,Male,Low,Hypertension,West,18-34
4342,73,Female,Medium,Cardiovascular Disease,Central,65-90
4343,50,Male,Low,Hypertension,South,50-64
4344,43,Female,Medium,Respiratory Disease,South,35-49
4345,41,Male,High,Diabetes,West,35-49
4346,59,Female,Low,Cardiovascular Disease,South,50-64
4347,35,Female,Medium,Respiratory Disease,South,35-49
4348,18,Female,Low,No Major Chronic Condition,North,18-34
4349,60,Female,Medium,Cardiovascular Disease,South,50-64
4350,62,Female,Low,Cardiovascular Disease,South,50-64
4351,48,Female,Medium,No Major Chronic Condition,West,35-49
4352,30,Male,Medium,No Major Chronic Condition,North,18-34
4353,54,Female,High,Chronic Kidney Disease,South,50-64
4354,24,Male,High,Respiratory Disease,West,18-34
4355,32,Male,Low,Hypertension,East,18-34
4356,38,Female,Low,Respiratory Disease,West,35-49
4357,68,Female,Low,No Major Chronic Condition,Central,65-90
4358,45,Female,Medium,No Major Chronic Condition,South,35-49
4359,43,Female,Low,Diabetes,Central,35-49
4360,89,Female,High,Hypertension,Central,65-90
4361,59,Male,High,No Major Chronic Condition,South,50-64
4362,58,Male,Low,No Major Chronic Condition,West,50-64
4363,45,Female,Low,Chronic Kidney Disease,East,35-49
4364,41,Male,Medium,Diabetes,West,35-49
4365,18,Female,Medium,Chronic Kidney Disease,West,18-34
4366,70,Male,Medium,Cardiovascular Disease,Central,65-90
4367,61,Male,Low,Hypertension,South,50-64
4368,49,Female,High,Hypertension,West,35-49
4369,49,Male,Medium,Hypertension,North,35-49
4370,66,Male,Low,Cardiovascular Disease,Central,65-90
4371,22,Female,Low,Diabetes,North,18-34
4372,41,Female,Medium,Cardiovascular Disease,South,35-49
4373,30,Male,Low,Diabetes,West,18-34
4374,86,Female,High,Cardiovascular Disease,East,65-90
4375,69,Female,Medium,No Major Chronic Condition,West,65-90
4376,18,Male,High,Chronic Kidney Disease,South,18-34
4377,23,Female,Medium,Diabetes,East,18-34
4378,49,Female,High,Chronic Kidney Disease,West,35-49
4379,43,Male,Medium,Diabetes,Central,35-49
4380,27,Female,Medium,Cardiovascular Disease,East,18-34
4381,89,Female,Low,Hypertension,West,65-90
4382,58,Male,Medium,No Major Chronic Condition,East,50-64
4383,61,Female,Medium,Diabetes,Central,50-64
4384,39,Male,Medium,No Major Chronic Condition,West,35-49
4385,66,Male,Medium,Chronic Kidney Disease,South,65-90
4386,45,Female,Low,Hypertension,East,35-49
4387,47,Male,Medium,No Major Chronic Condition,North,35-49
4388,64,Male,Low,Cardiovascular Disease,Central,50-64
4389,21,Male,Medium,Chronic Kidney Disease,South,18-34
4390,82,Female,Medium,No Major Chronic Condition,North,65-90
4391,55,Female,High,Hypertension,East,50-64
4392,76,Female,Medium,Diabetes,West,65-90
4393,32,Male,High,No Major Chronic Condition,West,18-34
4394,34,Male,High,Hypertension,South,18-34
4395,30,Female,Low,No Major Chronic Condition,South,18-34
4396,57,Male,Medium,Hypertension,South,50-64
4397,53,Female,Low,Cardiovascular Disease,East,50-64
4398,43,Female,High,Cardiovascular Disease,Central,35-49
4399,33,Male,Medium,Cardiovascular Disease,Central,18-34
4400,28,Female,Low,No Major Chronic Condition,East,18-34
4401,51,Male,Low,Hypertension,South,50-64
4402,43,Female,Medium,Respiratory Disease,South,35-49
4403,39,Male,Low,Hypertension,West,35-49
4404,81,Male,Medium,Diabetes,West,65-90
4405,50,Female,High,Hypertension,North,50-64
4406,76,Female,Low,Respiratory Disease,North,65-90
4407,42,Male,Medium,Respiratory Disease,East,35-49
4408,57,Female,Medium,Hypertension,East,50-64
4409,51,Male,Low,No Major Chronic Condition,Central,50-64
4410,20,Male,Low,Hypertension,North,18-34
4411,79,Female,Low,No Major Chronic Condition,West,65-90
4412,49,Male,High,Diabetes,Central,35-49
4413,66,Female,Medium,Chronic Kidney Disease,South,65-90
4414,38,Female,Medium,Hypertension,North,35-49
4415,49,Female,High,Cardiovascular Disease,South,35-49
4416,36,Male,Low,No Major Chronic Condition,West,35-49
4417,75,Male,Low,Chronic Kidney Disease,North,65-90
4418,58,Female,Low,Hypertension,Central,50-64
4419,59,Female,Medium,Chronic Kidney Disease,West,50-64
4420,78,Unknown,Medium,Cardiovascular Disease,West,65-90
4421,74,Male,Medium,Diabetes,West,65-90
4422,67,Female,Low,Chronic Kidney Disease,North,65-90
4423,25,Female,Medium,No Major Chronic Condition,West,18-34
4424,39,Female,High,Diabetes,East,35-49
4425,33,Female,Medium,Chronic Kidney Disease,North,18-34
4426,66,Male,Low,No Major Chronic Condition,South,65-90
4427,55,Male,Medium,Respiratory Disease,South,50-64
4428,26,Female,Low,Cardiovascular Disease,East,18-34
4429,48,Female,Low,Hypertension,North,35-49
4430,24,Female,Medium,Diabetes,East,18-34
4431,51,Male,Medium,Hypertension,Central,50-64
4432,21,Female,Medium,Respiratory Disease,South,18-34
4433,62,Female,Low,Hypertension,North,50-64
4434,59,Male,Low,Cardiovascular Disease,East,50-64
4435,88,Female,Medium,Respiratory Disease,East,65-90
4436,68,Male,Medium,Hypertension,Central,65-90
4437,44,Female,Medium,No Major Chronic Condition,East,35-49
4438,68,Female,Medium,Respiratory Disease,South,65-90
4439,25,Male,Low,Respiratory Disease,South,18-34
4440,34,Female,Medium,Cardiovascular Disease,North,18-34
4441,58,Female,High,Hypertension,West,50-64
4442,18,Male,Low,Respiratory Disease,South,18-34
4443,51,Female,Medium,No Major Chronic Condition,West,50-64
4444,33,Male,Low,Chronic Kidney Disease,East,18-34
4445,54,Female,Low,Chronic Kidney Disease,West,50-64
4446,32,Male,Medium,Hypertension,South,18-34
4447,60,Male,Medium,No Major Chronic Condition,North,50-64
4448,52,Female,Low,Hypertension,South,50-64
4449,79,Male,Medium,Hypertension,South,65-90
4450,52,Male,Low,Diabetes,East,50-64
4451,37,Female,Medium,No Major Chronic Condition,West,35-49
4452,47,Female,Medium,Respiratory Disease,Central,35-49
4453,26,Male,Low,No Major Chronic Condition,East,18-34
4454,60,Male,Medium,Respiratory Disease,South,50-64
4455,63,Male,Medium,No Major Chronic Condition,South,50-64
4456,90,Male,High,Respiratory Disease,Central,65-90
4457,40,Male,Low,Respiratory Disease,South,35-49
4458,47,Male,Medium,Diabetes,North,35-49
4459,41,Male,Low,Chronic Kidney Disease,Central,35-49
4460,56,Male,Low,Respiratory Disease,North,50-64
4461,59,Male,Low,Hypertension,West,50-64
4462,51,Female,Medium,Diabetes,North,50-64
4463,73,Male,Low,Hypertension,West,65-90
4464,40,Female,High,Diabetes,North,35-49
4465,71,Male,Medium,Respiratory Disease,Central,65-90
4466,62,Male,High,Respiratory Disease,North,50-64
4467,52,Male,Low,No Major Chronic Condition,South,50-64
4468,46,Female,Low,Cardiovascular Disease,West,35-49
4469,90,Female,Medium,Chronic Kidney Disease,East,65-90
4470,36,Female,Medium,Chronic Kidney Disease,South,35-49
4471,58,Male,Medium,Chronic Kidney Disease,South,50-64
4472,38,Male,High,Hypertension,East,35-49
4473,86,Female,Medium,Cardiovascular Disease,Central,65-90
4474,69,Female,High,Diabetes,West,65-90
4475,39,Male,Low,Respiratory Disease,East,35-49
4476,62,Female,Medium,Hypertension,South,50-64
4477,57,Male,Medium,Respiratory Disease,East,50-64
4478,42,Male,Medium,No Major Chronic Condition,Central,35-49
4479,66,Male,Medium,Chronic Kidney Disease,South,65-90
4480,59,Female,Medium,Hypertension,South,50-64
4481,56,Female,High,Cardiovascular Disease,North,50-64
4482,51,Male,Low,Respiratory Disease,East,50-64
4483,60,Male,Low,No Major Chronic Condition,West,50-64
4484,56,Female,Low,No Major Chronic Condition,West,50-64
4485,53,Male,Low,Hypertension,West,50-64
4486,40,Female,Medium,No Major Chronic Condition,West,35-49
4487,84,Female,Medium,Diabetes,Central,65-90
4488,32,Male,Low,Hypertension,East,18-34
4489,60,Male,High,Diabetes,North,50-64
4490,46,Male,High,Hypertension,East,35-49
4491,85,Female,Medium,Cardiovascular Disease,West,65-90
4492,35,Female,Medium,Hypertension,South,35-49
4493,38,Male,Low,Diabetes,South,35-49
4494,34,Male,Medium,Diabetes,West,18-34
4495,58,Female,Medium,No Major Chronic Condition,North,50-64
4496,26,Unknown,Low,Chronic Kidney Disease,West,18-34
4497,43,Female,Medium,Chronic Kidney Disease,West,35-49
4498,18,Male,Medium,No Major Chronic Condition,Central,18-34
4499,57,Male,Low,Chronic Kidney Disease,West,50-64
4500,42,Female,Medium,Diabetes,North,35-49
4501,24,Female,Medium,No Major Chronic Condition,East,18-34
4502,73,Female,Low,Cardiovascular Disease,South,65-90
4503,27,Male,Low,Cardiovascular Disease,South,18-34
4504,67,Female,Low,No Major Chronic Condition,West,65-90
4505,39,Female,Medium,Hypertension,East,35-49
4506,82,Male,Medium,Hypertension,West,65-90
4507,66,Female,Low,No Major Chronic Condition,West,65-90
4508,33,Male,High,Cardiovascular Disease,West,18-34
4509,35,Male,High,Cardiovascular Disease,West,35-49
4510,64,Female,Medium,No Major Chronic Condition,South,50-64
4511,47,Male,High,No Major Chronic Condition,North,35-49
4512,49,Male,Medium,No Major Chronic Condition,North,35-49
4513,76,Male,Low,Hypertension,West,65-90
4514,38,Male,Medium,No Major Chronic Condition,Central,35-49
4515,54,Female,Low,Respiratory Disease,Central,50-64
4516,70,Female,Medium,Chronic Kidney Disease,North,65-90
4517,67,Female,High,Diabetes,Central,65-90
4518,49,Female,Medium,Respiratory Disease,Central,35-49
4519,47,Female,Low,Hypertension,North,35-49
4520,19,Female,Low,No Major Chronic Condition,East,18-34
4521,32,Male,High,Respiratory Disease,Central,18-34
4522,58,Female,Low,Respiratory Disease,East,50-64
4523,49,Male,High,Hypertension,Central,35-49
4524,53,Male,Low,Cardiovascular Disease,East,50-64
4525,72,Female,Medium,Cardiovascular Disease,South,65-90
4526,29,Male,Low,No Major Chronic Condition,North,18-34
4527,48,Female,Low,Respiratory Disease,North,35-49
4528,56,Male,Low,Diabetes,West,50-64
4529,39,Male,Low,Cardiovascular Disease,South,35-49
4530,79,Male,Low,Hypertension,South,65-90
4531,69,Male,Low,Cardiovascular Disease,Central,65-90
4532,58,Male,Medium,Cardiovascular Disease,North,50-64
4533,86,Male,Medium,Diabetes,South,65-90
4534,24,Male,Low,Hypertension,Central,18-34
4535,52,Female,Medium,Chronic Kidney Disease,Central,50-64
4536,59,Male,Medium,Respiratory Disease,West,50-64
4537,35,Male,High,Diabetes,South,35-49
4538,58,Female,Medium,Respiratory Disease,North,50-64
4539,31,Male,Medium,Cardiovascular Disease,West,18-34
4540,65,Male,High,Diabetes,West,65-90
4541,72,Male,High,Diabetes,West,65-90
4542,57,Female,High,Hypertension,South,50-64
4543,18,Male,Medium,No Major Chronic Condition,West,18-34
4544,34,Male,Medium,Diabetes,West,18-34
4545,63,Female,High,No Major Chronic Condition,Central,50-64
4546,52,Male,Medium,Respiratory Disease,North,50-64
4547,18,Male,Low,No Major Chronic Condition,South,18-34
4548,76,Female,High,No Major Chronic Condition,South,65-90
4549,55,Male,High,Hypertension,West,50-64
4550,36,Female,Low,Respiratory Disease,Central,35-49
4551,71,Male,Low,Hypertension,South,65-90
4552,39,Male,High,Diabetes,East,35-49
4553,39,Female,Low,No Major Chronic Condition,East,35-49
4554,59,Female,Medium,Diabetes,North,50-64
4555,86,Female,Low,No Major Chronic Condition,West,65-90
4556,83,Female,Low,No Major Chronic Condition,East,65-90
4557,59,Male,Medium,Respiratory Disease,Central,50-64
4558,61,Female,High,Respiratory Disease,East,50-64
4559,67,Female,Medium,No Major Chronic Condition,West,65-90
4560,28,Female,Low,Diabetes,North,18-34
4561,64,Male,Low,Chronic Kidney Disease,South,50-64
4562,38,Male,Low,Diabetes,South,35-49
4563,58,Female,High,Diabetes,North,50-64
4564,48,Female,Medium,Hypertension,East,35-49
4565,62,Female,High,Hypertension,West,50-64
4566,54,Female,High,Diabetes,East,50-64
4567,18,Female,Medium,Chronic Kidney Disease,West,18-34
4568,55,Male,Low,Respiratory Disease,South,50-64
4569,64,Male,High,No Major Chronic Condition,South,50-64
4570,60,Female,Low,No Major Chronic Condition,North,50-64
4571,50,Male,High,No Major Chronic Condition,West,50-64
4572,83,Male,Medium,No Major Chronic Condition,North,65-90
4573,58,Female,Low,No Major Chronic Condition,North,50-64
4574,60,Female,Medium,Diabetes,North,50-64
4575,72,Male,Medium,Diabetes,South,65-90
4576,59,Female,Medium,Cardiovascular Disease,South,50-64
4577,35,Male,Medium,Hypertension,East,35-49
4578,18,Male,Low,No Major Chronic Condition,West,18-34
4579,43,Male,Medium,Cardiovascular Disease,South,35-49
4580,66,Female,Medium,No Major Chronic Condition,North,65-90
4581,45,Female,High,Hypertension,East,35-49
4582,67,Male,High,No Major Chronic Condition,North,65-90
4583,55,Female,Medium,Diabetes,North,50-64
4584,76,Female,High,Cardiovascular Disease,West,65-90
4585,46,Male,Medium,No Major Chronic Condition,South,35-49
4586,61,Female,Low,Cardiovascular Disease,West,50-64
4587,62,Male,Low,Chronic Kidney Disease,West,50-64
4588,81,Male,High,Hypertension,Central,65-90
4589,20,Male,Medium,No Major Chronic Condition,South,18-34
4590,43,Female,High,Respiratory Disease,West,35-49
4591,68,Male,Medium,No Major Chronic Condition,East,65-90
4592,81,Male,Low,Cardiovascular Disease,West,65-90
4593,57,Female,Medium,Respiratory Disease,South,50-64
4594,46,Male,Medium,Cardiovascular Disease,East,35-49
4595,66,Female,Medium,Respiratory Disease,East,65-90
4596,69,Female,High,Chronic Kidney Disease,North,65-90
4597,45,Male,Medium,Diabetes,North,35-49
4598,58,Female,Medium,No Major Chronic Condition,Central,50-64
4599,74,Female,Medium,Hypertension,West,65-90
4600,88,Male,Low,Diabetes,East,65-90
4601,66,Female,High,Respiratory Disease,West,65-90
4602,53,Male,Low,Respiratory Disease,North,50-64
4603,51,Female,Medium,Chronic Kidney Disease,South,50-64
4604,63,Male,Medium,No Major Chronic Condition,West,50-64
4605,50,Male,Low,Cardiovascular Disease,West,50-64
4606,56,Female,Medium,No Major Chronic Condition,East,50-64
4607,32,Male,Medium,Respiratory Disease,South,18-34
4608,77,Female,Medium,Hypertension,East,65-90
4609,30,Female,Medium,Chronic Kidney Disease,West,18-34
4610,44,Female,Low,Diabetes,South,35-49
4611,54,Female,Low,No Major Chronic Condition,East,50-64
4612,90,Female,Medium,Cardiovascular Disease,North,65-90
4613,44,Male,Medium,Diabetes,North,35-49
4614,39,Male,Medium,Respiratory Disease,West,35-49
4615,42,Male,Low,Diabetes,South,35-49
4616,84,Male,Low,Diabetes,West,65-90
4617,18,Female,Medium,Diabetes,West,18-34
4618,33,Female,High,No Major Chronic Condition,South,18-34
4619,90,Female,Medium,Diabetes,West,65-90
4620,63,Male,Medium,Cardiovascular Disease,North,50-64
4621,31,Male,Medium,Cardiovascular Disease,North,18-34
4622,51,Female,Medium,No Major Chronic Condition,South,50-64
4623,53,Female,Medium,No Major Chronic Condition,West,50-64
4624,68,Female,Low,No Major Chronic Condition,South,65-90
4625,87,Male,Medium,Cardiovascular Disease,South,65-90
4626,59,Female,Low,Cardiovascular Disease,Central,50-64
4627,42,Male,Low,No Major Chronic Condition,Central,35-49
4628,67,Female,Low,Diabetes,Central,65-90
4629,39,Female,Low,Diabetes,North,35-49
4630,32,Female,Low,No Major Chronic Condition,West,18-34
4631,19,Male,Low,Diabetes,West,18-34
4632,22,Male,Low,Hypertension,South,18-34
4633,35,Female,Low,Diabetes,South,35-49
4634,30,Female,Low,Diabetes,North,18-34
4635,58,Female,Low,No Major Chronic Condition,West,50-64
4636,29,Female,High,Diabetes,East,18-34
4637,18,Female,Medium,Cardiovascular Disease,North,18-34
4638,32,Female,Low,Hypertension,South,18-34
4639,43,Male,Medium,Cardiovascular Disease,West,35-49
4640,40,Male,Medium,No Major Chronic Condition,East,35-49
4641,81,Male,Low,Respiratory Disease,Central,65-90
4642,40,Male,Medium,Respiratory Disease,North,35-49
4643,69,Male,Low,Cardiovascular Disease,Central,65-90
4644,52,Male,Medium,Diabetes,South,50-64
4645,51,Female,Medium,Cardiovascular Disease,South,50-64
4646,36,Female,Medium,No Major Chronic Condition,Central,35-49
4647,51,Female,Low,No Major Chronic Condition,South,50-64
4648,37,Male,Low,Diabetes,East,35-49
4649,55,Female,High,No Major Chronic Condition,South,50-64
4650,48,Female,Medium,No Major Chronic Condition,West,35-49
4651,34,Male,Medium,No Major Chronic Condition,South,18-34
4652,71,Male,High,No Major Chronic Condition,South,65-90
4653,60,Male,Medium,No Major Chronic Condition,North,50-64
4654,43,Male,Low,Diabetes,Central,35-49
4655,55,Male,Medium,Hypertension,Central,50-64
4656,50,Male,Low,No Major Chronic Condition,West,50-64
4657,36,Female,Medium,Respiratory Disease,Central,35-49
4658,53,Male,Medium,Chronic Kidney Disease,East,50-64
4659,40,Male,Low,Hypertension,North,35-49
4660,34,Female,Low,Hypertension,North,18-34
4661,21,Male,Medium,No Major Chronic Condition,West,18-34
4662,45,Male,Medium,Hypertension,East,35-49
4663,63,Male,Low,Respiratory Disease,South,50-64
4664,39,Male,Low,Hypertension,North,35-49
4665,90,Female,Medium,No Major Chronic Condition,Central,65-90
4666,69,Female,High,Hypertension,North,65-90
4667,77,Female,Medium,No Major Chronic Condition,South,65-90
4668,67,Male,Medium,Hypertension,West,65-90
4669,87,Male,Medium,No Major Chronic Condition,East,65-90
4670,37,Male,Medium,Hypertension,North,35-49
4671,18,Male,Low,No Major Chronic Condition,East,18-34
4672,44,Male,Low,Respiratory Disease,South,35-49
4673,63,Female,Low,Diabetes,North,50-64
4674,55,Female,High,Hypertension,East,50-64
4675,57,Female,Medium,No Major Chronic Condition,Central,50-64
4676,77,Male,Low,Chronic Kidney Disease,West,65-90
4677,59,Female,Medium,Hypertension,North,50-64
4678,67,Male,Low,Diabetes,North,65-90
4679,34,Male,Medium,No Major Chronic Condition,East,18-34
4680,31,Female,Medium,Respiratory Disease,North,18-34
4681,83,Male,High,Chronic Kidney Disease,North,65-90
4682,54,Male,Medium,Cardiovascular Disease,South,50-64
4683,40,Male,High,Hypertension,North,35-49
4684,40,Female,Low,Hypertension,East,35-49
4685,40,Female,Medium,Diabetes,North,35-49
4686,39,Female,High,No Major Chronic Condition,South,35-49
4687,28,Male,Low,Hypertension,North,18-34
4688,23,Male,Medium,Cardiovascular Disease,East,18-34
4689,48,Male,High,Hypertension,South,35-49
4690,41,Male,Medium,Hypertension,North,35-49
4691,73,Female,Low,Chronic Kidney Disease,South,65-90
4692,58,Male,Low,Chronic Kidney Disease,North,50-64
4693,57,Female,Medium,No Major Chronic Condition,West,50-64
4694,38,Female,High,Diabetes,South,35-49
4695,50,Male,Low,No Major Chronic Condition,West,50-64
4696,59,Male,Low,No Major Chronic Condition,West,50-64
4697,66,Male,Low,No Major Chronic Condition,East,65-90
4698,50,Male,Medium,Diabetes,East,50-64
4699,73,Female,Medium,Cardiovascular Disease,South,65-90
4700,52,Female,Medium,No Major Chronic Condition,South,50-64
4701,67,Female,Medium,No Major Chronic Condition,South,65-90
4702,43,Male,Medium,Diabetes,North,35-49
4703,18,Female,Medium,No Major Chronic Condition,South,18-34
4704,57,Female,Medium,No Major Chronic Condition,East,50-64
4705,66,Female,Low,No Major Chronic Condition,North,65-90
4706,63,Male,Low,Cardiovascular Disease,Central,50-64
4707,60,Male,High,Respiratory Disease,North,50-64
4708,45,Female,Medium,Chronic Kidney Disease,South,35-49
4709,37,Female,Low,Hypertension,West,35-49
4710,62,Male,Medium,No Major Chronic Condition,West,50-64
4711,60,Male,Medium,Hypertension,East,50-64
4712,41,Female,Low,Diabetes,East,35-49
4713,73,Female,Medium,No Major Chronic Condition,South,65-90
4714,35,Male,Low,Hypertension,Central,35-49
4715,41,Male,High,Diabetes,West,35-49
4716,83,Female,Medium,No Major Chronic Condition,North,65-90
4717,69,Male,High,No Major Chronic Condition,West,65-90
4718,45,Male,Medium,No Major Chronic Condition,North,35-49
4719,57,Female,High,Hypertension,South,50-64
4720,55,Female,Low,Respiratory Disease,East,50-64
4721,18,Male,Low,Diabetes,West,18-34
4722,35,Female,High,Diabetes,Central,35-49
4723,51,Female,High,Hypertension,South,50-64
4724,45,Male,High,Cardiovascular Disease,West,35-49
4725,57,Female,High,Respiratory Disease,West,50-64
4726,73,Male,Medium,Diabetes,North,65-90
4727,46,Female,Medium,No Major Chronic Condition,West,35-49
4728,32,Female,Medium,No Major Chronic Condition,Central,18-34
4729,58,Female,Low,Diabetes,East,50-64
4730,46,Male,Medium,No Major Chronic Condition,East,35-49
4731,49,Male,High,Respiratory Disease,West,35-49
4732,46,Male,Medium,Cardiovascular Disease,West,35-49
4733,90,Female,Medium,Cardiovascular Disease,South,65-90
4734,18,Male,Medium,No Major Chronic Condition,North,18-34
4735,45,Female,High,Hypertension,West,35-49
4736,52,Male,Low,Respiratory Disease,North,50-64
4737,37,Female,Low,Hypertension,West,35-49
4738,69,Male,Medium,Diabetes,South,65-90
4739,67,Female,High,Respiratory Disease,North,65-90
4740,51,Female,Medium,Hypertension,West,50-64
4741,47,Male,Medium,No Major Chronic Condition,South,35-49
4742,50,Female,Low,Respiratory Disease,South,50-64
4743,50,Female,Medium,Hypertension,South,50-64
4744,51,Male,High,No Major Chronic Condition,West,50-64
4745,48,Female,Medium,Hypertension,South,35-49
4746,57,Male,Medium,Chronic Kidney Disease,West,50-64
4747,66,Male,Medium,Hypertension,Central,65-90
4748,29,Male,Medium,Diabetes,East,18-34
4749,32,Female,Medium,No Major Chronic Condition,North,18-34
4750,19,Male,Medium,No Major Chronic Condition,South,18-34
4751,68,Male,Medium,Hypertension,East,65-90
4752,57,Female,Medium,Hypertension,South,50-64
4753,62,Male,Medium,Chronic Kidney Disease,East,50-64
4754,25,Male,High,Hypertension,East,18-34
4755,86,Female,Low,No Major Chronic Condition,West,65-90
4756,40,Female,Low,Diabetes,East,35-49
4757,55,Male,Medium,Diabetes,West,50-64
4758,68,Female,High,Diabetes,South,65-90
4759,33,Male,Medium,Hypertension,South,18-34
4760,42,Female,Medium,No Major Chronic Condition,West,35-49
4761,55,Female,Medium,Respiratory Disease,West,50-64
4762,90,Male,Low,Diabetes,North,65-90
4763,58,Male,High,Diabetes,North,50-64
4764,83,Female,Medium,Hypertension,West,65-90
4765,75,Male,Medium,Respiratory Disease,South,65-90
4766,59,Female,High,Respiratory Disease,South,50-64
4767,33,Female,Medium,Diabetes,North,18-34
4768,72,Female,Low,No Major Chronic Condition,South,65-90
4769,24,Female,Low,Respiratory Disease,North,18-34
4770,82,Male,Low,No Major Chronic Condition,North,65-90
4771,56,Female,High,Respiratory Disease,South,50-64
4772,18,Female,High,Hypertension,West,18-34
4773,46,Female,Medium,Diabetes,Central,35-49
4774,64,Male,High,No Major Chronic Condition,South,50-64
4775,47,Male,Low,Diabetes,South,35-49
4776,66,Female,Low,Hypertension,North,65-90
4777,36,Female,Low,Cardiovascular Disease,Central,35-49
4778,27,Male,High,Respiratory Disease,North,18-34
4779,51,Female,Low,Respiratory Disease,Central,50-64
4780,53,Male,Low,Chronic Kidney Disease,West,50-64
4781,45,Male,Low,Diabetes,West,35-49
4782,75,Male,Medium,Chronic Kidney Disease,South,65-90
4783,36,Female,Medium,No Major Chronic Condition,East,35-49
4784,58,Female,Low,Diabetes,North,50-64
4785,53,Female,High,Diabetes,West,50-64
4786,22,Female,High,No Major Chronic Condition,East,18-34
4787,27,Female,Low,Hypertension,West,18-34
4788,52,Male,High,Cardiovascular Disease,West,50-64
4789,90,Female,High,Hypertension,Central,65-90
4790,63,Female,High,Respiratory Disease,East,50-64
4791,19,Female,Low,Chronic Kidney Disease,East,18-34
4792,18,Female,High,No Major Chronic Condition,North,18-34
4793,66,Male,Medium,Hypertension,North,65-90
4794,50,Female,Low,Hypertension,North,50-64
4795,74,Male,Medium,Respiratory Disease,North,65-90
4796,35,Male,Low,Hypertension,North,35-49
4797,59,Female,Medium,Respiratory Disease,South,50-64
4798,68,Male,Medium,Respiratory Disease,South,65-90
4799,43,Female,Medium,No Major Chronic Condition,West,35-49
4800,44,Female,Low,Diabetes,East,35-49
4801,52,Male,High,Diabetes,Central,50-64
4802,62,Male,Low,No Major Chronic Condition,South,50-64
4803,52,Female,High,Respiratory Disease,North,50-64
4804,71,Female,Medium,Diabetes,West,65-90
4805,43,Female,Low,No Major Chronic Condition,West,35-49
4806,27,Female,Medium,Respiratory Disease,South,18-34
4807,90,Male,High,Cardiovascular Disease,North,65-90
4808,41,Female,High,No Major Chronic Condition,Central,35-49
4809,41,Male,Low,Respiratory Disease,Central,35-49
4810,51,Male,Low,Hypertension,Central,50-64
4811,53,Female,Low,Hypertension,South,50-64
4812,45,Male,Medium,Cardiovascular Disease,North,35-49
4813,52,Male,Low,Cardiovascular Disease,South,50-64
4814,51,Female,Low,Chronic Kidney Disease,East,50-64
4815,55,Male,Medium,Cardiovascular Disease,North,50-64
4816,18,Male,High,Diabetes,South,18-34
4817,88,Male,Low,Chronic Kidney Disease,Central,65-90
4818,49,Female,Medium,Diabetes,North,35-49
4819,63,Male,Low,No Major Chronic Condition,North,50-64
4820,26,Male,Medium,Chronic Kidney Disease,East,18-34
4821,43,Male,Medium,Respiratory Disease,Central,35-49
4822,39,Female,High,Cardiovascular Disease,Central,35-49
4823,80,Female,Medium,Diabetes,South,65-90
4824,41,Male,Low,Respiratory Disease,East,35-49
4825,66,Female,Medium,Diabetes,Central,65-90
4826,40,Female,Low,Respiratory Disease,East,35-49
4827,43,Male,Low,Diabetes,South,35-49
4828,47,Male,High,Respiratory Disease,West,35-49
4829,76,Male,Medium,Diabetes,East,65-90
4830,18,Female,High,Diabetes,East,18-34
4831,27,Male,Low,Cardiovascular Disease,East,18-34
4832,18,Female,High,Chronic Kidney Disease,North,18-34
4833,31,Male,High,Hypertension,West,18-34
4834,37,Female,Medium,Cardiovascular Disease,South,35-49
4835,21,Female,Low,No Major Chronic Condition,North,18-34
4836,38,Male,High,Respiratory Disease,South,35-49
4837,18,Male,High,Respiratory Disease,West,18-34
4838,33,Female,Low,Hypertension,East,18-34
4839,75,Female,High,Diabetes,West,65-90
4840,60,Male,High,Diabetes,West,50-64
4841,56,Male,Low,No Major Chronic Condition,East,50-64
4842,33,Female,Medium,Diabetes,East,18-34
4843,23,Male,Low,Diabetes,East,18-34
4844,30,Female,Medium,Hypertension,South,18-34
4845,51,Male,High,No Major Chronic Condition,East,50-64
4846,68,Female,High,Hypertension,East,65-90
4847,69,Female,Low,No Major Chronic Condition,West,65-90
4848,64,Male,Medium,Cardiovascular Disease,West,50-64
4849,38,Female,Medium,No Major Chronic Condition,North,35-49
4850,52,Male,Medium,No Major Chronic Condition,Central,50-64
4851,46,Female,Medium,Cardiovascular Disease,Central,35-49
4852,48,Female,Medium,No Major Chronic Condition,South,35-49
4853,90,Male,Low,No Major Chronic Condition,Central,65-90
4854,19,Male,Low,Diabetes,East,18-34
4855,48,Female,High,Respiratory Disease,South,35-49
4856,75,Unknown,Low,Respiratory Disease,West,65-90
4857,24,Female,Medium,No Major Chronic Condition,North,18-34
4858,40,Male,High,Chronic Kidney Disease,West,35-49
4859,42,Female,High,Chronic Kidney Disease,West,35-49
4860,48,Male,Medium,Hypertension,South,35-49
4861,22,Female,Low,No Major Chronic Condition,South,18-34
4862,63,Male,Medium,Diabetes,South,50-64
4863,65,Male,Medium,Respiratory Disease,South,65-90
4864,62,Male,Medium,Hypertension,East,50-64
4865,35,Female,Low,No Major Chronic Condition,West,35-49
4866,54,Female,Medium,No Major Chronic Condition,Central,50-64
4867,35,Female,Medium,Diabetes,East,35-49
4868,46,Male,High,No Major Chronic Condition,East,35-49
4869,90,Female,Medium,No Major Chronic Condition,South,65-90
4870,54,Male,Low,Diabetes,East,50-64
4871,29,Female,Low,Cardiovascular Disease,North,18-34
4872,55,Male,Medium,Diabetes,East,50-64
4873,26,Female,Medium,Diabetes,East,18-34
4874,29,Male,Low,No Major Chronic Condition,East,18-34
4875,32,Male,High,Hypertension,North,18-34
4876,44,Male,High,Respiratory Disease,South,35-49
4877,70,Male,High,Diabetes,West,65-90
4878,63,Male,Medium,Diabetes,West,50-64
4879,62,Male,High,Respiratory Disease,East,50-64
4880,31,Female,Medium,Hypertension,Central,18-34
4881,42,Female,Medium,No Major Chronic Condition,West,35-49
4882,57,Male,Low,Diabetes,West,50-64
4883,40,Male,Low,Respiratory Disease,West,35-49
4884,47,Female,Low,Chronic Kidney Disease,West,35-49
4885,60,Female,High,Respiratory Disease,Central,50-64
4886,45,Male,Medium,Chronic Kidney Disease,North,35-49
4887,56,Female,High,Hypertension,East,50-64
4888,82,Male,Medium,No Major Chronic Condition,West,65-90
4889,49,Male,Low,Respiratory Disease,North,35-49
4890,74,Female,Medium,No Major Chronic Condition,North,65-90
4891,63,Female,Low,Diabetes,South,50-64
4892,24,Female,High,Diabetes,East,18-34
4893,31,Female,Low,Hypertension,West,18-34
4894,36,Male,Low,Hypertension,East,35-49
4895,36,Male,Medium,Diabetes,South,35-49
4896,50,Male,High,Diabetes,West,50-64
4897,64,Female,Medium,Diabetes,South,50-64
4898,76,Male,Low,Diabetes,Central,65-90
4899,58,Female,Medium,Diabetes,East,50-64
4900,44,Male,Low,No Major Chronic Condition,North,35-49
4901,18,Female,Medium,No Major Chronic Condition,East,18-34
4902,53,Male,Medium,Cardiovascular Disease,West,50-64
4903,52,Male,Low,Diabetes,Central,50-64
4904,55,Female,Medium,Hypertension,East,50-64
4905,90,Male,Low,No Major Chronic Condition,Central,65-90
4906,76,Female,Low,No Major Chronic Condition,South,65-90
4907,67,Female,Medium,Hypertension,South,65-90
4908,34,Male,Low,Diabetes,South,18-34
4909,42,Female,Low,Hypertension,West,35-49
4910,50,Female,Medium,Hypertension,North,50-64
4911,37,Female,Medium,Diabetes,North,35-49
4912,62,Female,High,Chronic Kidney Disease,East,50-64
4913,59,Male,High,Diabetes,South,50-64
4914,31,Male,Medium,Diabetes,West,18-34
4915,75,Female,Medium,Chronic Kidney Disease,South,65-90
4916,54,Female,Medium,No Major Chronic Condition,South,50-64
4917,19,Male,Medium,Diabetes,East,18-34
4918,51,Male,Medium,No Major Chronic Condition,Central,50-64
4919,57,Female,High,Hypertension,North,50-64
4920,70,Male,Medium,Hypertension,South,65-90
4921,46,Female,Low,Diabetes,North,35-49
4922,68,Female,Medium,Hypertension,Central,65-90
4923,56,Male,Low,Diabetes,North,50-64
4924,27,Male,High,Chronic Kidney Disease,West,18-34
4925,25,Female,Low,No Major Chronic Condition,East,18-34
4926,73,Male,Medium,Diabetes,West,65-90
4927,75,Male,Medium,Hypertension,South,65-90
4928,58,Male,Low,Hypertension,East,50-64
4929,80,Male,Medium,Hypertension,Central,65-90
4930,72,Female,Low,No Major Chronic Condition,North,65-90
4931,65,Male,Medium,Diabetes,East,65-90
4932,35,Female,Low,Respiratory Disease,Central,35-49
4933,85,Female,High,Cardiovascular Disease,North,65-90
4934,62,Female,High,No Major Chronic Condition,West,50-64
4935,45,Male,Low,Hypertension,South,35-49
4936,39,Female,High,Diabetes,South,35-49
4937,57,Female,High,Diabetes,North,50-64
4938,20,Male,Low,Respiratory Disease,West,18-34
4939,65,Female,High,Respiratory Disease,North,65-90
4940,34,Female,Low,Respiratory Disease,South,18-34
4941,59,Female,High,Diabetes,West,50-64
4942,42,Male,Medium,Diabetes,North,35-49
4943,47,Female,High,Respiratory Disease,South,35-49
4944,38,Female,Low,Diabetes,North,35-49
4945,49,Male,Medium,No Major Chronic Condition,North,35-49
4946,88,Male,High,No Major Chronic Condition,East,65-90
4947,78,Male,Medium,Diabetes,East,65-90
4948,59,Female,Medium,Respiratory Disease,Central,50-64
4949,52,Male,Medium,Diabetes,West,50-64
4950,68,Male,Medium,No Major Chronic Condition,Central,65-90
4951,73,Male,Low,Respiratory Disease,West,65-90
4952,36,Female,Low,Hypertension,Central,35-49
4953,51,Female,Low,Chronic Kidney Disease,South,50-64
4954,18,Male,Low,Diabetes,North,18-34
4955,73,Female,High,Hypertension,South,65-90
4956,90,Female,Medium,Hypertension,East,65-90
4957,54,Female,Medium,Hypertension,West,50-64
4958,18,Female,Low,Diabetes,East,18-34
4959,64,Male,High,No Major Chronic Condition,Central,50-64
4960,35,Female,Low,Cardiovascular Disease,South,35-49
4961,39,Male,Low,No Major Chronic Condition,East,35-49
4962,64,Male,High,Diabetes,West,50-64
4963,57,Female,Low,No Major Chronic Condition,North,50-64
4964,43,Female,Medium,Respiratory Disease,West,35-49
4965,40,Female,Medium,Chronic Kidney Disease,West,35-49
4966,54,Female,Medium,No Major Chronic Condition,North,50-64
4967,44,Male,Low,Cardiovascular Disease,South,35-49
4968,31,Male,Low,Respiratory Disease,West,18-34
4969,46,Male,Medium,No Major Chronic Condition,West,35-49
4970,58,Male,Medium,Diabetes,South,50-64
4971,49,Female,High,Diabetes,West,35-49
4972,25,Male,Low,No Major Chronic Condition,South,18-34
4973,71,Female,Medium,No Major Chronic Condition,South,65-90
4974,18,Female,Low,Cardiovascular Disease,North,18-34
4975,44,Female,Medium,No Major Chronic Condition,East,35-49
4976,40,Female,High,No Major Chronic Condition,North,35-49
4977,55,Male,Low,Cardiovascular Disease,East,50-64
4978,63,Male,Low,Diabetes,Central,50-64
4979,73,Female,Medium,Cardiovascular Disease,Central,65-90
4980,38,Female,High,Hypertension,South,35-49
4981,63,Male,Medium,Diabetes,West,50-64
4982,56,Male,Medium,No Major Chronic Condition,Central,50-64
4983,19,Male,Medium,Chronic Kidney Disease,East,18-34
4984,88,Female,Low,No Major Chronic Condition,South,65-90
4985,25,Female,High,Respiratory Disease,North,18-34
4986,60,Male,High,Hypertension,North,50-64
4987,59,Male,High,Respiratory Disease,Central,50-64
4988,57,Female,High,Chronic Kidney Disease,South,50-64
4989,43,Female,High,Respiratory Disease,South,35-49
4990,68,Female,Low,Diabetes,West,65-90
4991,22,Male,High,No Major Chronic Condition,West,18-34
4992,51,Female,Low,Hypertension,South,50-64
4993,41,Male,Medium,Hypertension,West,35-49
4994,39,Male,Medium,Respiratory Disease,South,35-49
4995,60,Female,Low,No Major Chronic Condition,South,50-64
4996,72,Female,Medium,Hypertension,East,65-90
4997,45,Female,Medium,Diabetes,West,35-49
4998,67,Female,Low,No Major Chronic Condition,North,65-90
4999,53,Male,Medium,No Major Chronic Condition,North,50-64
5000,35,Male,Low,Diabetes,Central,35-49
5001,47,Female,Medium,No Major Chronic Condition,Central,35-49
5002,46,Male,Medium,No Major Chronic Condition,East,35-49
5003,39,Female,Medium,Diabetes,North,35-49
5004,60,Male,Medium,No Major Chronic Condition,North,50-64
5005,56,Male,Medium,Diabetes,North,50-64
5006,22,Female,Low,No Major Chronic Condition,South,18-34
5007,21,Male,Medium,Diabetes,West,18-34
5008,60,Male,Medium,Chronic Kidney Disease,North,50-64
5009,37,Female,Low,No Major Chronic Condition,North,35-49
5010,58,Male,High,Diabetes,West,50-64
5011,67,Female,Low,No Major Chronic Condition,South,65-90
5012,28,Female,High,Diabetes,South,18-34
5013,25,Male,Low,Diabetes,East,18-34
5014,84,Female,Medium,No Major Chronic Condition,North,65-90
5015,59,Female,Low,No Major Chronic Condition,East,50-64
5016,44,Female,High,No Major Chronic Condition,North,35-49
5017,34,Female,High,No Major Chronic Condition,South,18-34
5018,42,Female,Low,Diabetes,East,35-49
5019,29,Female,Low,Cardiovascular Disease,West,18-34
5020,69,Male,Medium,No Major Chronic Condition,South,65-90
5021,37,Female,Low,No Major Chronic Condition,Central,35-49
5022,73,Male,Low,Hypertension,Central,65-90
5023,44,Male,High,Hypertension,East,35-49
5024,32,Female,Medium,Chronic Kidney Disease,South,18-34
5025,44,Male,Low,Diabetes,North,35-49
5026,18,Male,Medium,No Major Chronic Condition,Central,18-34
5027,50,Male,Low,Hypertension,North,50-64
5028,49,Male,High,Cardiovascular Disease,South,35-49
5029,68,Female,Low,Diabetes,South,65-90
5030,18,Female,Medium,Chronic Kidney Disease,South,18-34
5031,74,Male,Low,No Major Chronic Condition,North,65-90
5032,68,Female,High,Respiratory Disease,South,65-90
5033,76,Male,Low,No Major Chronic Condition,West,65-90
5034,51,Male,Medium,Cardiovascular Disease,South,50-64
5035,71,Female,Medium,Hypertension,West,65-90
5036,24,Female,High,No Major Chronic Condition,South,18-34
5037,66,Male,Low,Diabetes,North,65-90
5038,37,Female,High,Hypertension,West,35-49
5039,21,Male,High,Chronic Kidney Disease,West,18-34
5040,31,Male,Low,Diabetes,East,18-34
5041,52,Female,Low,No Major Chronic Condition,North,50-64
5042,36,Female,High,Cardiovascular Disease,East,35-49
5043,59,Male,Medium,Hypertension,West,50-64
5044,18,Male,High,Hypertension,Central,18-34
5045,18,Female,High,Hypertension,West,18-34
5046,78,Female,Low,Chronic Kidney Disease,South,65-90
5047,69,Female,Low,Diabetes,West,65-90
5048,32,Female,Medium,No Major Chronic Condition,North,18-34
5049,52,Female,Medium,Diabetes,South,50-64
5050,71,Female,Medium,Hypertension,West,65-90
5051,60,Male,Medium,Respiratory Disease,South,50-64
5052,55,Female,Medium,Hypertension,North,50-64
5053,73,Male,High,Cardiovascular Disease,North,65-90
5054,38,Male,Low,Respiratory Disease,North,35-49
5055,53,Male,Medium,Hypertension,West,50-64
5056,52,Male,Low,Cardiovascular Disease,West,50-64
5057,47,Female,Low,No Major Chronic Condition,West,35-49
5058,45,Male,Low,Diabetes,Central,35-49
5059,53,Female,High,Respiratory Disease,South,50-64
5060,53,Female,Medium,Hypertension,West,50-64
5061,32,Male,Low,No Major Chronic Condition,South,18-34
5062,67,Female,Medium,Diabetes,West,65-90
5063,33,Unknown,Medium,Diabetes,West,18-34
5064,48,Male,Medium,Cardiovascular Disease,Central,35-49
5065,46,Female,Low,Chronic Kidney Disease,West,35-49
5066,59,Female,Low,Diabetes,North,50-64
5067,18,Female,Low,No Major Chronic Condition,West,18-34
5068,69,Female,Medium,Hypertension,North,65-90
5069,39,Male,Low,No Major Chronic Condition,East,35-49
5070,75,Male,Medium,No Major Chronic Condition,North,65-90
5071,43,Female,High,No Major Chronic Condition,East,35-49
5072,51,Male,Low,Chronic Kidney Disease,West,50-64
5073,88,Male,Low,Respiratory Disease,South,65-90
5074,47,Male,High,No Major Chronic Condition,North,35-49
5075,76,Male,Medium,Diabetes,South,65-90
5076,53,Male,Medium,No Major Chronic Condition,North,50-64
5077,60,Male,High,Respiratory Disease,North,50-64
5078,53,Male,Medium,No Major Chronic Condition,West,50-64
5079,68,Female,Medium,Cardiovascular Disease,West,65-90
5080,39,Female,Medium,Respiratory Disease,East,35-49
5081,33,Female,High,Hypertension,South,18-34
5082,40,Male,Medium,Cardiovascular Disease,East,35-49
5083,54,Female,Low,Hypertension,Central,50-64
5084,48,Male,Medium,No Major Chronic Condition,South,35-49
5085,65,Female,Low,Hypertension,South,65-90
5086,77,Male,Medium,No Major Chronic Condition,East,65-90
5087,33,Female,Low,No Major Chronic Condition,North,18-34
5088,38,Female,Medium,No Major Chronic Condition,South,35-49
5089,25,Female,Medium,No Major Chronic Condition,West,18-34
5090,90,Male,Medium,Cardiovascular Disease,North,65-90
5091,58,Female,Medium,No Major Chronic Condition,East,50-64
5092,61,Female,Low,Cardiovascular Disease,South,50-64
5093,27,Male,Low,Diabetes,South,18-34
5094,52,Male,Medium,Diabetes,East,50-64
5095,62,Male,Medium,Diabetes,South,50-64
5096,47,Male,High,Diabetes,South,35-49
5097,72,Female,Medium,Hypertension,East,65-90
5098,90,Male,Medium,No Major Chronic Condition,West,65-90
5099,34,Female,High,Hypertension,West,18-34
5100,33,Male,Medium,No Major Chronic Condition,West,18-34
5101,35,Male,Low,No Major Chronic Condition,East,35-49
5102,83,Female,Medium,No Major Chronic Condition,North,65-90
5103,72,Female,High,No Major Chronic Condition,North,65-90
5104,49,Male,Medium,No Major Chronic Condition,North,35-49
5105,53,Male,Low,Diabetes,North,50-64
5106,36,Male,Medium,Cardiovascular Disease,North,35-49
5107,69,Male,Low,Hypertension,West,65-90
5108,45,Male,Medium,Hypertension,East,35-49
5109,47,Female,High,Cardiovascular Disease,North,35-49
5110,64,Male,High,Cardiovascular Disease,East,50-64
5111,48,Female,Medium,No Major Chronic Condition,West,35-49
5112,48,Male,High,Hypertension,North,35-49
5113,52,Male,High,No Major Chronic Condition,North,50-64
5114,67,Female,High,Diabetes,East,65-90
5115,83,Male,High,Chronic Kidney Disease,North,65-90
5116,63,Male,High,Hypertension,North,50-64
5117,67,Female,Low,No Major Chronic Condition,East,65-90
5118,48,Male,Low,Respiratory Disease,East,35-49
5119,39,Male,Low,Diabetes,West,35-49
5120,64,Female,Medium,No Major Chronic Condition,North,50-64
5121,55,Female,High,Hypertension,Central,50-64
5122,25,Female,High,No Major Chronic Condition,North,18-34
5123,46,Male,High,Diabetes,South,35-49
5124,50,Female,High,Hypertension,North,50-64
5125,42,Female,Medium,Hypertension,South,35-49
5126,80,Male,Medium,Chronic Kidney Disease,West,65-90
5127,61,Male,Medium,No Major Chronic Condition,North,50-64
5128,78,Male,Low,Respiratory Disease,South,65-90
5129,57,Male,Medium,Diabetes,East,50-64
5130,54,Female,Medium,Cardiovascular Disease,North,50-64
5131,34,Female,Low,Cardiovascular Disease,East,18-34
5132,52,Male,Medium,Hypertension,Central,50-64
5133,52,Female,Medium,Cardiovascular Disease,North,50-64
5134,26,Female,Medium,Cardiovascular Disease,North,18-34
5135,42,Male,High,Respiratory Disease,South,35-49
5136,46,Female,Low,Respiratory Disease,West,35-49
5137,60,Male,High,Hypertension,Central,50-64
5138,61,Male,Low,No Major Chronic Condition,West,50-64
5139,41,Male,Medium,No Major Chronic Condition,West,35-49
5140,61,Female,Medium,No Major Chronic Condition,South,50-64
5141,49,Female,High,No Major Chronic Condition,West,35-49
5142,18,Male,High,Cardiovascular Disease,West,18-34
5143,43,Male,Low,No Major Chronic Condition,North,35-49
5144,73,Female,Medium,Hypertension,West,65-90
5145,20,Female,High,Cardiovascular Disease,West,18-34
5146,54,Male,High,No Major Chronic Condition,Central,50-64
5147,82,Female,Low,No Major Chronic Condition,West,65-90
5148,38,Female,Low,Cardiovascular Disease,West,35-49
5149,52,Female,Medium,No Major Chronic Condition,Central,50-64
5150,27,Female,High,Respiratory Disease,North,18-34
5151,83,Female,Low,Hypertension,East,65-90
5152,50,Female,Medium,No Major Chronic Condition,Central,50-64
5153,53,Male,High,Cardiovascular Disease,West,50-64
5154,78,Female,Medium,No Major Chronic Condition,Central,65-90
5155,65,Female,Medium,No Major Chronic Condition,North,65-90
5156,35,Female,High,Diabetes,South,35-49
5157,40,Male,Medium,No Major Chronic Condition,South,35-49
5158,61,Female,Low,Diabetes,North,50-64
5159,40,Female,Low,No Major Chronic Condition,East,35-49
5160,18,Male,Medium,No Major Chronic Condition,South,18-34
5161,51,Male,Low,Chronic Kidney Disease,South,50-64
5162,24,Male,Low,No Major Chronic Condition,West,18-34
5163,83,Female,Low,Respiratory Disease,West,65-90
5164,55,Female,Medium,Hypertension,North,50-64
5165,35,Female,High,Respiratory Disease,South,35-49
5166,39,Male,Medium,Chronic Kidney Disease,West,35-49
5167,18,Female,Medium,Hypertension,North,18-34
5168,31,Female,High,Hypertension,West,18-34
5169,71,Female,Medium,Cardiovascular Disease,East,65-90
5170,90,Male,Medium,No Major Chronic Condition,West,65-90
5171,66,Female,Low,Respiratory Disease,South,65-90
5172,50,Female,Medium,No Major Chronic Condition,West,50-64
5173,44,Male,Low,Cardiovascular Disease,North,35-49
5174,34,Male,Medium,No Major Chronic Condition,Central,18-34
5175,90,Male,High,No Major Chronic Condition,South,65-90
5176,48,Male,Low,Hypertension,South,35-49
5177,90,Female,Low,Cardiovascular Disease,West,65-90
5178,78,Male,High,No Major Chronic Condition,South,65-90
5179,19,Female,High,No Major Chronic Condition,South,18-34
5180,39,Male,Medium,Cardiovascular Disease,North,35-49
5181,39,Female,Low,No Major Chronic Condition,West,35-49
5182,50,Male,Medium,No Major Chronic Condition,East,50-64
5183,51,Male,Medium,Hypertension,South,50-64
5184,90,Female,Medium,Cardiovascular Disease,South,65-90
5185,32,Female,Medium,No Major Chronic Condition,East,18-34
5186,56,Male,High,Diabetes,East,50-64
5187,64,Female,Low,No Major Chronic Condition,North,50-64
5188,52,Male,High,Hypertension,North,50-64
5189,54,Female,Low,Cardiovascular Disease,East,50-64
5190,32,Male,Low,Hypertension,South,18-34
5191,54,Male,High,No Major Chronic Condition,Central,50-64
5192,62,Female,Medium,Hypertension,South,50-64
5193,58,Male,Medium,Cardiovascular Disease,North,50-64
5194,63,Male,Low,Hypertension,North,50-64
5195,79,Male,Low,Diabetes,West,65-90
5196,70,Male,Low,No Major Chronic Condition,South,65-90
5197,53,Male,Medium,Hypertension,South,50-64
5198,30,Female,Low,Hypertension,North,18-34
5199,41,Female,High,Diabetes,North,35-49
5200,48,Female,Medium,Cardiovascular Disease,South,35-49
5201,57,Male,High,Hypertension,South,50-64
5202,43,Male,High,Respiratory Disease,West,35-49
5203,34,Female,Medium,Chronic Kidney Disease,North,18-34
5204,29,Male,Medium,Diabetes,South,18-34
5205,21,Female,High,Hypertension,Central,18-34
5206,48,Male,Medium,Hypertension,West,35-49
5207,24,Male,Low,No Major Chronic Condition,Central,18-34
5208,33,Male,Medium,Diabetes,North,18-34
5209,45,Male,Low,No Major Chronic Condition,South,35-49
5210,27,Male,Medium,No Major Chronic Condition,South,18-34
5211,59,Female,High,Diabetes,Central,50-64
5212,66,Female,Medium,Hypertension,Central,65-90
5213,42,Female,Low,No Major Chronic Condition,East,35-49
5214,44,Male,Low,No Major Chronic Condition,South,35-49
5215,62,Male,Medium,Hypertension,East,50-64
5216,38,Female,Low,Respiratory Disease,Central,35-49
5217,37,Female,Medium,Chronic Kidney Disease,East,35-49
5218,75,Female,Medium,Cardiovascular Disease,West,65-90
5219,69,Male,Medium,Chronic Kidney Disease,West,65-90
5220,63,Female,Medium,Respiratory Disease,North,50-64
5221,70,Male,Medium,No Major Chronic Condition,West,65-90
5222,18,Female,Low,Cardiovascular Disease,South,18-34
5223,78,Male,Medium,Cardiovascular Disease,Central,65-90
5224,59,Male,Medium,Chronic Kidney Disease,South,50-64
5225,71,Female,Low,Diabetes,East,65-90
5226,59,Male,Medium,Cardiovascular Disease,South,50-64
5227,53,Female,Medium,Diabetes,North,50-64
5228,47,Male,Low,Respiratory Disease,West,35-49
5229,59,Female,Medium,Cardiovascular Disease,West,50-64
5230,46,Male,Low,No Major Chronic Condition,Central,35-49
5231,68,Female,Medium,No Major Chronic Condition,East,65-90
5232,22,Male,Low,Cardiovascular Disease,North,18-34
5233,42,Female,High,Respiratory Disease,North,35-49
5234,90,Male,Medium,Hypertension,South,65-90
5235,40,Female,Low,Hypertension,South,35-49
5236,47,Female,Low,Diabetes,South,35-49
5237,35,Male,High,Diabetes,South,35-49
5238,58,Female,Medium,No Major Chronic Condition,Central,50-64
5239,38,Female,Medium,No Major Chronic Condition,North,35-49
5240,48,Male,High,Cardiovascular Disease,West,35-49
5241,68,Female,Low,Diabetes,East,65-90
5242,39,Male,Medium,Diabetes,East,35-49
5243,67,Female,Medium,Diabetes,East,65-90
5244,68,Male,High,No Major Chronic Condition,Central,65-90
5245,72,Male,Medium,Cardiovascular Disease,West,65-90
5246,55,Female,High,No Major Chronic Condition,South,50-64
5247,90,Female,Medium,Hypertension,South,65-90
5248,72,Male,High,Respiratory Disease,West,65-90
5249,58,Male,Low,Chronic Kidney Disease,East,50-64
5250,35,Female,Medium,Diabetes,West,35-49
5251,50,Female,Low,Chronic Kidney Disease,South,50-64
5252,79,Female,High,No Major Chronic Condition,West,65-90
5253,84,Male,Low,Diabetes,South,65-90
5254,80,Male,Medium,Diabetes,East,65-90
5255,67,Female,Low,Cardiovascular Disease,Central,65-90
5256,28,Male,Low,No Major Chronic Condition,East,18-34
5257,61,Male,Low,No Major Chronic Condition,South,50-64
5258,28,Male,Medium,Diabetes,East,18-34
5259,24,Female,Low,No Major Chronic Condition,North,18-34
5260,57,Female,High,No Major Chronic Condition,South,50-64
5261,62,Female,Medium,No Major Chronic Condition,East,50-64
5262,69,Male,High,Diabetes,North,65-90
5263,61,Female,Medium,No Major Chronic Condition,East,50-64
5264,62,Female,Medium,No Major Chronic Condition,East,50-64
5265,33,Male,Medium,Respiratory Disease,South,18-34
5266,50,Male,Low,Diabetes,South,50-64
5267,23,Female,Medium,Hypertension,West,18-34
5268,18,Female,High,Hypertension,Central,18-34
5269,66,Female,Low,No Major Chronic Condition,South,65-90
5270,38,Female,Low,No Major Chronic Condition,South,35-49
5271,69,Female,Medium,No Major Chronic Condition,Central,65-90
5272,73,Female,High,Cardiovascular Disease,West,65-90
5273,40,Female,Low,No Major Chronic Condition,Central,35-49
5274,63,Male,High,No Major Chronic Condition,North,50-64
5275,39,Male,Low,Diabetes,Central,35-49
5276,18,Female,Medium,Hypertension,West,18-34
5277,54,Male,High,No Major Chronic Condition,South,50-64
5278,43,Female,Medium,Chronic Kidney Disease,East,35-49
5279,44,Male,Medium,Hypertension,North,35-49
5280,90,Male,High,No Major Chronic Condition,South,65-90
5281,23,Male,Low,Hypertension,East,18-34
5282,59,Unknown,Low,Respiratory Disease,North,50-64
5283,33,Female,High,No Major Chronic Condition,Central,18-34
5284,69,Female,Medium,Hypertension,Central,65-90
5285,58,Female,High,Diabetes,Central,50-64
5286,59,Female,High,Chronic Kidney Disease,North,50-64
5287,34,Male,Medium,Chronic Kidney Disease,West,18-34
5288,37,Female,Medium,Hypertension,Central,35-49
5289,70,Female,Medium,Cardiovascular Disease,North,65-90
5290,86,Male,Low,Cardiovascular Disease,West,65-90
5291,61,Male,Medium,No Major Chronic Condition,South,50-64
5292,35,Male,High,Chronic Kidney Disease,West,35-49
5293,58,Male,High,Hypertension,West,50-64
5294,90,Male,High,Hypertension,Central,65-90
5295,54,Female,High,Hypertension,East,50-64
5296,80,Male,Low,Diabetes,West,65-90
5297,38,Female,Medium,Diabetes,North,35-49
5298,51,Female,Low,No Major Chronic Condition,West,50-64
5299,64,Male,Medium,No Major Chronic Condition,Central,50-64
5300,60,Female,High,Hypertension,West,50-64
5301,37,Female,High,No Major Chronic Condition,Central,35-49
5302,37,Female,High,Respiratory Disease,East,35-49
5303,71,Male,Medium,Chronic Kidney Disease,East,65-90
5304,75,Male,Medium,No Major Chronic Condition,Central,65-90
5305,81,Female,Low,Hypertension,South,65-90
5306,86,Male,Medium,Chronic Kidney Disease,West,65-90
5307,55,Female,Low,Hypertension,West,50-64
5308,46,Male,High,No Major Chronic Condition,West,35-49
5309,78,Female,Medium,Hypertension,East,65-90
5310,66,Female,Medium,Respiratory Disease,East,65-90
5311,33,Male,High,Diabetes,North,18-34
5312,32,Male,Low,Hypertension,Central,18-34
5313,61,Female,Medium,Hypertension,South,50-64
5314,49,Female,High,No Major Chronic Condition,East,35-49
5315,51,Male,High,Hypertension,North,50-64
5316,72,Female,Low,Hypertension,East,65-90
5317,66,Female,Medium,Diabetes,South,65-90
5318,77,Male,Medium,Hypertension,East,65-90
5319,18,Female,Low,Hypertension,West,18-34
5320,57,Unknown,Low,Respiratory Disease,East,50-64
5321,65,Female,Medium,Cardiovascular Disease,North,65-90
5322,23,Female,Low,No Major Chronic Condition,West,18-34
5323,40,Female,Medium,Respiratory Disease,East,35-49
5324,36,Male,Low,Diabetes,South,35-49
5325,52,Female,Low,No Major Chronic Condition,South,50-64
5326,83,Male,Medium,Diabetes,West,65-90
5327,90,Female,Low,No Major Chronic Condition,Central,65-90
5328,37,Female,Low,Cardiovascular Disease,West,35-49
5329,62,Male,Low,Diabetes,Central,50-64
5330,63,Female,Low,No Major Chronic Condition,East,50-64
5331,59,Male,Medium,Cardiovascular Disease,South,50-64
5332,60,Female,High,No Major Chronic Condition,West,50-64
5333,58,Male,Medium,Cardiovascular Disease,South,50-64
5334,84,Male,Low,Cardiovascular Disease,West,65-90
5335,73,Female,Low,Hypertension,East,65-90
5336,32,Male,High,Hypertension,North,18-34
5337,67,Female,Low,No Major Chronic Condition,South,65-90
5338,69,Female,Low,Diabetes,South,65-90
5339,58,Female,Low,Cardiovascular Disease,North,50-64
5340,73,Male,Medium,Hypertension,South,65-90
5341,56,Male,Medium,Respiratory Disease,North,50-64
5342,56,Male,Low,Hypertension,North,50-64
5343,54,Male,Low,Hypertension,South,50-64
5344,18,Female,Medium,Cardiovascular Disease,East,18-34
5345,50,Male,Low,No Major Chronic Condition,West,50-64
5346,39,Male,Medium,No Major Chronic Condition,East,35-49
5347,29,Male,High,Hypertension,East,18-34
5348,79,Male,Low,Cardiovascular Disease,West,65-90
5349,62,Male,Medium,Hypertension,West,50-64
5350,51,Female,Medium,Respiratory Disease,Central,50-64
5351,41,Male,Medium,Hypertension,East,35-49
5352,58,Male,Medium,Diabetes,East,50-64
5353,71,Male,Medium,Respiratory Disease,Central,65-90
5354,36,Female,Medium,Diabetes,East,35-49
5355,52,Female,Medium,Diabetes,East,50-64
5356,68,Male,Low,No Major Chronic Condition,West,65-90
5357,18,Male,Low,No Major Chronic Condition,South,18-34
5358,51,Male,Low,Respiratory Disease,West,50-64
5359,44,Male,Medium,Diabetes,West,35-49
5360,49,Female,Medium,Hypertension,West,35-49
5361,42,Male,Medium,Hypertension,North,35-49
5362,55,Female,Medium,Chronic Kidney Disease,East,50-64
5363,89,Female,High,No Major Chronic Condition,West,65-90
5364,46,Female,Medium,Hypertension,South,35-49
5365,58,Female,Medium,Cardiovascular Disease,Central,50-64
5366,90,Female,Low,Hypertension,North,65-90
5367,42,Male,Medium,Chronic Kidney Disease,West,35-49
5368,86,Female,Medium,Hypertension,South,65-90
5369,52,Male,High,Chronic Kidney Disease,West,50-64
5370,86,Female,High,Chronic Kidney Disease,Central,65-90
5371,66,Male,Low,Diabetes,East,65-90
5372,58,Female,High,No Major Chronic Condition,South,50-64
5373,51,Male,Medium,No Major Chronic Condition,Central,50-64
5374,40,Male,Medium,Respiratory Disease,East,35-49
5375,53,Female,Medium,Diabetes,East,50-64
5376,69,Female,Medium,Diabetes,South,65-90
5377,52,Female,High,Diabetes,East,50-64
5378,46,Female,Low,Cardiovascular Disease,West,35-49
5379,47,Female,Medium,Hypertension,East,35-49
5380,71,Female,Low,No Major Chronic Condition,South,65-90
5381,75,Male,Low,Cardiovascular Disease,North,65-90
5382,39,Female,Medium,Cardiovascular Disease,South,35-49
5383,39,Female,Medium,No Major Chronic Condition,Central,35-49
5384,59,Female,High,Respiratory Disease,Central,50-64
5385,81,Female,Medium,Hypertension,East,65-90
5386,74,Female,Medium,No Major Chronic Condition,West,65-90
5387,28,Male,High,Cardiovascular Disease,North,18-34
5388,47,Male,Medium,Respiratory Disease,Central,35-49
5389,34,Female,Medium,Hypertension,South,18-34
5390,47,Female,High,Chronic Kidney Disease,North,35-49
5391,82,Female,Medium,No Major Chronic Condition,South,65-90
5392,25,Male,Medium,Respiratory Disease,East,18-34
5393,21,Female,Medium,Hypertension,East,18-34
5394,36,Male,Medium,No Major Chronic Condition,North,35-49
5395,57,Male,Medium,Cardiovascular Disease,South,50-64
5396,64,Male,Medium,No Major Chronic Condition,West,50-64
5397,60,Female,Medium,Diabetes,West,50-64
5398,74,Male,Low,Cardiovascular Disease,South,65-90
5399,19,Female,Low,No Major Chronic Condition,South,18-34
5400,75,Female,Medium,Chronic Kidney Disease,West,65-90
5401,46,Male,Low,Diabetes,East,35-49
5402,66,Male,Medium,Chronic Kidney Disease,East,65-90
5403,27,Female,Low,Diabetes,East,18-34
5404,52,Female,Low,Hypertension,East,50-64
5405,56,Female,High,Hypertension,South,50-64
5406,74,Male,Medium,Hypertension,West,65-90
5407,22,Female,Medium,Diabetes,Central,18-34
5408,53,Female,Low,Respiratory Disease,West,50-64
5409,31,Female,Low,No Major Chronic Condition,South,18-34
5410,62,Male,Low,Hypertension,Central,50-64
5411,67,Male,Low,Respiratory Disease,North,65-90
5412,76,Female,Low,Cardiovascular Disease,Central,65-90
5413,42,Male,Medium,No Major Chronic Condition,East,35-49
5414,70,Female,Low,No Major Chronic Condition,West,65-90
5415,78,Male,Medium,No Major Chronic Condition,South,65-90
5416,21,Male,Medium,No Major Chronic Condition,South,18-34
5417,64,Female,Low,Respiratory Disease,South,50-64
5418,70,Male,High,Diabetes,North,65-90
5419,47,Male,Medium,No Major Chronic Condition,South,35-49
5420,29,Female,Medium,No Major Chronic Condition,South,18-34
5421,70,Female,Medium,Hypertension,East,65-90
5422,29,Male,Medium,Hypertension,Central,18-34
5423,49,Female,Medium,Cardiovascular Disease,North,35-49
5424,51,Male,High,Hypertension,West,50-64
5425,66,Female,Medium,No Major Chronic Condition,South,65-90
5426,40,Male,Medium,Diabetes,West,35-49
5427,39,Male,High,Diabetes,East,35-49
5428,54,Male,Medium,Diabetes,West,50-64
5429,71,Female,High,Respiratory Disease,North,65-90
5430,90,Male,Medium,No Major Chronic Condition,North,65-90
5431,23,Female,Medium,Respiratory Disease,North,18-34
5432,58,Male,Medium,Hypertension,Central,50-64
5433,31,Male,Medium,No Major Chronic Condition,South,18-34
5434,71,Female,Low,Hypertension,East,65-90
5435,34,Male,Medium,Diabetes,South,18-34
5436,39,Female,Low,Diabetes,East,35-49
5437,41,Female,Medium,Cardiovascular Disease,South,35-49
5438,51,Male,Medium,Respiratory Disease,North,50-64
5439,58,Female,High,Respiratory Disease,South,50-64
5440,61,Male,Low,Diabetes,North,50-64
5441,52,Female,Medium,No Major Chronic Condition,South,50-64
5442,27,Female,Medium,Hypertension,South,18-34
5443,66,Male,Medium,Hypertension,West,65-90
5444,51,Female,Low,Chronic Kidney Disease,North,50-64
5445,74,Male,Medium,Respiratory Disease,North,65-90
5446,39,Male,Medium,No Major Chronic Condition,South,35-49
5447,22,Female,Low,Cardiovascular Disease,West,18-34
5448,51,Female,Medium,Diabetes,South,50-64
5449,77,Female,Low,No Major Chronic Condition,West,65-90
5450,55,Male,Medium,Cardiovascular Disease,South,50-64
5451,48,Female,High,Chronic Kidney Disease,South,35-49
5452,35,Male,Low,Diabetes,South,35-49
5453,85,Male,Low,Hypertension,South,65-90
5454,32,Female,High,No Major Chronic Condition,South,18-34
5455,38,Male,Low,No Major Chronic Condition,South,35-49
5456,63,Female,Medium,No Major Chronic Condition,Central,50-64
5457,18,Male,Medium,No Major Chronic Condition,West,18-34
5458,76,Female,Medium,Cardiovascular Disease,Central,65-90
5459,64,Male,Medium,Respiratory Disease,Central,50-64
5460,69,Female,Medium,Diabetes,South,65-90
5461,63,Male,High,No Major Chronic Condition,West,50-64
5462,49,Female,Medium,No Major Chronic Condition,East,35-49
5463,32,Male,Medium,Chronic Kidney Disease,East,18-34
5464,49,Male,High,Hypertension,West,35-49
5465,33,Male,Low,Hypertension,East,18-34
5466,61,Male,High,No Major Chronic Condition,East,50-64
5467,67,Female,High,No Major Chronic Condition,North,65-90
5468,80,Female,High,Cardiovascular Disease,Central,65-90
5469,59,Female,Low,Diabetes,North,50-64
5470,70,Male,Medium,No Major Chronic Condition,North,65-90
5471,46,Female,High,Chronic Kidney Disease,North,35-49
5472,43,Female,Low,Chronic Kidney Disease,East,35-49
5473,61,Male,Medium,No Major Chronic Condition,South,50-64
5474,45,Female,Low,Chronic Kidney Disease,Central,35-49
5475,57,Male,Low,Respiratory Disease,East,50-64
5476,32,Female,High,Chronic Kidney Disease,West,18-34
5477,35,Female,High,Cardiovascular Disease,North,35-49
5478,64,Male,Low,Hypertension,South,50-64
5479,69,Female,Low,Hypertension,East,65-90
5480,33,Male,Medium,Chronic Kidney Disease,North,18-34
5481,65,Female,Low,Hypertension,South,65-90
5482,42,Female,Medium,No Major Chronic Condition,West,35-49
5483,52,Female,Medium,Cardiovascular Disease,West,50-64
5484,79,Female,Medium,Respiratory Disease,Central,65-90
5485,67,Male,Medium,Diabetes,East,65-90
5486,67,Female,Low,Cardiovascular Disease,South,65-90
5487,88,Male,Low,Hypertension,Central,65-90
5488,39,Male,High,No Major Chronic Condition,Central,35-49
5489,33,Female,Low,Diabetes,East,18-34
5490,38,Male,Low,Cardiovascular Disease,North,35-49
5491,47,Female,Medium,No Major Chronic Condition,South,35-49
5492,18,Male,Low,Chronic Kidney Disease,West,18-34
5493,48,Female,Medium,No Major Chronic Condition,North,35-49
5494,42,Male,High,No Major Chronic Condition,South,35-49
5495,67,Female,Low,Chronic Kidney Disease,South,65-90
5496,59,Female,Medium,Hypertension,West,50-64
5497,41,Female,Low,Hypertension,South,35-49
5498,63,Female,Medium,Diabetes,East,50-64
5499,66,Male,Medium,Diabetes,West,65-90
5500,37,Female,High,Respiratory Disease,West,35-49
5501,43,Male,Low,No Major Chronic Condition,South,35-49
5502,18,Female,Medium,Respiratory Disease,North,18-34
5503,31,Female,High,Hypertension,North,18-34
5504,38,Female,Medium,No Major Chronic Condition,North,35-49
5505,53,Female,Medium,Cardiovascular Disease,North,50-64
5506,34,Male,Low,Hypertension,South,18-34
5507,42,Female,Medium,Diabetes,North,35-49
5508,29,Male,Medium,No Major Chronic Condition,West,18-34
5509,55,Female,Low,Respiratory Disease,North,50-64
5510,60,Female,Medium,Respiratory Disease,Central,50-64
5511,60,Female,Medium,Chronic Kidney Disease,North,50-64
5512,52,Male,Medium,Respiratory Disease,South,50-64
5513,23,Female,High,Hypertension,West,18-34
5514,40,Male,Medium,Respiratory Disease,Central,35-49
5515,44,Female,Medium,Diabetes,North,35-49
5516,44,Female,Medium,Hypertension,West,35-49
5517,53,Male,Medium,Cardiovascular Disease,West,50-64
5518,79,Male,Medium,Diabetes,East,65-90
5519,67,Male,Low,No Major Chronic Condition,East,65-90
5520,33,Female,Medium,Diabetes,South,18-34
5521,65,Male,Medium,Hypertension,South,65-90
5522,64,Female,Medium,Cardiovascular Disease,North,50-64
5523,37,Male,Low,Chronic Kidney Disease,North,35-49
5524,68,Female,Low,Diabetes,East,65-90
5525,49,Male,Medium,No Major Chronic Condition,North,35-49
5526,25,Female,Low,Cardiovascular Disease,North,18-34
5527,61,Male,Medium,Hypertension,North,50-64
5528,56,Male,Medium,Diabetes,West,50-64
5529,48,Male,Low,No Major Chronic Condition,West,35-49
5530,51,Female,High,Cardiovascular Disease,West,50-64
5531,38,Female,Medium,Hypertension,Central,35-49
5532,64,Male,Low,Diabetes,Central,50-64
5533,51,Male,High,Cardiovascular Disease,South,50-64
5534,55,Male,Medium,Hypertension,South,50-64
5535,59,Female,Medium,Diabetes,East,50-64
5536,30,Female,Low,No Major Chronic Condition,North,18-34
5537,35,Female,High,No Major Chronic Condition,North,35-49
5538,18,Male,Low,Hypertension,Central,18-34
5539,63,Female,Medium,Hypertension,South,50-64
5540,29,Female,High,Hypertension,East,18-34
5541,55,Male,High,No Major Chronic Condition,West,50-64
5542,59,Male,Medium,Respiratory Disease,West,50-64
5543,63,Male,Low,Diabetes,Central,50-64
5544,29,Female,Low,Respiratory Disease,Central,18-34
5545,51,Female,High,Cardiovascular Disease,South,50-64
5546,84,Female,Medium,Diabetes,West,65-90
5547,85,Female,High,No Major Chronic Condition,North,65-90
5548,71,Male,Low,Diabetes,Central,65-90
5549,58,Female,High,Cardiovascular Disease,South,50-64
5550,33,Female,Low,Respiratory Disease,South,18-34
5551,66,Female,Low,Respiratory Disease,Central,65-90
5552,49,Male,High,Diabetes,West,35-49
5553,63,Male,Medium,Respiratory Disease,South,50-64
5554,40,Female,Medium,Chronic Kidney Disease,North,35-49
5555,49,Female,Medium,No Major Chronic Condition,East,35-49
5556,55,Female,High,Diabetes,East,50-64
5557,57,Male,Low,Diabetes,West,50-64
5558,61,Female,Low,No Major Chronic Condition,North,50-64
5559,41,Female,Medium,Chronic Kidney Disease,West,35-49
5560,26,Male,High,Cardiovascular Disease,South,18-34
5561,83,Male,High,Chronic Kidney Disease,Central,65-90
5562,90,Male,Medium,Diabetes,West,65-90
5563,61,Female,Medium,No Major Chronic Condition,Central,50-64
5564,27,Male,Medium,Respiratory Disease,North,18-34
5565,37,Female,Low,No Major Chronic Condition,Central,35-49
5566,62,Female,Low,Respiratory Disease,Central,50-64
5567,77,Male,Low,No Major Chronic Condition,East,65-90
5568,29,Female,Low,Hypertension,Central,18-34
5569,50,Male,Low,Diabetes,West,50-64
5570,56,Female,Low,Hypertension,Central,50-64
5571,68,Female,High,No Major Chronic Condition,West,65-90
5572,45,Male,Low,Chronic Kidney Disease,Central,35-49
5573,22,Female,High,Cardiovascular Disease,North,18-34
5574,64,Male,High,Hypertension,North,50-64
5575,73,Male,Medium,Respiratory Disease,East,65-90
5576,50,Female,Medium,Respiratory Disease,West,50-64
5577,60,Male,Low,Cardiovascular Disease,South,50-64
5578,43,Male,Low,Chronic Kidney Disease,South,35-49
5579,36,Male,Medium,Hypertension,North,35-49
5580,72,Female,Medium,Cardiovascular Disease,Central,65-90
5581,59,Male,Medium,Hypertension,West,50-64
5582,61,Male,High,Hypertension,North,50-64
5583,81,Male,Medium,Hypertension,North,65-90
5584,32,Female,Medium,No Major Chronic Condition,Central,18-34
5585,42,Female,Low,Diabetes,South,35-49
5586,55,Male,High,Hypertension,East,50-64
5587,41,Male,High,Cardiovascular Disease,Central,35-49
5588,67,Male,Medium,Cardiovascular Disease,Central,65-90
5589,48,Male,Medium,No Major Chronic Condition,North,35-49
5590,33,Female,Medium,No Major Chronic Condition,West,18-34
5591,53,Male,Low,Chronic Kidney Disease,Central,50-64
5592,55,Female,High,Hypertension,North,50-64
5593,70,Female,Medium,Diabetes,West,65-90
5594,59,Female,Medium,Hypertension,West,50-64
5595,61,Male,Medium,Respiratory Disease,North,50-64
5596,58,Female,Medium,Diabetes,South,50-64
5597,48,Female,Low,No Major Chronic Condition,South,35-49
5598,38,Female,Medium,No Major Chronic Condition,North,35-49
5599,57,Female,Low,Chronic Kidney Disease,North,50-64
5600,46,Male,Low,Cardiovascular Disease,South,35-49
5601,84,Female,Low,No Major Chronic Condition,East,65-90
5602,78,Female,Low,Hypertension,Central,65-90
5603,64,Female,High,No Major Chronic Condition,Central,50-64
5604,59,Male,Low,Hypertension,Central,50-64
5605,50,Male,Medium,Chronic Kidney Disease,West,50-64
5606,28,Male,Medium,Diabetes,North,18-34
5607,48,Female,High,Respiratory Disease,South,35-49
5608,54,Female,Medium,Hypertension,West,50-64
5609,56,Female,High,Diabetes,Central,50-64
5610,61,Male,Medium,Cardiovascular Disease,East,50-64
5611,70,Female,Medium,Diabetes,West,65-90
5612,39,Female,Medium,Diabetes,Central,35-49
5613,39,Male,Low,No Major Chronic Condition,East,35-49
5614,80,Male,Medium,Diabetes,West,65-90
5615,67,Female,Medium,Respiratory Disease,Central,65-90
5616,45,Male,Medium,Diabetes,West,35-49
5617,50,Female,Medium,Chronic Kidney Disease,North,50-64
5618,50,Female,Medium,No Major Chronic Condition,Central,50-64
5619,53,Female,Medium,Cardiovascular Disease,West,50-64
5620,61,Male,Low,No Major Chronic Condition,South,50-64
5621,90,Female,Low,Respiratory Disease,Central,65-90
5622,56,Male,Medium,Respiratory Disease,North,50-64
5623,65,Female,Low,Diabetes,Central,65-90
5624,20,Male,High,No Major Chronic Condition,West,18-34
5625,43,Male,Low,No Major Chronic Condition,South,35-49
5626,75,Male,Low,Diabetes,Central,65-90
5627,60,Unknown,Medium,Diabetes,North,50-64
5628,18,Male,Low,Hypertension,Central,18-34
5629,65,Male,Medium,Diabetes,East,65-90
5630,88,Female,Low,Hypertension,East,65-90
5631,18,Male,Low,No Major Chronic Condition,Central,18-34
5632,81,Female,Medium,No Major Chronic Condition,North,65-90
5633,18,Female,Medium,Cardiovascular Disease,East,18-34
5634,70,Female,Medium,Hypertension,West,65-90
5635,52,Female,Low,Respiratory Disease,North,50-64
5636,18,Male,Medium,No Major Chronic Condition,North,18-34
5637,60,Female,Medium,No Major Chronic Condition,East,50-64
5638,74,Female,Low,No Major Chronic Condition,South,65-90
5639,59,Male,Medium,No Major Chronic Condition,East,50-64
5640,63,Male,Medium,Cardiovascular Disease,East,50-64
5641,44,Female,High,Diabetes,South,35-49
5642,18,Male,High,No Major Chronic Condition,South,18-34
5643,65,Female,Medium,Respiratory Disease,South,65-90
5644,85,Female,Low,No Major Chronic Condition,North,65-90
5645,73,Male,Medium,Chronic Kidney Disease,West,65-90
5646,18,Male,Medium,Hypertension,North,18-34
5647,23,Male,High,Hypertension,Central,18-34
5648,36,Female,Medium,No Major Chronic Condition,North,35-49
5649,22,Female,Low,Cardiovascular Disease,South,18-34
5650,53,Female,High,Diabetes,West,50-64
5651,59,Male,Medium,Respiratory Disease,North,50-64
5652,25,Female,Low,Hypertension,East,18-34
5653,67,Female,Medium,Respiratory Disease,South,65-90
5654,63,Female,Medium,Respiratory Disease,Central,50-64
5655,42,Male,Medium,Chronic Kidney Disease,South,35-49
5656,49,Female,High,No Major Chronic Condition,North,35-49
5657,18,Male,Low,Hypertension,East,18-34
5658,46,Male,Low,No Major Chronic Condition,South,35-49
5659,52,Female,Low,No Major Chronic Condition,Central,50-64
5660,55,Unknown,High,No Major Chronic Condition,Central,50-64
5661,59,Female,Low,No Major Chronic Condition,West,50-64
5662,57,Male,Medium,Diabetes,North,50-64
5663,47,Male,Medium,Cardiovascular Disease,West,35-49
5664,57,Female,High,Diabetes,North,50-64
5665,71,Male,Low,Chronic Kidney Disease,North,65-90
5666,50,Female,Low,Diabetes,North,50-64
5667,58,Male,High,Diabetes,East,50-64
5668,48,Male,Medium,No Major Chronic Condition,East,35-49
5669,40,Male,Low,No Major Chronic Condition,West,35-49
5670,62,Female,Low,Respiratory Disease,East,50-64
5671,41,Female,High,Cardiovascular Disease,South,35-49
5672,59,Male,High,No Major Chronic Condition,North,50-64
5673,53,Female,Medium,No Major Chronic Condition,East,50-64
5674,46,Male,Medium,Diabetes,West,35-49
5675,46,Male,Medium,Diabetes,South,35-49
5676,42,Male,Low,No Major Chronic Condition,West,35-49
5677,21,Male,High,Diabetes,Central,18-34
5678,59,Female,Low,Chronic Kidney Disease,South,50-64
5679,56,Male,Low,Respiratory Disease,West,50-64
5680,68,Female,Low,Cardiovascular Disease,Central,65-90
5681,42,Male,Low,Diabetes,Central,35-49
5682,88,Female,Medium,Chronic Kidney Disease,North,65-90
5683,45,Male,Medium,Respiratory Disease,North,35-49
5684,35,Male,Medium,No Major Chronic Condition,West,35-49
5685,33,Male,Medium,Cardiovascular Disease,South,18-34
5686,19,Female,Low,No Major Chronic Condition,North,18-34
5687,81,Female,Medium,Diabetes,South,65-90
5688,78,Male,Medium,Hypertension,East,65-90
5689,63,Male,Medium,No Major Chronic Condition,North,50-64
5690,35,Female,Low,Diabetes,North,35-49
5691,86,Male,High,Hypertension,West,65-90
5692,45,Male,Low,Diabetes,East,35-49
5693,47,Male,Low,Chronic Kidney Disease,South,35-49
5694,79,Male,Low,No Major Chronic Condition,Central,65-90
5695,65,Male,Medium,No Major Chronic Condition,West,65-90
5696,90,Male,Low,Diabetes,South,65-90
5697,57,Female,Low,Hypertension,South,50-64
5698,44,Male,Medium,Hypertension,West,35-49
5699,40,Male,Low,No Major Chronic Condition,West,35-49
5700,18,Male,Low,Respiratory Disease,Central,18-34
5701,47,Male,Medium,Hypertension,North,35-49
5702,74,Male,Medium,Hypertension,East,65-90
5703,63,Female,Low,Hypertension,South,50-64
5704,52,Female,Low,Chronic Kidney Disease,Central,50-64
5705,33,Female,Medium,Respiratory Disease,North,18-34
5706,56,Male,High,Respiratory Disease,East,50-64
5707,71,Male,Medium,Cardiovascular Disease,West,65-90
5708,60,Female,Low,Diabetes,West,50-64
5709,55,Female,High,Chronic Kidney Disease,West,50-64
5710,37,Male,Medium,Chronic Kidney Disease,East,35-49
5711,68,Female,Medium,Diabetes,Central,65-90
5712,18,Female,High,Respiratory Disease,East,18-34
5713,59,Female,Medium,No Major Chronic Condition,East,50-64
5714,90,Male,Medium,Respiratory Disease,Central,65-90
5715,23,Male,Medium,Chronic Kidney Disease,South,18-34
5716,47,Male,High,Chronic Kidney Disease,East,35-49
5717,52,Female,Low,Hypertension,South,50-64
5718,43,Female,Low,Diabetes,South,35-49
5719,72,Male,Medium,Cardiovascular Disease,East,65-90
5720,61,Male,High,Hypertension,South,50-64
5721,55,Female,Low,Chronic Kidney Disease,North,50-64
5722,67,Male,Low,Chronic Kidney Disease,East,65-90
5723,52,Male,Medium,Diabetes,West,50-64
5724,90,Male,Low,No Major Chronic Condition,North,65-90
5725,55,Female,Medium,No Major Chronic Condition,East,50-64
5726,56,Female,Medium,Diabetes,South,50-64
5727,20,Female,High,Cardiovascular Disease,North,18-34
5728,42,Male,Medium,Hypertension,North,35-49
5729,74,Male,Medium,No Major Chronic Condition,West,65-90
5730,27,Female,High,Respiratory Disease,East,18-34
5731,18,Female,Low,Chronic Kidney Disease,Central,18-34
5732,53,Female,Medium,No Major Chronic Condition,West,50-64
5733,78,Male,Medium,Chronic Kidney Disease,Central,65-90
5734,53,Male,Low,No Major Chronic Condition,South,50-64
5735,46,Female,Low,Hypertension,East,35-49
5736,18,Male,Medium,Hypertension,East,18-34
5737,61,Male,Medium,Cardiovascular Disease,East,50-64
5738,65,Male,Medium,No Major Chronic Condition,Central,65-90
5739,18,Male,Low,Diabetes,East,18-34
5740,74,Female,Low,Cardiovascular Disease,South,65-90
5741,67,Male,High,No Major Chronic Condition,West,65-90
5742,74,Male,Low,Diabetes,South,65-90
5743,63,Male,High,Respiratory Disease,North,50-64
5744,64,Male,Medium,Diabetes,East,50-64
5745,62,Female,Medium,Diabetes,North,50-64
5746,69,Male,Low,Hypertension,West,65-90
5747,18,Male,High,No Major Chronic Condition,South,18-34
5748,23,Female,High,Diabetes,Central,18-34
5749,38,Male,Medium,Hypertension,South,35-49
5750,50,Female,Medium,Chronic Kidney Disease,South,50-64
5751,59,Male,Medium,Hypertension,South,50-64
5752,58,Female,Low,Cardiovascular Disease,West,50-64
5753,73,Female,High,Cardiovascular Disease,North,65-90
5754,74,Male,Low,No Major Chronic Condition,South,65-90
5755,35,Male,Medium,No Major Chronic Condition,South,35-49
5756,57,Male,Medium,Diabetes,South,50-64
5757,36,Male,Medium,Chronic Kidney Disease,Central,35-49
5758,48,Female,Medium,Respiratory Disease,West,35-49
5759,58,Male,Medium,Hypertension,East,50-64
5760,18,Male,Low,Cardiovascular Disease,North,18-34
5761,90,Female,Low,No Major Chronic Condition,East,65-90
5762,63,Male,Low,No Major Chronic Condition,West,50-64
5763,41,Female,High,Respiratory Disease,South,35-49
5764,89,Female,Low,Diabetes,Central,65-90
5765,45,Male,High,Respiratory Disease,South,35-49
5766,55,Male,Low,Cardiovascular Disease,North,50-64
5767,43,Female,High,Cardiovascular Disease,West,35-49
5768,83,Male,Medium,No Major Chronic Condition,East,65-90
5769,50,Female,High,No Major Chronic Condition,East,50-64
5770,55,Male,Medium,No Major Chronic Condition,Central,50-64
5771,75,Female,Medium,Chronic Kidney Disease,West,65-90
5772,63,Female,Medium,Respiratory Disease,Central,50-64
5773,51,Female,Low,Hypertension,West,50-64
5774,73,Female,High,No Major Chronic Condition,East,65-90
5775,90,Female,Medium,Cardiovascular Disease,East,65-90
5776,58,Male,Low,Hypertension,South,50-64
5777,54,Male,Low,Diabetes,North,50-64
5778,55,Male,Medium,No Major Chronic Condition,West,50-64
5779,77,Female,High,Hypertension,North,65-90
5780,41,Male,Medium,No Major Chronic Condition,Central,35-49
5781,47,Female,Low,Respiratory Disease,South,35-49
5782,23,Male,Medium,Hypertension,South,18-34
5783,30,Male,Low,No Major Chronic Condition,North,18-34
5784,42,Female,Low,No Major Chronic Condition,South,35-49
5785,51,Female,High,Diabetes,North,50-64
5786,86,Male,Low,Diabetes,North,65-90
5787,62,Female,Medium,Respiratory Disease,West,50-64
5788,35,Male,Low,Hypertension,South,35-49
5789,38,Male,Low,Hypertension,North,35-49
5790,78,Female,Low,No Major Chronic Condition,South,65-90
5791,73,Female,Low,Diabetes,North,65-90
5792,53,Female,Medium,Cardiovascular Disease,Central,50-64
5793,44,Male,High,Hypertension,Central,35-49
5794,73,Female,Low,Hypertension,South,65-90
5795,33,Female,High,Hypertension,South,18-34
5796,59,Female,Medium,Hypertension,North,50-64
5797,90,Male,Low,No Major Chronic Condition,West,65-90
5798,56,Male,Low,No Major Chronic Condition,North,50-64
5799,37,Male,Low,Cardiovascular Disease,West,35-49
5800,60,Male,Medium,No Major Chronic Condition,South,50-64
5801,43,Male,Medium,Diabetes,West,35-49
5802,26,Male,Low,Cardiovascular Disease,South,18-34
5803,65,Female,Low,No Major Chronic Condition,North,65-90
5804,73,Female,Low,Respiratory Disease,South,65-90
5805,46,Male,Medium,No Major Chronic Condition,West,35-49
5806,45,Female,Low,Respiratory Disease,West,35-49
5807,34,Female,Medium,No Major Chronic Condition,East,18-34
5808,49,Male,Medium,Diabetes,South,35-49
5809,41,Male,Medium,Diabetes,West,35-49
5810,33,Female,Low,Hypertension,North,18-34
5811,88,Female,Medium,No Major Chronic Condition,East,65-90
5812,61,Female,Medium,Diabetes,West,50-64
5813,63,Female,High,Hypertension,North,50-64
5814,69,Female,Medium,No Major Chronic Condition,West,65-90
5815,67,Male,Medium,Respiratory Disease,Central,65-90
5816,44,Male,Low,Hypertension,Central,35-49
5817,57,Female,Medium,Diabetes,North,50-64
5818,47,Female,Medium,No Major Chronic Condition,Central,35-49
5819,60,Male,Medium,No Major Chronic Condition,North,50-64
5820,58,Female,Medium,No Major Chronic Condition,South,50-64
5821,45,Female,High,Diabetes,East,35-49
5822,27,Female,High,Cardiovascular Disease,South,18-34
5823,55,Male,Low,Cardiovascular Disease,South,50-64
5824,48,Female,Low,No Major Chronic Condition,Central,35-49
5825,18,Female,High,No Major Chronic Condition,North,18-34
5826,62,Male,Medium,No Major Chronic Condition,East,50-64
5827,70,Male,High,Cardiovascular Disease,West,65-90
5828,90,Male,Medium,Diabetes,South,65-90
5829,45,Male,High,No Major Chronic Condition,Central,35-49
5830,42,Male,Low,Respiratory Disease,Central,35-49
5831,31,Female,Medium,Diabetes,South,18-34
5832,56,Female,Medium,No Major Chronic Condition,East,50-64
5833,56,Female,Low,Diabetes,North,50-64
5834,37,Female,Low,Chronic Kidney Disease,Central,35-49
5835,49,Female,Low,Chronic Kidney Disease,North,35-49
5836,18,Female,Low,Diabetes,South,18-34
5837,70,Male,High,No Major Chronic Condition,West,65-90
5838,37,Male,High,Cardiovascular Disease,West,35-49
5839,51,Female,High,Cardiovascular Disease,West,50-64
5840,25,Female,High,No Major Chronic Condition,North,18-34
5841,41,Female,High,No Major Chronic Condition,West,35-49
5842,47,Female,High,Hypertension,West,35-49
5843,52,Female,Low,Chronic Kidney Disease,East,50-64
5844,61,Female,Low,Cardiovascular Disease,West,50-64
5845,79,Female,High,No Major Chronic Condition,North,65-90
5846,66,Male,Medium,Hypertension,North,65-90
5847,70,Male,Medium,Cardiovascular Disease,North,65-90
5848,79,Male,Medium,Diabetes,South,65-90
5849,63,Female,Low,No Major Chronic Condition,South,50-64
5850,51,Female,Low,No Major Chronic Condition,North,50-64
5851,71,Female,Medium,Hypertension,South,65-90
5852,72,Male,Medium,Respiratory Disease,East,65-90
5853,64,Female,Medium,Hypertension,East,50-64
5854,24,Female,Medium,Diabetes,West,18-34
5855,36,Male,Medium,Diabetes,South,35-49
5856,47,Female,Medium,No Major Chronic Condition,South,35-49
5857,67,Female,Medium,Hypertension,North,65-90
5858,52,Male,Medium,Cardiovascular Disease,West,50-64
5859,74,Female,High,No Major Chronic Condition,East,65-90
5860,77,Male,Medium,Diabetes,North,65-90
5861,75,Female,High,Respiratory Disease,North,65-90
5862,75,Male,High,No Major Chronic Condition,North,65-90
5863,32,Female,High,No Major Chronic Condition,South,18-34
5864,61,Male,Medium,Hypertension,North,50-64
5865,40,Male,Medium,Hypertension,West,35-49
5866,21,Male,Medium,No Major Chronic Condition,South,18-34
5867,47,Male,Medium,Diabetes,Central,35-49
5868,77,Male,Low,Respiratory Disease,South,65-90
5869,61,Female,Low,Hypertension,South,50-64
5870,90,Female,Low,No Major Chronic Condition,Central,65-90
5871,55,Female,Medium,Hypertension,North,50-64
5872,90,Female,Low,Cardiovascular Disease,West,65-90
5873,55,Female,Medium,No Major Chronic Condition,North,50-64
5874,52,Male,Low,Diabetes,East,50-64
5875,28,Male,Low,Respiratory Disease,Central,18-34
5876,73,Male,Medium,No Major Chronic Condition,North,65-90
5877,42,Female,High,Respiratory Disease,North,35-49
5878,40,Male,Medium,Diabetes,South,35-49
5879,76,Male,High,No Major Chronic Condition,South,65-90
5880,74,Male,Low,Diabetes,South,65-90
5881,74,Male,Medium,Hypertension,West,65-90
5882,45,Female,Low,Diabetes,North,35-49
5883,51,Female,Low,Chronic Kidney Disease,East,50-64
5884,51,Male,Low,Hypertension,West,50-64
5885,67,Male,Low,Hypertension,West,65-90
5886,82,Male,Medium,Cardiovascular Disease,Central,65-90
5887,59,Male,Medium,Hypertension,West,50-64
5888,90,Male,Low,No Major Chronic Condition,North,65-90
5889,69,Male,High,Cardiovascular Disease,North,65-90
5890,48,Male,Medium,Respiratory Disease,West,35-49
5891,68,Male,Low,Diabetes,South,65-90
5892,84,Female,Medium,No Major Chronic Condition,South,65-90
5893,90,Female,Low,Hypertension,West,65-90
5894,75,Female,High,Hypertension,East,65-90
5895,52,Female,Medium,Hypertension,South,50-64
5896,48,Male,Low,No Major Chronic Condition,East,35-49
5897,63,Male,Low,Respiratory Disease,South,50-64
5898,84,Female,Low,Diabetes,North,65-90
5899,60,Female,Medium,Diabetes,Central,50-64
5900,61,Female,Medium,Cardiovascular Disease,South,50-64
5901,53,Male,High,Diabetes,East,50-64
5902,46,Male,Low,Respiratory Disease,North,35-49
5903,49,Female,Low,Hypertension,North,35-49
5904,55,Female,Low,Hypertension,North,50-64
5905,85,Male,Medium,No Major Chronic Condition,North,65-90
5906,47,Male,Medium,Cardiovascular Disease,West,35-49
5907,53,Male,High,Diabetes,North,50-64
5908,36,Male,Medium,Hypertension,East,35-49
5909,66,Female,Low,No Major Chronic Condition,West,65-90
5910,78,Female,High,No Major Chronic Condition,South,65-90
5911,83,Female,High,No Major Chronic Condition,North,65-90
5912,56,Female,Low,No Major Chronic Condition,South,50-64
5913,63,Female,High,Diabetes,North,50-64
5914,49,Female,Medium,Diabetes,South,35-49
5915,62,Female,Medium,Diabetes,South,50-64
5916,58,Male,Medium,Diabetes,South,50-64
5917,53,Female,Low,No Major Chronic Condition,South,50-64
5918,55,Male,Medium,Diabetes,South,50-64
5919,61,Female,Medium,Cardiovascular Disease,West,50-64
5920,46,Female,High,Hypertension,North,35-49
5921,47,Female,Low,No Major Chronic Condition,South,35-49
5922,84,Female,Medium,No Major Chronic Condition,Central,65-90
5923,90,Female,Medium,No Major Chronic Condition,West,65-90
5924,29,Male,Medium,Hypertension,South,18-34
5925,28,Male,Medium,No Major Chronic Condition,East,18-34
5926,34,Female,Medium,No Major Chronic Condition,Central,18-34
5927,50,Female,Medium,Respiratory Disease,West,50-64
5928,69,Female,Medium,Respiratory Disease,East,65-90
5929,63,Male,Low,Hypertension,East,50-64
5930,55,Female,Medium,Chronic Kidney Disease,Central,50-64
5931,62,Female,Medium,No Major Chronic Condition,North,50-64
5932,39,Male,Medium,Hypertension,East,35-49
5933,47,Male,Medium,Hypertension,South,35-49
5934,52,Male,Medium,Hypertension,East,50-64
5935,22,Female,Low,No Major Chronic Condition,North,18-34
5936,30,Female,Low,Respiratory Disease,West,18-34
5937,31,Female,Low,No Major Chronic Condition,North,18-34
5938,67,Male,Medium,Respiratory Disease,East,65-90
5939,57,Male,Medium,Hypertension,Central,50-64
5940,64,Female,High,Respiratory Disease,South,50-64
5941,18,Male,Medium,Diabetes,South,18-34
5942,24,Female,Medium,Cardiovascular Disease,South,18-34
5943,65,Male,Medium,Cardiovascular Disease,East,65-90
5944,18,Female,Medium,Respiratory Disease,South,18-34
5945,75,Female,Medium,Hypertension,West,65-90
5946,18,Female,Medium,Cardiovascular Disease,East,18-34
5947,68,Male,Medium,No Major Chronic Condition,North,65-90
5948,35,Female,High,Diabetes,East,35-49
5949,72,Female,Medium,No Major Chronic Condition,South,65-90
5950,90,Male,Low,Cardiovascular Disease,South,65-90
5951,18,Male,Medium,Respiratory Disease,Central,18-34
5952,65,Male,High,Diabetes,South,65-90
5953,18,Male,Low,Diabetes,North,18-34
5954,60,Male,High,Chronic Kidney Disease,South,50-64
5955,48,Male,High,No Major Chronic Condition,East,35-49
5956,54,Female,Medium,Cardiovascular Disease,East,50-64
5957,35,Female,Low,Diabetes,North,35-49
5958,67,Female,Low,No Major Chronic Condition,North,65-90
5959,24,Female,Low,No Major Chronic Condition,West,18-34
5960,76,Female,Medium,Chronic Kidney Disease,North,65-90
5961,44,Female,Medium,Diabetes,South,35-49
5962,25,Female,High,Cardiovascular Disease,Central,18-34
5963,82,Male,Low,No Major Chronic Condition,West,65-90
5964,51,Male,Medium,Diabetes,South,50-64
5965,88,Male,Medium,Diabetes,North,65-90
5966,75,Male,Medium,Chronic Kidney Disease,South,65-90
5967,37,Female,Medium,Respiratory Disease,West,35-49
5968,50,Female,High,Hypertension,North,50-64
5969,54,Female,Medium,Respiratory Disease,West,50-64
5970,81,Male,Low,No Major Chronic Condition,North,65-90
5971,60,Female,Medium,No Major Chronic Condition,North,50-64
5972,55,Male,Low,Diabetes,East,50-64
5973,48,Female,High,No Major Chronic Condition,West,35-49
5974,51,Female,High,Respiratory Disease,West,50-64
5975,77,Male,Low,Hypertension,South,65-90
5976,52,Female,Medium,Diabetes,South,50-64
5977,44,Male,Medium,No Major Chronic Condition,North,35-49
5978,41,Male,Medium,Diabetes,North,35-49
5979,41,Male,Medium,Diabetes,South,35-49
5980,25,Male,High,Chronic Kidney Disease,East,18-34
5981,38,Female,Low,No Major Chronic Condition,West,35-49
5982,80,Female,Medium,Hypertension,Central,65-90
5983,48,Male,Low,Chronic Kidney Disease,East,35-49
5984,65,Female,Low,No Major Chronic Condition,West,65-90
5985,18,Female,High,No Major Chronic Condition,North,18-34
5986,63,Female,Medium,No Major Chronic Condition,West,50-64
5987,49,Male,Medium,Diabetes,South,35-49
5988,43,Female,Low,No Major Chronic Condition,South,35-49
5989,55,Male,High,Respiratory Disease,North,50-64
5990,43,Female,Low,Cardiovascular Disease,East,35-49
5991,18,Female,Medium,Diabetes,West,18-34
5992,70,Female,Low,Respiratory Disease,South,65-90
5993,57,Female,Medium,Diabetes,West,50-64
5994,46,Female,Medium,Respiratory Disease,Central,35-49
5995,34,Male,Low,Diabetes,East,18-34
5996,24,Female,Medium,Chronic Kidney Disease,South,18-34
5997,56,Female,Medium,Diabetes,West,50-64
5998,83,Female,Medium,Respiratory Disease,South,65-90
5999,56,Female,Medium,Respiratory Disease,North,50-64
6000,26,Male,High,Hypertension,South,18-34
6001,56,Female,Low,No Major Chronic Condition,South,50-64
6002,51,Male,Low,Cardiovascular Disease,South,50-64
6003,68,Female,Low,No Major Chronic Condition,South,65-90
6004,64,Female,Low,Cardiovascular Disease,South,50-64
6005,18,Male,Medium,No Major Chronic Condition,West,18-34
6006,62,Female,Low,No Major Chronic Condition,Central,50-64
6007,33,Male,Low,Cardiovascular Disease,West,18-34
6008,25,Female,Low,No Major Chronic Condition,North,18-34
6009,48,Female,Medium,Diabetes,West,35-49
6010,60,Male,Medium,No Major Chronic Condition,West,50-64
6011,21,Female,Medium,Cardiovascular Disease,South,18-34
6012,65,Male,High,Diabetes,South,65-90
6013,67,Male,Low,Respiratory Disease,South,65-90
6014,53,Female,Medium,Diabetes,South,50-64
6015,36,Female,Low,No Major Chronic Condition,West,35-49
6016,33,Male,High,No Major Chronic Condition,South,18-34
6017,71,Female,Low,Respiratory Disease,North,65-90
6018,23,Male,High,Hypertension,West,18-34
6019,72,Female,Medium,No Major Chronic Condition,West,65-90
6020,49,Female,Medium,No Major Chronic Condition,East,35-49
6021,50,Female,Medium,Chronic Kidney Disease,East,50-64
6022,20,Male,Medium,Hypertension,West,18-34
6023,49,Male,Low,Cardiovascular Disease,North,35-49
6024,64,Male,High,Hypertension,East,50-64
6025,27,Female,Medium,No Major Chronic Condition,Central,18-34
6026,61,Female,Low,Hypertension,West,50-64
6027,54,Female,Low,Hypertension,South,50-64
6028,40,Female,Low,Hypertension,Central,35-49
6029,68,Female,Medium,Cardiovascular Disease,South,65-90
6030,18,Male,Medium,Respiratory Disease,East,18-34
6031,59,Female,Medium,No Major Chronic Condition,East,50-64
6032,83,Female,Low,No Major Chronic Condition,North,65-90
6033,79,Male,High,Diabetes,North,65-90
6034,59,Female,Low,Diabetes,East,50-64
6035,46,Male,Low,Hypertension,North,35-49
6036,40,Female,High,No Major Chronic Condition,South,35-49
6037,46,Female,Medium,No Major Chronic Condition,West,35-49
6038,62,Male,Medium,Diabetes,East,50-64
6039,37,Male,High,Hypertension,Central,35-49
6040,66,Male,Low,No Major Chronic Condition,Central,65-90
6041,90,Female,Low,Respiratory Disease,Central,65-90
6042,51,Female,Low,Cardiovascular Disease,South,50-64
6043,26,Male,Low,Hypertension,North,18-34
6044,26,Female,Medium,Diabetes,West,18-34
6045,67,Male,Medium,Diabetes,Central,65-90
6046,51,Female,Medium,Chronic Kidney Disease,West,50-64
6047,69,Female,Medium,Chronic Kidney Disease,West,65-90
6048,42,Female,Low,Hypertension,West,35-49
6049,68,Male,Low,Respiratory Disease,South,65-90
6050,49,Female,Medium,Diabetes,East,35-49
6051,38,Male,Medium,Diabetes,North,35-49
6052,44,Female,Medium,Diabetes,West,35-49
6053,29,Female,High,Diabetes,South,18-34
6054,90,Female,High,No Major Chronic Condition,South,65-90
6055,50,Male,Medium,Hypertension,South,50-64
6056,64,Male,Medium,Diabetes,East,50-64
6057,42,Female,Medium,No Major Chronic Condition,East,35-49
6058,32,Female,High,Hypertension,West,18-34
6059,48,Male,Medium,Hypertension,Central,35-49
6060,73,Female,Medium,Hypertension,South,65-90
6061,42,Male,Low,Diabetes,South,35-49
6062,35,Male,High,Diabetes,South,35-49
6063,55,Female,Medium,Chronic Kidney Disease,South,50-64
6064,61,Male,Medium,Cardiovascular Disease,West,50-64
6065,83,Male,High,Diabetes,East,65-90
6066,59,Female,Medium,No Major Chronic Condition,North,50-64
6067,64,Female,Low,Diabetes,East,50-64
6068,66,Female,Low,Cardiovascular Disease,West,65-90
6069,30,Male,Medium,Diabetes,North,18-34
6070,34,Male,Medium,Diabetes,Central,18-34
6071,31,Female,Low,Respiratory Disease,South,18-34
6072,27,Female,Medium,Diabetes,South,18-34
6073,67,Female,Medium,Diabetes,South,65-90
6074,58,Female,Low,Cardiovascular Disease,North,50-64
6075,54,Female,Low,No Major Chronic Condition,North,50-64
6076,18,Female,Low,Cardiovascular Disease,South,18-34
6077,90,Female,High,Diabetes,North,65-90
6078,35,Male,Low,Hypertension,East,35-49
6079,90,Male,Low,Cardiovascular Disease,North,65-90
6080,24,Female,Medium,Hypertension,North,18-34
6081,37,Male,Medium,Hypertension,East,35-49
6082,18,Female,Medium,Cardiovascular Disease,East,18-34
6083,59,Female,Medium,No Major Chronic Condition,West,50-64
6084,31,Male,Medium,No Major Chronic Condition,East,18-34
6085,32,Male,Medium,Hypertension,Central,18-34
6086,26,Female,High,No Major Chronic Condition,North,18-34
6087,67,Female,Medium,Hypertension,West,65-90
6088,66,Male,Medium,No Major Chronic Condition,South,65-90
6089,86,Female,Low,Respiratory Disease,Central,65-90
6090,39,Male,Medium,Chronic Kidney Disease,South,35-49
6091,56,Female,High,Hypertension,Central,50-64
6092,28,Female,Low,Chronic Kidney Disease,Central,18-34
6093,46,Male,Low,Respiratory Disease,North,35-49
6094,42,Male,Medium,Respiratory Disease,South,35-49
6095,61,Female,High,Respiratory Disease,South,50-64
6096,71,Male,Low,Diabetes,North,65-90
6097,71,Male,High,Cardiovascular Disease,South,65-90
6098,36,Female,Low,Diabetes,East,35-49
6099,71,Female,High,Diabetes,South,65-90
6100,51,Female,High,Cardiovascular Disease,South,50-64
6101,46,Male,Medium,Cardiovascular Disease,South,35-49
6102,39,Male,High,Diabetes,North,35-49
6103,41,Female,High,Diabetes,South,35-49
6104,85,Male,High,Cardiovascular Disease,East,65-90
6105,58,Female,Medium,No Major Chronic Condition,North,50-64
6106,55,Male,Medium,Cardiovascular Disease,West,50-64
6107,47,Male,Low,No Major Chronic Condition,West,35-49
6108,90,Female,Low,Cardiovascular Disease,Central,65-90
6109,77,Female,Medium,Diabetes,South,65-90
6110,38,Female,Low,Diabetes,North,35-49
6111,47,Male,High,Hypertension,North,35-49
6112,48,Female,Low,No Major Chronic Condition,South,35-49
6113,55,Male,Low,Hypertension,Central,50-64
6114,39,Female,Low,Hypertension,East,35-49
6115,60,Female,Low,Chronic Kidney Disease,Central,50-64
6116,80,Male,Low,Chronic Kidney Disease,Central,65-90
6117,27,Female,Medium,Respiratory Disease,South,18-34
6118,31,Male,Low,Hypertension,South,18-34
6119,43,Female,High,No Major Chronic Condition,South,35-49
6120,44,Female,Medium,Hypertension,West,35-49
6121,90,Female,Medium,Hypertension,East,65-90
6122,71,Female,Medium,No Major Chronic Condition,North,65-90
6123,70,Male,Low,No Major Chronic Condition,Central,65-90
6124,47,Female,Low,No Major Chronic Condition,West,35-49
6125,47,Female,High,Cardiovascular Disease,Central,35-49
6126,24,Female,Medium,No Major Chronic Condition,South,18-34
6127,67,Male,Low,Diabetes,West,65-90
6128,61,Male,Medium,No Major Chronic Condition,West,50-64
6129,76,Male,Low,No Major Chronic Condition,North,65-90
6130,48,Male,Low,Hypertension,South,35-49
6131,49,Female,Low,Hypertension,North,35-49
6132,55,Female,Medium,No Major Chronic Condition,North,50-64
6133,69,Female,Medium,Cardiovascular Disease,West,65-90
6134,24,Female,Medium,No Major Chronic Condition,Central,18-34
6135,66,Male,Low,No Major Chronic Condition,Central,65-90
6136,52,Male,Low,No Major Chronic Condition,South,50-64
6137,32,Female,Low,Hypertension,West,18-34
6138,18,Male,Medium,Chronic Kidney Disease,North,18-34
6139,49,Female,High,No Major Chronic Condition,South,35-49
6140,80,Male,Medium,Cardiovascular Disease,West,65-90
6141,84,Female,Low,Diabetes,Central,65-90
6142,59,Male,Low,Chronic Kidney Disease,Central,50-64
6143,89,Female,Low,Hypertension,East,65-90
6144,51,Male,High,Diabetes,West,50-64
6145,70,Male,Medium,Diabetes,South,65-90
6146,43,Female,High,Hypertension,West,35-49
6147,42,Female,Medium,Cardiovascular Disease,North,35-49
6148,39,Male,Medium,Diabetes,North,35-49
6149,18,Male,Medium,Respiratory Disease,Central,18-34
6150,76,Male,Medium,No Major Chronic Condition,South,65-90
6151,40,Male,Medium,Respiratory Disease,Central,35-49
6152,37,Male,Low,Cardiovascular Disease,North,35-49
6153,30,Male,Medium,Hypertension,West,18-34
6154,48,Female,High,Cardiovascular Disease,Central,35-49
6155,86,Male,Low,Respiratory Disease,North,65-90
6156,90,Female,Medium,No Major Chronic Condition,South,65-90
6157,20,Female,High,No Major Chronic Condition,West,18-34
6158,45,Male,Medium,Cardiovascular Disease,North,35-49
6159,32,Female,Medium,Diabetes,South,18-34
6160,71,Female,Low,Chronic Kidney Disease,South,65-90
6161,57,Male,Medium,No Major Chronic Condition,North,50-64
6162,40,Male,High,No Major Chronic Condition,North,35-49
6163,53,Female,High,No Major Chronic Condition,South,50-64
6164,43,Female,Low,Hypertension,North,35-49
6165,83,Female,High,No Major Chronic Condition,Central,65-90
6166,62,Female,Medium,Diabetes,North,50-64
6167,65,Female,Medium,Diabetes,North,65-90
6168,18,Female,Low,Chronic Kidney Disease,West,18-34
6169,51,Male,Low,Diabetes,West,50-64
6170,90,Male,Medium,Hypertension,East,65-90
6171,77,Male,Medium,Diabetes,South,65-90
6172,18,Male,High,Diabetes,South,18-34
6173,46,Male,Low,Hypertension,Central,35-49
6174,29,Male,High,Respiratory Disease,Central,18-34
6175,85,Female,Medium,Hypertension,South,65-90
6176,57,Male,Low,Respiratory Disease,East,50-64
6177,37,Male,Low,Respiratory Disease,West,35-49
6178,53,Female,Medium,Diabetes,West,50-64
6179,18,Female,High,No Major Chronic Condition,North,18-34
6180,31,Female,Low,Diabetes,Central,18-34
6181,53,Female,Medium,No Major Chronic Condition,West,50-64
6182,68,Male,Medium,No Major Chronic Condition,East,65-90
6183,18,Female,Medium,No Major Chronic Condition,East,18-34
6184,45,Female,Medium,Respiratory Disease,East,35-49
6185,71,Female,High,No Major Chronic Condition,West,65-90
6186,24,Male,Low,Diabetes,East,18-34
6187,56,Female,Low,No Major Chronic Condition,West,50-64
6188,53,Female,Low,Diabetes,Central,50-64
6189,85,Male,High,Respiratory Disease,West,65-90
6190,48,Male,Medium,Cardiovascular Disease,North,35-49
6191,49,Female,Low,No Major Chronic Condition,South,35-49
6192,68,Male,Medium,No Major Chronic Condition,South,65-90
6193,27,Female,Medium,Hypertension,North,18-34
6194,48,Male,Medium,Diabetes,West,35-49
6195,43,Male,Low,No Major Chronic Condition,East,35-49
6196,49,Male,Medium,No Major Chronic Condition,North,35-49
6197,68,Female,Medium,Diabetes,East,65-90
6198,63,Male,Low,Chronic Kidney Disease,North,50-64
6199,38,Female,Low,Cardiovascular Disease,Central,35-49
6200,55,Female,Low,Hypertension,West,50-64
6201,80,Male,Medium,Diabetes,North,65-90
6202,36,Male,Low,Chronic Kidney Disease,Central,35-49
6203,55,Female,Low,Diabetes,North,50-64
6204,48,Male,Medium,No Major Chronic Condition,North,35-49
6205,51,Female,High,Hypertension,South,50-64
6206,21,Male,Medium,Respiratory Disease,North,18-34
6207,79,Female,Medium,Hypertension,West,65-90
6208,37,Female,Medium,Chronic Kidney Disease,Central,35-49
6209,71,Male,Medium,Diabetes,West,65-90
6210,40,Female,High,Hypertension,South,35-49
6211,40,Male,High,Cardiovascular Disease,South,35-49
6212,75,Female,Medium,Respiratory Disease,South,65-90
6213,71,Male,Medium,Respiratory Disease,North,65-90
6214,56,Female,Low,Diabetes,Central,50-64
6215,66,Male,Medium,Diabetes,South,65-90
6216,47,Male,Medium,Hypertension,South,35-49
6217,52,Male,Medium,Diabetes,West,50-64
6218,39,Female,Medium,Hypertension,East,35-49
6219,69,Male,Low,Diabetes,Central,65-90
6220,39,Male,Medium,Cardiovascular Disease,Central,35-49
6221,80,Female,Low,Diabetes,South,65-90
6222,46,Male,Low,Cardiovascular Disease,Central,35-49
6223,52,Male,Low,No Major Chronic Condition,Central,50-64
6224,66,Male,Low,No Major Chronic Condition,Central,65-90
6225,52,Female,Low,Respiratory Disease,Central,50-64
6226,46,Female,Medium,Diabetes,East,35-49
6227,51,Male,Medium,Cardiovascular Disease,North,50-64
6228,69,Male,Medium,Hypertension,Central,65-90
6229,39,Female,Medium,Respiratory Disease,South,35-49
6230,50,Male,High,No Major Chronic Condition,Central,50-64
6231,52,Female,High,Respiratory Disease,East,50-64
6232,68,Female,Medium,No Major Chronic Condition,East,65-90
6233,50,Male,Medium,Hypertension,West,50-64
6234,86,Unknown,Medium,Hypertension,South,65-90
6235,49,Male,Medium,Diabetes,North,35-49
6236,47,Male,Low,Diabetes,West,35-49
6237,49,Female,Medium,Diabetes,South,35-49
6238,27,Female,Low,No Major Chronic Condition,West,18-34
6239,32,Female,High,Cardiovascular Disease,Central,18-34
6240,42,Male,Medium,No Major Chronic Condition,South,35-49
6241,74,Female,High,No Major Chronic Condition,West,65-90
6242,51,Male,Low,No Major Chronic Condition,North,50-64
6243,43,Female,Medium,No Major Chronic Condition,West,35-49
6244,75,Female,Medium,Hypertension,East,65-90
6245,81,Female,High,No Major Chronic Condition,South,65-90
6246,76,Male,High,Chronic Kidney Disease,Central,65-90
6247,36,Female,Low,Respiratory Disease,South,35-49
6248,43,Male,High,Respiratory Disease,West,35-49
6249,86,Male,High,No Major Chronic Condition,South,65-90
6250,57,Female,High,No Major Chronic Condition,Central,50-64
6251,47,Male,Medium,Diabetes,West,35-49
6252,66,Female,High,Diabetes,West,65-90
6253,71,Female,Low,Hypertension,North,65-90
6254,41,Female,Low,No Major Chronic Condition,West,35-49
6255,56,Male,Low,Diabetes,East,50-64
6256,70,Male,Medium,Chronic Kidney Disease,West,65-90
6257,30,Female,High,Hypertension,Central,18-34
6258,52,Male,Medium,No Major Chronic Condition,West,50-64
6259,31,Male,Medium,No Major Chronic Condition,East,18-34
6260,33,Male,Medium,Cardiovascular Disease,Central,18-34
6261,41,Male,Medium,Hypertension,West,35-49
6262,61,Male,Medium,No Major Chronic Condition,West,50-64
6263,46,Male,Medium,Hypertension,Central,35-49
6264,40,Female,Medium,Respiratory Disease,North,35-49
6265,53,Male,Medium,No Major Chronic Condition,East,50-64
6266,30,Female,High,Respiratory Disease,North,18-34
6267,60,Male,Medium,No Major Chronic Condition,West,50-64
6268,73,Male,Medium,Cardiovascular Disease,South,65-90
6269,50,Female,Medium,Respiratory Disease,West,50-64
6270,48,Female,High,No Major Chronic Condition,North,35-49
6271,59,Male,Medium,Chronic Kidney Disease,East,50-64
6272,18,Male,High,No Major Chronic Condition,North,18-34
6273,62,Male,Medium,No Major Chronic Condition,South,50-64
6274,90,Male,Low,Diabetes,East,65-90
6275,50,Female,Medium,Hypertension,West,50-64
6276,50,Female,Low,No Major Chronic Condition,East,50-64
6277,66,Male,Low,No Major Chronic Condition,West,65-90
6278,83,Female,Low,No Major Chronic Condition,North,65-90
6279,71,Male,Medium,Hypertension,West,65-90
6280,18,Female,Medium,Respiratory Disease,South,18-34
6281,63,Female,Medium,Chronic Kidney Disease,North,50-64
6282,90,Male,Medium,Cardiovascular Disease,Central,65-90
6283,64,Male,Medium,Respiratory Disease,Central,50-64
6284,30,Male,High,No Major Chronic Condition,South,18-34
6285,57,Female,High,Respiratory Disease,North,50-64
6286,28,Male,Medium,Diabetes,West,18-34
6287,75,Female,Low,Cardiovascular Disease,Central,65-90
6288,34,Male,High,Diabetes,South,18-34
6289,53,Male,High,Chronic Kidney Disease,West,50-64
6290,36,Female,Low,No Major Chronic Condition,North,35-49
6291,42,Male,Low,Chronic Kidney Disease,South,35-49
6292,80,Male,Low,No Major Chronic Condition,North,65-90
6293,54,Female,Medium,Chronic Kidney Disease,West,50-64
6294,41,Male,Medium,Cardiovascular Disease,East,35-49
6295,30,Female,Low,Cardiovascular Disease,West,18-34
6296,18,Male,Low,Cardiovascular Disease,North,18-34
6297,28,Female,Medium,Hypertension,North,18-34
6298,54,Female,Medium,Diabetes,East,50-64
6299,71,Male,Medium,Chronic Kidney Disease,East,65-90
6300,41,Female,Low,Diabetes,South,35-49
6301,82,Male,Medium,Hypertension,West,65-90
6302,38,Female,High,Cardiovascular Disease,South,35-49
6303,47,Female,Low,No Major Chronic Condition,Central,35-49
6304,31,Female,Medium,Hypertension,West,18-34
6305,71,Female,Medium,No Major Chronic Condition,South,65-90
6306,90,Female,Low,Cardiovascular Disease,Central,65-90
6307,19,Female,High,Hypertension,East,18-34
6308,45,Female,High,Diabetes,East,35-49
6309,76,Female,Medium,Diabetes,West,65-90
6310,25,Female,Low,Cardiovascular Disease,Central,18-34
6311,63,Female,Low,Cardiovascular Disease,North,50-64
6312,75,Female,Medium,Respiratory Disease,North,65-90
6313,53,Female,Low,Diabetes,West,50-64
6314,62,Female,Medium,Hypertension,South,50-64
6315,85,Female,Low,Diabetes,Central,65-90
6316,89,Female,Medium,No Major Chronic Condition,South,65-90
6317,51,Female,High,Hypertension,Central,50-64
6318,42,Male,Low,Respiratory Disease,South,35-49
6319,35,Female,Medium,Chronic Kidney Disease,Central,35-49
6320,71,Female,High,Hypertension,West,65-90
6321,26,Male,Low,Diabetes,Central,18-34
6322,47,Female,High,Respiratory Disease,North,35-49
6323,54,Female,Medium,No Major Chronic Condition,South,50-64
6324,42,Male,Medium,No Major Chronic Condition,North,35-49
6325,57,Male,Medium,Hypertension,West,50-64
6326,90,Male,Low,Hypertension,South,65-90
6327,50,Male,Low,Hypertension,East,50-64
6328,44,Male,Medium,Hypertension,North,35-49
6329,71,Male,Medium,No Major Chronic Condition,West,65-90
6330,57,Female,High,Diabetes,West,50-64
6331,79,Male,Medium,Diabetes,North,65-90
6332,55,Male,Low,Diabetes,West,50-64
6333,47,Female,Low,No Major Chronic Condition,North,35-49
6334,18,Female,High,Cardiovascular Disease,Central,18-34
6335,21,Male,Low,Hypertension,Central,18-34
6336,18,Male,High,Hypertension,South,18-34
6337,59,Male,Low,Diabetes,South,50-64
6338,26,Female,Low,Diabetes,East,18-34
6339,76,Male,Low,No Major Chronic Condition,West,65-90
6340,53,Female,Medium,Chronic Kidney Disease,Central,50-64
6341,47,Male,Low,Respiratory Disease,South,35-49
6342,36,Female,High,Cardiovascular Disease,East,35-49
6343,64,Female,Medium,Cardiovascular Disease,North,50-64
6344,37,Female,Low,No Major Chronic Condition,South,35-49
6345,33,Female,Medium,Diabetes,Central,18-34
6346,75,Female,Medium,Chronic Kidney Disease,Central,65-90
6347,59,Male,Medium,Respiratory Disease,South,50-64
6348,48,Female,Medium,Hypertension,South,35-49
6349,64,Male,High,Hypertension,East,50-64
6350,52,Male,Medium,No Major Chronic Condition,South,50-64
6351,59,Female,Medium,No Major Chronic Condition,West,50-64
6352,36,Male,Medium,Diabetes,East,35-49
6353,90,Male,Medium,Diabetes,West,65-90
6354,41,Male,Medium,Chronic Kidney Disease,South,35-49
6355,82,Male,Low,No Major Chronic Condition,East,65-90
6356,48,Male,Low,Cardiovascular Disease,West,35-49
6357,67,Male,High,No Major Chronic Condition,West,65-90
6358,66,Female,High,No Major Chronic Condition,West,65-90
6359,74,Female,Low,Diabetes,Central,65-90
6360,36,Male,High,Diabetes,South,35-49
6361,72,Female,Medium,Diabetes,North,65-90
6362,87,Male,Low,No Major Chronic Condition,North,65-90
6363,47,Female,High,Respiratory Disease,West,35-49
6364,53,Female,High,No Major Chronic Condition,South,50-64
6365,42,Male,Medium,Chronic Kidney Disease,East,35-49
6366,45,Female,Medium,Chronic Kidney Disease,North,35-49
6367,85,Female,Low,Diabetes,Central,65-90
6368,33,Male,Medium,Diabetes,East,18-34
6369,34,Male,Medium,No Major Chronic Condition,North,18-34
6370,83,Male,Medium,Cardiovascular Disease,South,65-90
6371,64,Female,Low,No Major Chronic Condition,South,50-64
6372,90,Male,Medium,Hypertension,Central,65-90
6373,43,Male,High,Respiratory Disease,Central,35-49
6374,54,Male,High,Respiratory Disease,West,50-64
6375,39,Female,Low,Diabetes,South,35-49
6376,55,Female,Medium,Cardiovascular Disease,Central,50-64
6377,18,Male,Low,No Major Chronic Condition,South,18-34
6378,65,Male,Medium,Cardiovascular Disease,West,65-90
6379,58,Female,Low,Cardiovascular Disease,East,50-64
6380,51,Male,High,Chronic Kidney Disease,South,50-64
6381,45,Male,Medium,No Major Chronic Condition,North,35-49
6382,35,Female,Medium,No Major Chronic Condition,South,35-49
6383,66,Female,Medium,Cardiovascular Disease,West,65-90
6384,30,Female,Low,Cardiovascular Disease,West,18-34
6385,62,Male,Low,Cardiovascular Disease,Central,50-64
6386,90,Male,Low,No Major Chronic Condition,West,65-90
6387,80,Male,Medium,No Major Chronic Condition,North,65-90
6388,23,Male,High,Respiratory Disease,North,18-34
6389,42,Male,Low,Hypertension,West,35-49
6390,60,Female,Medium,No Major Chronic Condition,South,50-64
6391,51,Male,Low,Diabetes,South,50-64
6392,25,Male,Medium,Diabetes,South,18-34
6393,59,Female,Medium,Cardiovascular Disease,West,50-64
6394,52,Male,High,Chronic Kidney Disease,West,50-64
6395,88,Female,High,Diabetes,North,65-90
6396,47,Male,Medium,Hypertension,Central,35-49
6397,74,Male,Medium,No Major Chronic Condition,Central,65-90
6398,28,Male,Low,Respiratory Disease,West,18-34
6399,32,Male,Low,Diabetes,North,18-34
6400,66,Female,High,Hypertension,West,65-90
6401,73,Female,Medium,Chronic Kidney Disease,East,65-90
6402,34,Male,Low,Diabetes,North,18-34
6403,52,Female,Low,Diabetes,West,50-64
6404,26,Female,Low,No Major Chronic Condition,Central,18-34
6405,49,Male,Medium,Respiratory Disease,South,35-49
6406,68,Female,Medium,Cardiovascular Disease,North,65-90
6407,44,Female,High,Respiratory Disease,South,35-49
6408,47,Female,Medium,Chronic Kidney Disease,East,35-49
6409,31,Female,High,Cardiovascular Disease,West,18-34
6410,40,Male,Low,Respiratory Disease,North,35-49
6411,85,Female,Low,Chronic Kidney Disease,South,65-90
6412,53,Female,Low,Diabetes,Central,50-64
6413,33,Male,Low,Cardiovascular Disease,Central,18-34
6414,46,Female,High,Hypertension,Central,35-49
6415,22,Male,High,No Major Chronic Condition,North,18-34
6416,33,Female,Low,No Major Chronic Condition,Central,18-34
6417,78,Female,Medium,No Major Chronic Condition,South,65-90
6418,49,Male,Medium,Cardiovascular Disease,East,35-49
6419,88,Male,Medium,Respiratory Disease,East,65-90
6420,50,Male,Low,Chronic Kidney Disease,Central,50-64
6421,51,Female,Low,Hypertension,South,50-64
6422,64,Female,Low,No Major Chronic Condition,Central,50-64
6423,18,Female,High,Hypertension,Central,18-34
6424,56,Male,Medium,Cardiovascular Disease,Central,50-64
6425,51,Female,Medium,No Major Chronic Condition,South,50-64
6426,80,Male,High,No Major Chronic Condition,South,65-90
6427,70,Male,Low,Cardiovascular Disease,South,65-90
6428,30,Female,Low,Cardiovascular Disease,East,18-34
6429,76,Female,Low,Respiratory Disease,South,65-90
6430,47,Female,Medium,Cardiovascular Disease,East,35-49
6431,35,Male,Medium,Respiratory Disease,Central,35-49
6432,56,Male,Low,No Major Chronic Condition,Central,50-64
6433,48,Male,Low,Diabetes,South,35-49
6434,81,Female,Medium,Chronic Kidney Disease,South,65-90
6435,58,Female,Medium,Diabetes,East,50-64
6436,56,Female,Low,Chronic Kidney Disease,Central,50-64
6437,69,Female,Medium,Hypertension,North,65-90
6438,73,Male,Low,Cardiovascular Disease,South,65-90
6439,67,Male,Low,Hypertension,North,65-90
6440,79,Male,Low,Hypertension,West,65-90
6441,64,Male,Medium,Respiratory Disease,South,50-64
6442,55,Female,Medium,Cardiovascular Disease,Central,50-64
6443,76,Male,Medium,Cardiovascular Disease,Central,65-90
6444,50,Male,Low,No Major Chronic Condition,Central,50-64
6445,53,Female,Medium,Diabetes,East,50-64
6446,85,Female,Medium,Hypertension,Central,65-90
6447,83,Male,Medium,Cardiovascular Disease,South,65-90
6448,52,Male,Medium,No Major Chronic Condition,South,50-64
6449,43,Female,Medium,Hypertension,East,35-49
6450,80,Male,Low,Hypertension,West,65-90
6451,67,Male,Low,No Major Chronic Condition,North,65-90
6452,58,Male,Low,Cardiovascular Disease,East,50-64
6453,46,Female,Medium,No Major Chronic Condition,Central,35-49
6454,58,Female,Medium,Diabetes,North,50-64
6455,52,Male,Medium,Hypertension,North,50-64
6456,39,Female,Low,Respiratory Disease,Central,35-49
6457,54,Female,Low,Diabetes,West,50-64
6458,57,Male,Low,Cardiovascular Disease,North,50-64
6459,45,Female,Low,Diabetes,East,35-49
6460,69,Female,Medium,Cardiovascular Disease,South,65-90
6461,76,Male,Low,No Major Chronic Condition,North,65-90
6462,70,Female,Low,No Major Chronic Condition,North,65-90
6463,47,Male,Medium,Hypertension,South,35-49
6464,66,Female,Low,Diabetes,West,65-90
6465,53,Female,High,No Major Chronic Condition,South,50-64
6466,29,Female,High,Respiratory Disease,South,18-34
6467,65,Female,Medium,Respiratory Disease,South,65-90
6468,55,Female,Low,No Major Chronic Condition,North,50-64
6469,90,Male,Medium,Hypertension,East,65-90
6470,80,Male,Medium,Cardiovascular Disease,West,65-90
6471,66,Female,Medium,No Major Chronic Condition,Central,65-90
6472,57,Female,Low,Cardiovascular Disease,South,50-64
6473,55,Male,Low,Chronic Kidney Disease,North,50-64
6474,33,Female,Low,No Major Chronic Condition,West,18-34
6475,19,Female,Medium,Hypertension,South,18-34
6476,35,Female,Medium,No Major Chronic Condition,East,35-49
6477,51,Female,High,Hypertension,West,50-64
6478,18,Male,Low,No Major Chronic Condition,South,18-34
6479,42,Female,Medium,Hypertension,South,35-49
6480,47,Male,Low,Hypertension,South,35-49
6481,48,Female,Low,Chronic Kidney Disease,East,35-49
6482,39,Female,Medium,No Major Chronic Condition,North,35-49
6483,46,Male,Low,No Major Chronic Condition,North,35-49
6484,85,Female,High,No Major Chronic Condition,East,65-90
6485,65,Male,High,No Major Chronic Condition,North,65-90
6486,41,Male,Low,Respiratory Disease,South,35-49
6487,51,Male,Low,No Major Chronic Condition,South,50-64
6488,51,Female,Low,Diabetes,South,50-64
6489,37,Female,High,Diabetes,North,35-49
6490,37,Female,Low,Hypertension,Central,35-49
6491,71,Male,Medium,No Major Chronic Condition,North,65-90
6492,44,Male,Low,Diabetes,Central,35-49
6493,31,Unknown,Medium,Hypertension,Central,18-34
6494,51,Female,Low,Diabetes,North,50-64
6495,54,Female,High,Diabetes,North,50-64
6496,18,Female,Medium,Respiratory Disease,North,18-34
6497,51,Female,Low,Diabetes,Central,50-64
6498,68,Male,Low,No Major Chronic Condition,Central,65-90
6499,61,Male,Medium,No Major Chronic Condition,East,50-64
6500,90,Female,Medium,Respiratory Disease,Central,65-90
6501,76,Female,High,Hypertension,West,65-90
6502,80,Female,Medium,No Major Chronic Condition,East,65-90
6503,90,Female,High,Cardiovascular Disease,Central,65-90
6504,66,Male,Low,Diabetes,East,65-90
6505,55,Female,High,Hypertension,South,50-64
6506,71,Male,High,Hypertension,West,65-90
6507,41,Male,Medium,Respiratory Disease,West,35-49
6508,54,Female,High,Cardiovascular Disease,South,50-64
6509,40,Male,Medium,No Major Chronic Condition,East,35-49
6510,60,Male,Medium,Respiratory Disease,South,50-64
6511,40,Male,Low,Hypertension,North,35-49
6512,39,Female,Low,Cardiovascular Disease,South,35-49
6513,60,Male,Medium,Chronic Kidney Disease,East,50-64
6514,49,Female,High,Hypertension,North,35-49
6515,18,Female,High,Diabetes,North,18-34
6516,24,Male,Medium,Chronic Kidney Disease,North,18-34
6517,30,Female,High,Cardiovascular Disease,Central,18-34
6518,35,Female,Medium,Diabetes,West,35-49
6519,60,Female,Medium,Cardiovascular Disease,North,50-64
6520,56,Female,Low,Respiratory Disease,West,50-64
6521,72,Female,Medium,Diabetes,East,65-90
6522,66,Female,Medium,No Major Chronic Condition,East,65-90
6523,72,Male,Medium,Cardiovascular Disease,West,65-90
6524,64,Male,Medium,Diabetes,East,50-64
6525,56,Female,High,No Major Chronic Condition,South,50-64
6526,73,Male,High,Respiratory Disease,West,65-90
6527,69,Male,Medium,No Major Chronic Condition,North,65-90
6528,59,Male,Medium,Hypertension,Central,50-64
6529,76,Male,Medium,Cardiovascular Disease,Central,65-90
6530,18,Male,Medium,Chronic Kidney Disease,South,18-34
6531,46,Female,Medium,No Major Chronic Condition,West,35-49
6532,46,Male,High,No Major Chronic Condition,Central,35-49
6533,74,Male,High,Respiratory Disease,Central,65-90
6534,82,Male,Medium,No Major Chronic Condition,North,65-90
6535,24,Female,Low,Diabetes,North,18-34
6536,79,Male,Medium,Chronic Kidney Disease,East,65-90
6537,30,Male,High,Respiratory Disease,East,18-34
6538,30,Female,High,Hypertension,South,18-34
6539,48,Male,High,Hypertension,North,35-49
6540,46,Male,Medium,Hypertension,South,35-49
6541,22,Male,Medium,Diabetes,South,18-34
6542,64,Female,Low,Hypertension,South,50-64
6543,65,Male,Medium,Diabetes,South,65-90
6544,72,Male,Low,Chronic Kidney Disease,South,65-90
6545,44,Female,High,Cardiovascular Disease,East,35-49
6546,51,Male,Low,Diabetes,South,50-64
6547,51,Female,High,Chronic Kidney Disease,South,50-64
6548,84,Male,Medium,Diabetes,South,65-90
6549,18,Male,Low,Cardiovascular Disease,South,18-34
6550,34,Male,Medium,No Major Chronic Condition,North,18-34
6551,52,Male,Medium,No Major Chronic Condition,West,50-64
6552,31,Female,Medium,Respiratory Disease,West,18-34
6553,47,Male,Medium,Respiratory Disease,South,35-49
6554,50,Female,Medium,Diabetes,Central,50-64
6555,40,Female,Low,Cardiovascular Disease,West,35-49
6556,53,Female,High,Hypertension,Central,50-64
6557,64,Male,High,Cardiovascular Disease,East,50-64
6558,48,Male,Medium,No Major Chronic Condition,East,35-49
6559,43,Female,Low,No Major Chronic Condition,West,35-49
6560,49,Female,Medium,Respiratory Disease,East,35-49
6561,52,Female,Low,Chronic Kidney Disease,West,50-64
6562,19,Female,High,Chronic Kidney Disease,South,18-34
6563,61,Female,Low,Cardiovascular Disease,North,50-64
6564,43,Male,Low,No Major Chronic Condition,West,35-49
6565,76,Male,Low,Respiratory Disease,South,65-90
6566,63,Male,Medium,Chronic Kidney Disease,East,50-64
6567,74,Female,Medium,Diabetes,South,65-90
6568,33,Female,Medium,Cardiovascular Disease,East,18-34
6569,45,Female,Medium,Hypertension,West,35-49
6570,28,Male,High,Diabetes,East,18-34
6571,39,Male,Medium,Respiratory Disease,North,35-49
6572,76,Male,Low,No Major Chronic Condition,South,65-90
6573,80,Female,Medium,Chronic Kidney Disease,North,65-90
6574,30,Male,Medium,Diabetes,East,18-34
6575,43,Male,Medium,Diabetes,South,35-49
6576,51,Female,Medium,Hypertension,South,50-64
6577,63,Male,Medium,Hypertension,North,50-64
6578,19,Male,Low,Diabetes,West,18-34
6579,22,Female,Medium,Diabetes,North,18-34
6580,61,Male,Medium,Hypertension,South,50-64
6581,18,Male,Medium,Diabetes,East,18-34
6582,44,Male,Low,Diabetes,East,35-49
6583,55,Female,Low,No Major Chronic Condition,North,50-64
6584,60,Female,Low,No Major Chronic Condition,West,50-64
6585,49,Male,Medium,No Major Chronic Condition,South,35-49
6586,45,Female,Low,Hypertension,East,35-49
6587,68,Female,Medium,Diabetes,South,65-90
6588,57,Female,Low,Respiratory Disease,East,50-64
6589,40,Female,Medium,No Major Chronic Condition,East,35-49
6590,53,Male,Medium,Respiratory Disease,Central,50-64
6591,59,Male,Medium,No Major Chronic Condition,South,50-64
6592,85,Female,Medium,Cardiovascular Disease,North,65-90
6593,67,Male,Medium,No Major Chronic Condition,South,65-90
6594,75,Female,Medium,No Major Chronic Condition,East,65-90
6595,40,Female,Medium,Diabetes,North,35-49
6596,42,Female,Medium,Hypertension,Central,35-49
6597,48,Female,Low,Respiratory Disease,North,35-49
6598,49,Female,Medium,Hypertension,Central,35-49
6599,33,Male,High,Cardiovascular Disease,South,18-34
6600,76,Female,Low,Respiratory Disease,East,65-90
6601,69,Male,Low,Respiratory Disease,West,65-90
6602,46,Female,Medium,No Major Chronic Condition,North,35-49
6603,64,Male,Medium,Hypertension,South,50-64
6604,56,Male,High,No Major Chronic Condition,South,50-64
6605,66,Female,Low,Hypertension,North,65-90
6606,26,Male,High,No Major Chronic Condition,West,18-34
6607,49,Male,Medium,Hypertension,North,35-49
6608,51,Female,Medium,Cardiovascular Disease,East,50-64
6609,64,Male,Medium,No Major Chronic Condition,South,50-64
6610,40,Male,Low,Hypertension,Central,35-49
6611,18,Female,Low,No Major Chronic Condition,Central,18-34
6612,31,Male,Medium,Cardiovascular Disease,North,18-34
6613,51,Female,Low,Cardiovascular Disease,West,50-64
6614,53,Male,Low,Chronic Kidney Disease,North,50-64
6615,84,Male,Low,Diabetes,East,65-90
6616,63,Male,High,Respiratory Disease,West,50-64
6617,54,Male,Low,Diabetes,South,50-64
6618,51,Male,Medium,Chronic Kidney Disease,West,50-64
6619,73,Female,Medium,Respiratory Disease,South,65-90
6620,41,Female,High,Diabetes,Central,35-49
6621,49,Male,Medium,Diabetes,South,35-49
6622,31,Female,Medium,Respiratory Disease,North,18-34
6623,79,Male,Low,Diabetes,North,65-90
6624,59,Female,Low,Respiratory Disease,East,50-64
6625,39,Female,Low,No Major Chronic Condition,West,35-49
6626,50,Female,Medium,Diabetes,West,50-64
6627,62,Male,Medium,Cardiovascular Disease,East,50-64
6628,47,Female,Medium,No Major Chronic Condition,South,35-49
6629,42,Female,Medium,No Major Chronic Condition,East,35-49
6630,40,Male,Medium,Diabetes,North,35-49
6631,58,Male,Low,No Major Chronic Condition,South,50-64
6632,45,Male,High,Hypertension,South,35-49
6633,43,Female,High,No Major Chronic Condition,West,35-49
6634,27,Female,Low,Hypertension,South,18-34
6635,53,Male,Medium,Hypertension,North,50-64
6636,49,Female,High,Cardiovascular Disease,Central,35-49
6637,46,Female,High,Diabetes,South,35-49
6638,56,Male,Medium,Cardiovascular Disease,North,50-64
6639,66,Female,Low,Hypertension,South,65-90
6640,65,Male,High,No Major Chronic Condition,Central,65-90
6641,63,Female,Medium,Respiratory Disease,West,50-64
6642,47,Female,Medium,Chronic Kidney Disease,East,35-49
6643,41,Female,Low,Diabetes,West,35-49
6644,32,Male,High,No Major Chronic Condition,East,18-34
6645,41,Male,Medium,Cardiovascular Disease,West,35-49
6646,52,Male,Medium,Diabetes,West,50-64
6647,37,Female,Medium,Respiratory Disease,South,35-49
6648,54,Male,Medium,Hypertension,South,50-64
6649,34,Male,Medium,Hypertension,South,18-34
6650,20,Male,Medium,Hypertension,West,18-34
6651,68,Male,Medium,Cardiovascular Disease,North,65-90
6652,43,Male,High,Hypertension,East,35-49
6653,36,Male,Medium,No Major Chronic Condition,Central,35-49
6654,31,Female,Low,Diabetes,East,18-34
6655,60,Male,Low,Diabetes,North,50-64
6656,78,Female,Medium,Diabetes,North,65-90
6657,44,Male,Low,Cardiovascular Disease,Central,35-49
6658,48,Female,Medium,Diabetes,West,35-49
6659,72,Female,Medium,Diabetes,West,65-90
6660,18,Female,Medium,Hypertension,South,18-34
6661,89,Male,Low,No Major Chronic Condition,East,65-90
6662,90,Female,Medium,Diabetes,East,65-90
6663,18,Male,Low,Diabetes,West,18-34
6664,50,Male,Medium,Respiratory Disease,East,50-64
6665,38,Female,Low,Cardiovascular Disease,South,35-49
6666,47,Male,High,Diabetes,East,35-49
6667,44,Male,Medium,No Major Chronic Condition,West,35-49
6668,67,Male,Medium,Chronic Kidney Disease,North,65-90
6669,50,Female,High,Cardiovascular Disease,East,50-64
6670,35,Male,High,Respiratory Disease,South,35-49
6671,49,Female,High,No Major Chronic Condition,Central,35-49
6672,62,Male,Low,Diabetes,South,50-64
6673,30,Male,Low,No Major Chronic Condition,East,18-34
6674,21,Female,Medium,Diabetes,East,18-34
6675,90,Female,Medium,Cardiovascular Disease,West,65-90
6676,40,Male,Medium,Hypertension,Central,35-49
6677,49,Female,Medium,Chronic Kidney Disease,North,35-49
6678,44,Female,Low,No Major Chronic Condition,North,35-49
6679,62,Female,Low,Respiratory Disease,West,50-64
6680,86,Male,Medium,Hypertension,West,65-90
6681,63,Female,Medium,No Major Chronic Condition,East,50-64
6682,23,Female,High,No Major Chronic Condition,South,18-34
6683,26,Male,Medium,Diabetes,West,18-34
6684,44,Male,Low,Hypertension,West,35-49
6685,47,Male,Low,Cardiovascular Disease,South,35-49
6686,19,Male,Medium,Chronic Kidney Disease,South,18-34
6687,68,Female,Medium,Diabetes,Central,65-90
6688,31,Female,Medium,Diabetes,South,18-34
6689,80,Female,Medium,Respiratory Disease,South,65-90
6690,87,Female,High,No Major Chronic Condition,Central,65-90
6691,47,Female,Medium,Hypertension,West,35-49
6692,60,Male,Low,Respiratory Disease,East,50-64
6693,29,Female,Medium,No Major Chronic Condition,West,18-34
6694,64,Female,Low,Diabetes,South,50-64
6695,43,Male,Low,Hypertension,East,35-49
6696,31,Female,Medium,Hypertension,South,18-34
6697,47,Male,Medium,Chronic Kidney Disease,Central,35-49
6698,43,Female,Low,Chronic Kidney Disease,North,35-49
6699,46,Male,Medium,No Major Chronic Condition,South,35-49
6700,70,Female,Medium,Respiratory Disease,South,65-90
6701,37,Female,Low,Hypertension,South,35-49
6702,85,Male,Medium,Cardiovascular Disease,North,65-90
6703,27,Female,Low,Hypertension,East,18-34
6704,83,Female,Medium,Chronic Kidney Disease,West,65-90
6705,33,Female,Medium,No Major Chronic Condition,North,18-34
6706,52,Female,Medium,Cardiovascular Disease,Central,50-64
6707,43,Female,Medium,Respiratory Disease,Central,35-49
6708,45,Male,Medium,Diabetes,North,35-49
6709,67,Male,Low,Respiratory Disease,North,65-90
6710,80,Male,Medium,Chronic Kidney Disease,East,65-90
6711,75,Male,Low,No Major Chronic Condition,South,65-90
6712,44,Female,Low,No Major Chronic Condition,East,35-49
6713,56,Male,Medium,No Major Chronic Condition,East,50-64
6714,37,Female,Low,Cardiovascular Disease,West,35-49
6715,33,Female,Medium,No Major Chronic Condition,West,18-34
6716,30,Male,Medium,Chronic Kidney Disease,Central,18-34
6717,44,Male,Medium,Cardiovascular Disease,East,35-49
6718,57,Female,High,Diabetes,North,50-64
6719,18,Male,Medium,No Major Chronic Condition,North,18-34
6720,51,Male,High,No Major Chronic Condition,East,50-64
6721,81,Female,Medium,Cardiovascular Disease,West,65-90
6722,73,Male,Medium,Hypertension,West,65-90
6723,41,Male,Medium,Diabetes,East,35-49
6724,25,Male,High,Diabetes,East,18-34
6725,61,Male,Medium,No Major Chronic Condition,Central,50-64
6726,18,Female,High,Cardiovascular Disease,South,18-34
6727,73,Male,Medium,Respiratory Disease,South,65-90
6728,48,Female,High,Hypertension,Central,35-49
6729,87,Male,Medium,Respiratory Disease,Central,65-90
6730,19,Male,Low,No Major Chronic Condition,North,18-34
6731,69,Male,Low,No Major Chronic Condition,South,65-90
6732,50,Female,Medium,Cardiovascular Disease,West,50-64
6733,46,Female,Low,Hypertension,North,35-49
6734,26,Male,Low,Diabetes,North,18-34
6735,63,Female,Medium,No Major Chronic Condition,North,50-64
6736,65,Female,Medium,No Major Chronic Condition,East,65-90
6737,86,Female,Low,Hypertension,South,65-90
6738,71,Male,Medium,Hypertension,South,65-90
6739,41,Female,Medium,Chronic Kidney Disease,North,35-49
6740,33,Male,Medium,No Major Chronic Condition,West,18-34
6741,26,Female,Medium,Chronic Kidney Disease,West,18-34
6742,80,Male,Low,Diabetes,West,65-90
6743,37,Female,High,No Major Chronic Condition,North,35-49
6744,80,Female,High,Respiratory Disease,Central,65-90
6745,62,Female,Medium,Respiratory Disease,Central,50-64
6746,58,Female,Low,Diabetes,South,50-64
6747,46,Male,Medium,Diabetes,Central,35-49
6748,65,Male,High,Diabetes,South,65-90
6749,52,Male,High,Hypertension,North,50-64
6750,45,Male,High,No Major Chronic Condition,East,35-49
6751,65,Male,High,Chronic Kidney Disease,East,65-90
6752,49,Male,Medium,No Major Chronic Condition,Central,35-49
6753,37,Male,Low,Chronic Kidney Disease,South,35-49
6754,63,Female,Low,Diabetes,West,50-64
6755,51,Female,Low,Chronic Kidney Disease,West,50-64
6756,61,Male,Low,Respiratory Disease,North,50-64
6757,43,Male,Low,No Major Chronic Condition,West,35-49
6758,29,Male,Medium,Respiratory Disease,East,18-34
6759,85,Female,Medium,Hypertension,South,65-90
6760,81,Male,Low,Chronic Kidney Disease,South,65-90
6761,69,Female,High,No Major Chronic Condition,Central,65-90
6762,45,Female,High,Cardiovascular Disease,West,35-49
6763,46,Male,Low,Diabetes,East,35-49
6764,78,Male,Low,Cardiovascular Disease,North,65-90
6765,45,Female,Medium,No Major Chronic Condition,West,35-49
6766,40,Female,High,Hypertension,West,35-49
6767,88,Male,Medium,Chronic Kidney Disease,Central,65-90
6768,51,Female,Low,Hypertension,West,50-64
6769,86,Female,Medium,Hypertension,North,65-90
6770,25,Male,High,Hypertension,Central,18-34
6771,62,Male,Low,Diabetes,West,50-64
6772,90,Female,Medium,Hypertension,North,65-90
6773,53,Male,Medium,Chronic Kidney Disease,West,50-64
6774,47,Male,Low,Cardiovascular Disease,South,35-49
6775,30,Female,High,Hypertension,East,18-34
6776,73,Female,Low,Chronic Kidney Disease,South,65-90
6777,37,Female,High,Cardiovascular Disease,West,35-49
6778,50,Female,Medium,Cardiovascular Disease,North,50-64
6779,29,Male,Low,No Major Chronic Condition,West,18-34
6780,82,Female,Medium,Hypertension,North,65-90
6781,74,Male,Low,Respiratory Disease,North,65-90
6782,51,Female,Low,Diabetes,North,50-64
6783,30,Male,Low,Hypertension,South,18-34
6784,81,Male,High,Hypertension,West,65-90
6785,45,Male,High,No Major Chronic Condition,East,35-49
6786,31,Male,Low,Diabetes,East,18-34
6787,19,Female,Medium,Chronic Kidney Disease,Central,18-34
6788,40,Female,High,No Major Chronic Condition,East,35-49
6789,24,Male,Medium,Hypertension,East,18-34
6790,40,Male,Low,Hypertension,South,35-49
6791,66,Male,Medium,Diabetes,Central,65-90
6792,45,Female,Medium,Hypertension,South,35-49
6793,59,Female,Low,No Major Chronic Condition,North,50-64
6794,38,Female,Medium,Diabetes,East,35-49
6795,53,Male,Medium,Cardiovascular Disease,West,50-64
6796,88,Female,Medium,Hypertension,North,65-90
6797,45,Female,Medium,Chronic Kidney Disease,Central,35-49
6798,59,Male,Medium,Hypertension,South,50-64
6799,22,Female,Medium,Hypertension,West,18-34
6800,81,Male,Medium,Diabetes,North,65-90
6801,43,Female,Low,No Major Chronic Condition,Central,35-49
6802,72,Male,Medium,Cardiovascular Disease,South,65-90
6803,50,Female,Medium,Diabetes,North,50-64
6804,64,Male,Medium,No Major Chronic Condition,North,50-64
6805,65,Male,Medium,No Major Chronic Condition,South,65-90
6806,43,Female,Medium,Cardiovascular Disease,South,35-49
6807,73,Female,Medium,No Major Chronic Condition,North,65-90
6808,38,Male,Medium,Hypertension,East,35-49
6809,67,Male,Medium,No Major Chronic Condition,East,65-90
6810,45,Female,Medium,No Major Chronic Condition,East,35-49
6811,59,Male,Medium,Cardiovascular Disease,North,50-64
6812,43,Female,High,Respiratory Disease,South,35-49
6813,53,Female,Medium,Diabetes,Central,50-64
6814,32,Female,Low,Diabetes,South,18-34
6815,57,Unknown,High,Cardiovascular Disease,West,50-64
6816,53,Female,Low,No Major Chronic Condition,North,50-64
6817,42,Female,Medium,Hypertension,North,35-49
6818,51,Female,High,Cardiovascular Disease,Central,50-64
6819,55,Female,Low,Diabetes,West,50-64
6820,40,Male,Low,Hypertension,West,35-49
6821,50,Male,Low,Hypertension,South,50-64
6822,33,Unknown,High,No Major Chronic Condition,West,18-34
6823,90,Female,Medium,Diabetes,Central,65-90
6824,72,Male,Medium,Diabetes,North,65-90
6825,57,Male,Low,Diabetes,North,50-64
6826,74,Male,Low,Cardiovascular Disease,Central,65-90
6827,18,Female,Low,Cardiovascular Disease,North,18-34
6828,18,Female,High,Diabetes,South,18-34
6829,44,Female,Low,Hypertension,North,35-49
6830,26,Male,High,Hypertension,South,18-34
6831,48,Female,Medium,Diabetes,South,35-49
6832,56,Female,High,No Major Chronic Condition,North,50-64
6833,69,Female,Medium,No Major Chronic Condition,North,65-90
6834,30,Male,Medium,Hypertension,South,18-34
6835,60,Female,Low,Respiratory Disease,East,50-64
6836,52,Male,Medium,Hypertension,West,50-64
6837,59,Female,Medium,Diabetes,West,50-64
6838,42,Female,Low,Respiratory Disease,North,35-49
6839,78,Female,High,Chronic Kidney Disease,South,65-90
6840,50,Male,Low,Hypertension,West,50-64
6841,86,Female,Low,Hypertension,East,65-90
6842,37,Female,Medium,Hypertension,Central,35-49
6843,66,Male,Medium,Hypertension,Central,65-90
6844,51,Female,Low,Cardiovascular Disease,South,50-64
6845,46,Female,High,No Major Chronic Condition,North,35-49
6846,64,Female,Low,Diabetes,North,50-64
6847,46,Male,Medium,Chronic Kidney Disease,North,35-49
6848,18,Female,Low,No Major Chronic Condition,West,18-34
6849,18,Male,Low,Diabetes,North,18-34
6850,76,Male,Medium,Cardiovascular Disease,Central,65-90
6851,75,Male,High,Hypertension,West,65-90
6852,88,Female,Medium,Respiratory Disease,Central,65-90
6853,52,Male,Low,No Major Chronic Condition,East,50-64
6854,27,Male,Low,No Major Chronic Condition,South,18-34
6855,44,Male,High,Cardiovascular Disease,North,35-49
6856,52,Female,Low,No Major Chronic Condition,West,50-64
6857,33,Male,Medium,Cardiovascular Disease,North,18-34
6858,83,Male,Low,No Major Chronic Condition,Central,65-90
6859,90,Male,Low,No Major Chronic Condition,North,65-90
6860,61,Female,Low,Chronic Kidney Disease,East,50-64
6861,52,Male,Low,Diabetes,South,50-64
6862,27,Male,Medium,Hypertension,East,18-34
6863,81,Male,Medium,No Major Chronic Condition,West,65-90
6864,53,Male,High,Diabetes,North,50-64
6865,47,Male,Low,Cardiovascular Disease,Central,35-49
6866,61,Female,Medium,Respiratory Disease,East,50-64
6867,41,Female,Medium,No Major Chronic Condition,South,35-49
6868,55,Female,Low,No Major Chronic Condition,Central,50-64
6869,25,Male,Low,Diabetes,West,18-34
6870,73,Female,Low,Chronic Kidney Disease,North,65-90
6871,50,Male,Low,No Major Chronic Condition,North,50-64
6872,74,Male,Medium,Diabetes,Central,65-90
6873,48,Male,Low,Cardiovascular Disease,East,35-49
6874,49,Male,Medium,Respiratory Disease,East,35-49
6875,29,Male,Medium,Hypertension,North,18-34
6876,66,Female,Medium,Hypertension,East,65-90
6877,35,Female,Low,Diabetes,South,35-49
6878,43,Male,Medium,No Major Chronic Condition,North,35-49
6879,52,Male,Medium,Hypertension,South,50-64
6880,54,Female,High,Cardiovascular Disease,North,50-64
6881,20,Female,Low,Cardiovascular Disease,East,18-34
6882,48,Male,Low,Diabetes,East,35-49
6883,67,Female,High,Cardiovascular Disease,West,65-90
6884,45,Male,Low,Diabetes,North,35-49
6885,48,Female,Low,Hypertension,North,35-49
6886,55,Male,High,Hypertension,West,50-64
6887,50,Female,Medium,Cardiovascular Disease,East,50-64
6888,32,Male,Medium,Cardiovascular Disease,North,18-34
6889,51,Male,Low,Diabetes,West,50-64
6890,71,Female,Low,Hypertension,South,65-90
6891,32,Female,Low,Diabetes,South,18-34
6892,45,Male,Medium,Hypertension,West,35-49
6893,26,Female,Medium,Diabetes,South,18-34
6894,70,Male,Medium,Diabetes,East,65-90
6895,50,Female,High,Cardiovascular Disease,Central,50-64
6896,36,Male,High,No Major Chronic Condition,North,35-49
6897,54,Female,Low,Diabetes,East,50-64
6898,29,Male,Medium,Chronic Kidney Disease,North,18-34
6899,32,Male,Medium,Diabetes,Central,18-34
6900,24,Female,Medium,Hypertension,South,18-34
6901,32,Female,High,Cardiovascular Disease,Central,18-34
6902,78,Male,Medium,Diabetes,South,65-90
6903,38,Male,Medium,Respiratory Disease,West,35-49
6904,61,Male,Low,Diabetes,West,50-64
6905,36,Male,Medium,No Major Chronic Condition,South,35-49
6906,66,Male,Medium,Respiratory Disease,West,65-90
6907,33,Male,Medium,No Major Chronic Condition,South,18-34
6908,53,Male,Medium,Diabetes,North,50-64
6909,53,Male,Medium,Hypertension,South,50-64
6910,90,Female,Medium,Chronic Kidney Disease,West,65-90
6911,64,Male,High,Cardiovascular Disease,North,50-64
6912,41,Male,Low,Respiratory Disease,East,35-49
6913,65,Female,Medium,Cardiovascular Disease,West,65-90
6914,90,Female,Medium,Chronic Kidney Disease,South,65-90
6915,21,Male,Medium,Respiratory Disease,North,18-34
6916,36,Male,Medium,Hypertension,East,35-49
6917,47,Female,Medium,No Major Chronic Condition,North,35-49
6918,44,Male,Medium,Chronic Kidney Disease,North,35-49
6919,46,Male,Low,Diabetes,North,35-49
6920,27,Female,High,Diabetes,South,18-34
6921,79,Male,Medium,Chronic Kidney Disease,West,65-90
6922,25,Female,Low,Respiratory Disease,South,18-34
6923,48,Male,Low,No Major Chronic Condition,Central,35-49
6924,72,Female,Low,Chronic Kidney Disease,West,65-90
6925,51,Male,Low,Hypertension,Central,50-64
6926,33,Female,Low,Diabetes,West,18-34
6927,26,Male,Low,Cardiovascular Disease,North,18-34
6928,48,Male,High,Cardiovascular Disease,North,35-49
6929,38,Female,Medium,No Major Chronic Condition,South,35-49
6930,56,Male,High,Chronic Kidney Disease,West,50-64
6931,25,Female,Medium,No Major Chronic Condition,West,18-34
6932,67,Male,Medium,No Major Chronic Condition,South,65-90
6933,54,Male,High,Chronic Kidney Disease,West,50-64
6934,56,Male,Low,Respiratory Disease,South,50-64
6935,79,Male,Medium,Respiratory Disease,West,65-90
6936,44,Male,High,Cardiovascular Disease,South,35-49
6937,38,Female,High,No Major Chronic Condition,South,35-49
6938,42,Female,Medium,Hypertension,East,35-49
6939,48,Female,High,No Major Chronic Condition,Central,35-49
6940,50,Female,Medium,Respiratory Disease,West,50-64
6941,36,Male,Low,Cardiovascular Disease,South,35-49
6942,18,Female,Low,Hypertension,East,18-34
6943,41,Male,Medium,Hypertension,South,35-49
6944,59,Female,Low,Respiratory Disease,North,50-64
6945,55,Female,Low,Diabetes,West,50-64
6946,75,Male,Low,Diabetes,South,65-90
6947,89,Female,High,Hypertension,East,65-90
6948,66,Male,High,Hypertension,North,65-90
6949,78,Male,High,No Major Chronic Condition,West,65-90
6950,67,Male,Medium,Respiratory Disease,North,65-90
6951,84,Male,High,Cardiovascular Disease,South,65-90
6952,87,Male,Medium,No Major Chronic Condition,South,65-90
6953,70,Female,Medium,Hypertension,West,65-90
6954,65,Male,Medium,No Major Chronic Condition,Central,65-90
6955,48,Female,Low,No Major Chronic Condition,North,35-49
6956,51,Female,Medium,Chronic Kidney Disease,North,50-64
6957,46,Male,Medium,Cardiovascular Disease,East,35-49
6958,64,Male,High,No Major Chronic Condition,South,50-64
6959,38,Male,Low,Hypertension,North,35-49
6960,48,Male,Low,Hypertension,South,35-49
6961,18,Male,Medium,Hypertension,South,18-34
6962,85,Male,Low,Hypertension,East,65-90
6963,48,Female,High,Diabetes,East,35-49
6964,61,Female,Medium,No Major Chronic Condition,South,50-64
6965,80,Male,Medium,Diabetes,South,65-90
6966,58,Male,Medium,Cardiovascular Disease,South,50-64
6967,79,Female,Medium,Hypertension,Central,65-90
6968,28,Female,Low,Hypertension,East,18-34
6969,90,Female,Medium,No Major Chronic Condition,Central,65-90
6970,73,Male,Low,No Major Chronic Condition,Central,65-90
6971,56,Female,Medium,Chronic Kidney Disease,East,50-64
6972,79,Female,High,Chronic Kidney Disease,Central,65-90
6973,30,Female,Low,No Major Chronic Condition,North,18-34
6974,47,Female,Medium,Hypertension,South,35-49
6975,79,Female,Medium,Cardiovascular Disease,West,65-90
6976,18,Male,Medium,Hypertension,South,18-34
6977,63,Female,Medium,Hypertension,East,50-64
6978,62,Female,Medium,No Major Chronic Condition,Central,50-64
6979,89,Unknown,Medium,No Major Chronic Condition,Central,65-90
6980,22,Male,Medium,Cardiovascular Disease,East,18-34
6981,83,Female,Low,Diabetes,West,65-90
6982,41,Female,Medium,No Major Chronic Condition,East,35-49
6983,44,Male,Medium,No Major Chronic Condition,South,35-49
6984,29,Male,Medium,No Major Chronic Condition,South,18-34
6985,31,Female,High,Chronic Kidney Disease,East,18-34
6986,60,Male,Low,Respiratory Disease,South,50-64
6987,31,Female,Medium,Diabetes,West,18-34
6988,66,Female,Medium,Diabetes,North,65-90
6989,39,Female,Medium,Hypertension,West,35-49
6990,29,Male,High,Respiratory Disease,East,18-34
6991,42,Female,Low,No Major Chronic Condition,North,35-49
6992,58,Female,Medium,No Major Chronic Condition,West,50-64
6993,47,Female,Medium,Hypertension,East,35-49
6994,53,Female,Medium,Hypertension,West,50-64
6995,65,Female,Medium,Hypertension,North,65-90
6996,73,Male,Medium,Cardiovascular Disease,North,65-90
6997,46,Male,Low,No Major Chronic Condition,Central,35-49
6998,32,Female,Medium,No Major Chronic Condition,East,18-34
6999,53,Female,Medium,No Major Chronic Condition,South,50-64
7000,61,Male,Medium,Cardiovascular Disease,East,50-64
7001,24,Female,Low,Respiratory Disease,South,18-34
7002,35,Female,High,No Major Chronic Condition,Central,35-49
7003,38,Male,Medium,Chronic Kidney Disease,North,35-49
7004,48,Male,Low,Diabetes,East,35-49
7005,38,Female,Low,Hypertension,South,35-49
7006,65,Female,Medium,Diabetes,North,65-90
7007,22,Female,High,Diabetes,West,18-34
7008,22,Female,Medium,Cardiovascular Disease,North,18-34
7009,46,Male,High,Chronic Kidney Disease,South,35-49
7010,49,Male,Medium,Diabetes,East,35-49
7011,24,Female,Medium,Hypertension,South,18-34
7012,40,Female,Medium,Hypertension,Central,35-49
7013,44,Female,Low,No Major Chronic Condition,West,35-49
7014,45,Female,Low,Diabetes,North,35-49
7015,55,Male,Medium,Diabetes,North,50-64
7016,39,Female,Low,Respiratory Disease,East,35-49
7017,80,Male,Low,Cardiovascular Disease,South,65-90
7018,61,Male,Low,Diabetes,North,50-64
7019,37,Male,Low,No Major Chronic Condition,Central,35-49
7020,54,Male,Low,Cardiovascular Disease,West,50-64
7021,54,Male,Low,Respiratory Disease,South,50-64
7022,75,Male,High,Chronic Kidney Disease,North,65-90
7023,41,Female,Medium,Diabetes,West,35-49
7024,67,Female,Medium,Diabetes,East,65-90
7025,53,Female,Low,Cardiovascular Disease,South,50-64
7026,80,Male,Low,Diabetes,East,65-90
7027,77,Male,High,Diabetes,Central,65-90
7028,56,Female,Medium,Hypertension,North,50-64
7029,47,Male,High,Cardiovascular Disease,West,35-49
7030,62,Male,Medium,No Major Chronic Condition,Central,50-64
7031,49,Male,Medium,Respiratory Disease,East,35-49
7032,84,Female,Medium,No Major Chronic Condition,Central,65-90
7033,53,Female,Low,Cardiovascular Disease,South,50-64
7034,44,Female,High,Cardiovascular Disease,West,35-49
7035,43,Female,Low,Hypertension,South,35-49
7036,29,Male,Medium,Diabetes,South,18-34
7037,63,Female,Low,Diabetes,West,50-64
7038,36,Female,Medium,Diabetes,East,35-49
7039,73,Female,Medium,Chronic Kidney Disease,South,65-90
7040,27,Male,Medium,Hypertension,South,18-34
7041,54,Female,High,Diabetes,East,50-64
7042,74,Male,Low,No Major Chronic Condition,Central,65-90
7043,18,Female,High,Hypertension,West,18-34
7044,90,Male,Medium,No Major Chronic Condition,South,65-90
7045,44,Female,High,No Major Chronic Condition,South,35-49
7046,55,Female,Medium,Hypertension,Central,50-64
7047,63,Male,Medium,Hypertension,West,50-64
7048,66,Male,Medium,No Major Chronic Condition,West,65-90
7049,57,Male,High,No Major Chronic Condition,West,50-64
7050,71,Male,High,No Major Chronic Condition,North,65-90
7051,62,Female,Medium,Diabetes,North,50-64
7052,85,Male,Medium,Respiratory Disease,South,65-90
7053,62,Female,Medium,Hypertension,East,50-64
7054,89,Male,Low,Hypertension,West,65-90
7055,69,Male,Low,Diabetes,West,65-90
7056,18,Male,Medium,No Major Chronic Condition,Central,18-34
7057,90,Male,Medium,Cardiovascular Disease,South,65-90
7058,41,Male,Medium,No Major Chronic Condition,West,35-49
7059,80,Male,Medium,Diabetes,Central,65-90
7060,53,Female,Low,No Major Chronic Condition,South,50-64
7061,72,Male,Low,Hypertension,North,65-90
7062,39,Male,Low,No Major Chronic Condition,Central,35-49
7063,64,Female,Low,Chronic Kidney Disease,North,50-64
7064,47,Male,Medium,Diabetes,West,35-49
7065,82,Female,Medium,No Major Chronic Condition,South,65-90
7066,60,Male,High,Respiratory Disease,South,50-64
7067,70,Male,Low,Diabetes,Central,65-90
7068,18,Female,High,Diabetes,South,18-34
7069,50,Female,Medium,No Major Chronic Condition,South,50-64
7070,60,Male,Low,No Major Chronic Condition,North,50-64
7071,56,Female,Medium,Respiratory Disease,North,50-64
7072,70,Male,High,Diabetes,South,65-90
7073,45,Female,Medium,Hypertension,West,35-49
7074,53,Female,Medium,Hypertension,North,50-64
7075,74,Female,Low,Respiratory Disease,South,65-90
7076,18,Male,Low,Cardiovascular Disease,South,18-34
7077,63,Male,Low,Hypertension,West,50-64
7078,46,Male,Low,No Major Chronic Condition,South,35-49
7079,35,Male,Medium,No Major Chronic Condition,Central,35-49
7080,58,Male,Low,Diabetes,Central,50-64
7081,75,Female,Medium,Cardiovascular Disease,South,65-90
7082,72,Female,High,Cardiovascular Disease,South,65-90
7083,49,Male,High,Hypertension,West,35-49
7084,69,Female,Low,Cardiovascular Disease,South,65-90
7085,68,Male,Low,Diabetes,West,65-90
7086,50,Male,Medium,Diabetes,Central,50-64
7087,39,Male,Low,No Major Chronic Condition,West,35-49
7088,40,Male,Medium,Hypertension,North,35-49
7089,68,Male,Medium,Chronic Kidney Disease,North,65-90
7090,51,Male,Medium,Diabetes,South,50-64
7091,32,Male,Low,Chronic Kidney Disease,South,18-34
7092,20,Female,Low,Respiratory Disease,West,18-34
7093,68,Female,High,No Major Chronic Condition,East,65-90
7094,42,Female,High,Hypertension,West,35-49
7095,58,Male,Medium,Respiratory Disease,East,50-64
7096,76,Male,Medium,No Major Chronic Condition,North,65-90
7097,27,Male,Medium,Hypertension,West,18-34
7098,51,Female,Low,Diabetes,West,50-64
7099,49,Male,High,Hypertension,East,35-49
7100,59,Female,Low,No Major Chronic Condition,East,50-64
7101,76,Male,Medium,Diabetes,North,65-90
7102,27,Female,Low,Diabetes,West,18-34
7103,63,Male,Medium,No Major Chronic Condition,Central,50-64
7104,72,Male,Medium,Hypertension,West,65-90
7105,48,Female,Medium,Diabetes,North,35-49
7106,49,Female,Medium,Respiratory Disease,South,35-49
7107,60,Female,Medium,Diabetes,Central,50-64
7108,59,Female,Medium,Cardiovascular Disease,West,50-64
7109,63,Female,Medium,Diabetes,South,50-64
7110,63,Female,Medium,Respiratory Disease,East,50-64
7111,33,Female,Medium,Respiratory Disease,North,18-34
7112,71,Female,Medium,Diabetes,Central,65-90
7113,74,Male,Low,Cardiovascular Disease,South,65-90
7114,56,Female,Medium,No Major Chronic Condition,North,50-64
7115,24,Female,Low,Hypertension,North,18-34
7116,50,Male,Medium,No Major Chronic Condition,North,50-64
7117,56,Female,Medium,No Major Chronic Condition,West,50-64
7118,30,Male,High,Hypertension,West,18-34
7119,45,Male,Low,Respiratory Disease,West,35-49
7120,25,Male,Medium,No Major Chronic Condition,South,18-34
7121,64,Male,Low,Chronic Kidney Disease,West,50-64
7122,55,Male,High,No Major Chronic Condition,West,50-64
7123,21,Male,Low,Hypertension,East,18-34
7124,59,Male,Medium,No Major Chronic Condition,East,50-64
7125,51,Female,Low,Hypertension,North,50-64
7126,62,Male,Medium,Respiratory Disease,Central,50-64
7127,45,Male,Low,No Major Chronic Condition,North,35-49
7128,37,Male,Medium,Hypertension,West,35-49
7129,37,Female,Low,Respiratory Disease,South,35-49
7130,42,Female,Medium,Chronic Kidney Disease,North,35-49
7131,52,Female,Low,No Major Chronic Condition,North,50-64
7132,55,Female,Medium,Cardiovascular Disease,Central,50-64
7133,48,Male,Low,Respiratory Disease,East,35-49
7134,44,Female,High,Diabetes,South,35-49
7135,45,Female,Medium,Diabetes,Central,35-49
7136,90,Female,Medium,Diabetes,East,65-90
7137,37,Male,Low,Cardiovascular Disease,West,35-49
7138,41,Male,Low,Respiratory Disease,Central,35-49
7139,90,Male,High,Diabetes,West,65-90
7140,60,Male,Medium,Diabetes,North,50-64
7141,26,Male,Medium,Hypertension,Central,18-34
7142,68,Female,Medium,No Major Chronic Condition,East,65-90
7143,35,Female,Low,Diabetes,South,35-49
7144,69,Male,High,Cardiovascular Disease,West,65-90
7145,48,Male,Medium,No Major Chronic Condition,North,35-49
7146,44,Female,High,No Major Chronic Condition,North,35-49
7147,83,Male,Medium,Chronic Kidney Disease,West,65-90
7148,63,Female,Low,Hypertension,East,50-64
7149,70,Male,Medium,Diabetes,East,65-90
7150,60,Male,High,Diabetes,West,50-64
7151,44,Female,Low,No Major Chronic Condition,Central,35-49
7152,64,Male,Medium,Hypertension,North,50-64
7153,75,Male,Medium,Hypertension,South,65-90
7154,55,Male,Low,Diabetes,South,50-64
7155,86,Male,Low,Cardiovascular Disease,Central,65-90
7156,68,Female,Medium,Hypertension,North,65-90
7157,56,Female,High,Hypertension,South,50-64
7158,57,Female,Medium,Diabetes,Central,50-64
7159,55,Female,High,Cardiovascular Disease,West,50-64
7160,28,Female,Low,Diabetes,North,18-34
7161,50,Male,Low,Cardiovascular Disease,Central,50-64
7162,56,Female,Low,Chronic Kidney Disease,North,50-64
7163,44,Male,Medium,Respiratory Disease,East,35-49
7164,58,Female,Medium,Diabetes,South,50-64
7165,52,Female,Low,Respiratory Disease,West,50-64
7166,67,Male,Medium,Cardiovascular Disease,South,65-90
7167,65,Male,Medium,Hypertension,West,65-90
7168,55,Male,Medium,Diabetes,East,50-64
7169,26,Female,Medium,No Major Chronic Condition,South,18-34
7170,86,Male,Medium,Hypertension,Central,65-90
7171,49,Female,High,Cardiovascular Disease,West,35-49
7172,50,Male,Medium,Diabetes,East,50-64
7173,45,Male,High,Chronic Kidney Disease,East,35-49
7174,43,Female,High,Hypertension,East,35-49
7175,81,Male,High,No Major Chronic Condition,East,65-90
7176,78,Male,Low,Diabetes,Central,65-90
7177,60,Female,Medium,Hypertension,North,50-64
7178,50,Female,Medium,No Major Chronic Condition,South,50-64
7179,64,Male,Low,Hypertension,West,50-64
7180,53,Female,Medium,Diabetes,Central,50-64
7181,48,Female,Low,No Major Chronic Condition,North,35-49
7182,58,Female,Medium,No Major Chronic Condition,North,50-64
7183,44,Male,High,Hypertension,West,35-49
7184,57,Female,Medium,Respiratory Disease,Central,50-64
7185,56,Male,High,Hypertension,West,50-64
7186,63,Male,Medium,Respiratory Disease,East,50-64
7187,40,Female,High,Chronic Kidney Disease,South,35-49
7188,65,Female,Low,Respiratory Disease,Central,65-90
7189,35,Male,High,Hypertension,West,35-49
7190,41,Female,Low,Diabetes,West,35-49
7191,42,Female,High,Respiratory Disease,Central,35-49
7192,32,Female,Low,Respiratory Disease,Central,18-34
7193,71,Male,Low,Respiratory Disease,North,65-90
7194,34,Male,Low,Diabetes,North,18-34
7195,39,Female,Medium,Hypertension,South,35-49
7196,76,Female,High,No Major Chronic Condition,Central,65-90
7197,41,Female,Medium,Diabetes,East,35-49
7198,48,Male,Medium,No Major Chronic Condition,West,35-49
7199,33,Female,Low,Cardiovascular Disease,South,18-34
7200,68,Male,High,No Major Chronic Condition,South,65-90
7201,68,Male,Medium,Hypertension,South,65-90
7202,66,Female,High,Hypertension,Central,65-90
7203,62,Male,Medium,No Major Chronic Condition,South,50-64
7204,53,Male,Medium,Respiratory Disease,West,50-64
7205,42,Male,Low,Diabetes,North,35-49
7206,37,Female,Medium,No Major Chronic Condition,South,35-49
7207,77,Male,High,Hypertension,North,65-90
7208,67,Female,Medium,Chronic Kidney Disease,South,65-90
7209,39,Male,High,Diabetes,West,35-49
7210,53,Female,High,No Major Chronic Condition,North,50-64
7211,46,Female,Low,No Major Chronic Condition,East,35-49
7212,31,Male,Medium,Hypertension,North,18-34
7213,55,Female,Medium,Diabetes,Central,50-64
7214,44,Female,Low,Respiratory Disease,North,35-49
7215,34,Male,Medium,Diabetes,West,18-34
7216,24,Female,Low,Cardiovascular Disease,Central,18-34
7217,22,Male,Medium,Respiratory Disease,Central,18-34
7218,45,Male,Medium,Diabetes,West,35-49
7219,50,Female,High,No Major Chronic Condition,East,50-64
7220,35,Male,Medium,Chronic Kidney Disease,East,35-49
7221,64,Male,Medium,Hypertension,West,50-64
7222,51,Male,Low,Cardiovascular Disease,Central,50-64
7223,63,Male,High,No Major Chronic Condition,East,50-64
7224,49,Male,Medium,Cardiovascular Disease,West,35-49
7225,37,Male,Medium,No Major Chronic Condition,Central,35-49
7226,54,Female,High,Diabetes,North,50-64
7227,28,Male,Medium,Hypertension,East,18-34
7228,62,Female,Low,Cardiovascular Disease,North,50-64
7229,34,Female,Low,Diabetes,South,18-34
7230,69,Female,Medium,Hypertension,West,65-90
7231,46,Male,Low,Cardiovascular Disease,South,35-49
7232,72,Female,Low,Hypertension,North,65-90
7233,31,Female,Low,Diabetes,West,18-34
7234,39,Female,Medium,Hypertension,South,35-49
7235,59,Female,Medium,Diabetes,East,50-64
7236,74,Male,Medium,Diabetes,North,65-90
7237,84,Female,Medium,Diabetes,Central,65-90
7238,53,Female,Medium,No Major Chronic Condition,South,50-64
7239,87,Male,Medium,Diabetes,West,65-90
7240,46,Female,High,Diabetes,South,35-49
7241,73,Female,Medium,No Major Chronic Condition,South,65-90
7242,34,Male,High,No Major Chronic Condition,South,18-34
7243,60,Male,Medium,Hypertension,South,50-64
7244,18,Female,Medium,No Major Chronic Condition,Central,18-34
7245,31,Male,Medium,No Major Chronic Condition,West,18-34
7246,61,Male,Low,No Major Chronic Condition,North,50-64
7247,27,Male,High,Respiratory Disease,East,18-34
7248,60,Female,Medium,Respiratory Disease,East,50-64
7249,69,Male,Low,No Major Chronic Condition,West,65-90
7250,42,Male,Medium,Cardiovascular Disease,West,35-49
7251,34,Male,Medium,No Major Chronic Condition,East,18-34
7252,43,Male,Low,Diabetes,Central,35-49
7253,34,Male,Low,Chronic Kidney Disease,West,18-34
7254,50,Male,High,No Major Chronic Condition,South,50-64
7255,54,Female,Medium,Diabetes,South,50-64
7256,46,Female,Low,Hypertension,Central,35-49
7257,84,Male,Low,No Major Chronic Condition,South,65-90
7258,38,Female,Medium,Chronic Kidney Disease,North,35-49
7259,78,Male,Medium,Chronic Kidney Disease,West,65-90
7260,32,Male,Medium,No Major Chronic Condition,South,18-34
7261,53,Male,High,Diabetes,South,50-64
7262,74,Female,Low,Chronic Kidney Disease,West,65-90
7263,73,Male,Low,Respiratory Disease,North,65-90
7264,44,Male,Low,Hypertension,West,35-49
7265,63,Female,Medium,Hypertension,South,50-64
7266,60,Male,Low,Respiratory Disease,West,50-64
7267,42,Female,Medium,Respiratory Disease,West,35-49
7268,64,Male,High,Respiratory Disease,North,50-64
7269,87,Female,Low,Cardiovascular Disease,West,65-90
7270,61,Male,High,Chronic Kidney Disease,East,50-64
7271,63,Female,High,Hypertension,Central,50-64
7272,65,Female,Medium,Hypertension,North,65-90
7273,24,Female,High,Respiratory Disease,West,18-34
7274,61,Female,Medium,Respiratory Disease,Central,50-64
7275,33,Male,Medium,No Major Chronic Condition,West,18-34
7276,41,Male,Medium,Cardiovascular Disease,Central,35-49
7277,90,Female,Low,No Major Chronic Condition,South,65-90
7278,47,Female,Medium,No Major Chronic Condition,West,35-49
7279,38,Male,High,Cardiovascular Disease,East,35-49
7280,74,Female,Medium,Respiratory Disease,South,65-90
7281,34,Female,Medium,No Major Chronic Condition,East,18-34
7282,43,Female,Medium,Hypertension,South,35-49
7283,76,Male,High,Chronic Kidney Disease,Central,65-90
7284,53,Male,Low,Respiratory Disease,West,50-64
7285,22,Female,Low,Cardiovascular Disease,Central,18-34
7286,62,Male,Low,No Major Chronic Condition,West,50-64
7287,44,Male,High,Diabetes,West,35-49
7288,81,Male,Medium,Diabetes,South,65-90
7289,40,Male,Low,Hypertension,West,35-49
7290,72,Male,Medium,No Major Chronic Condition,South,65-90
7291,86,Male,Medium,Hypertension,East,65-90
7292,36,Male,Low,Chronic Kidney Disease,North,35-49
7293,48,Female,High,Hypertension,West,35-49
7294,59,Male,Medium,Cardiovascular Disease,South,50-64
7295,36,Male,Low,Cardiovascular Disease,Central,35-49
7296,57,Female,High,Hypertension,Central,50-64
7297,48,Female,Low,Hypertension,East,35-49
7298,47,Female,Low,Hypertension,South,35-49
7299,53,Female,Medium,Diabetes,East,50-64
7300,53,Female,Low,Cardiovascular Disease,West,50-64
7301,55,Female,Medium,Respiratory Disease,East,50-64
7302,41,Female,Low,Diabetes,East,35-49
7303,41,Male,Low,Hypertension,Central,35-49
7304,50,Female,High,Cardiovascular Disease,North,50-64
7305,51,Female,Low,No Major Chronic Condition,East,50-64
7306,44,Female,Medium,Respiratory Disease,Central,35-49
7307,58,Female,Low,No Major Chronic Condition,South,50-64
7308,18,Female,High,Cardiovascular Disease,Central,18-34
7309,38,Male,Low,No Major Chronic Condition,East,35-49
7310,47,Female,Low,Diabetes,South,35-49
7311,36,Female,High,Respiratory Disease,Central,35-49
7312,83,Male,Low,Hypertension,North,65-90
7313,52,Male,High,Chronic Kidney Disease,South,50-64
7314,55,Female,Medium,No Major Chronic Condition,South,50-64
7315,43,Female,High,Chronic Kidney Disease,Central,35-49
7316,52,Male,Low,Diabetes,North,50-64
7317,29,Female,High,Respiratory Disease,North,18-34
7318,49,Female,Low,No Major Chronic Condition,South,35-49
7319,34,Male,Low,Diabetes,East,18-34
7320,47,Male,Medium,Diabetes,South,35-49
7321,18,Male,Low,Chronic Kidney Disease,South,18-34
7322,31,Female,Medium,Hypertension,East,18-34
7323,80,Male,Medium,Diabetes,West,65-90
7324,68,Male,Low,No Major Chronic Condition,East,65-90
7325,77,Male,Low,No Major Chronic Condition,East,65-90
7326,78,Female,Medium,Hypertension,West,65-90
7327,65,Female,Medium,No Major Chronic Condition,Central,65-90
7328,43,Female,Medium,No Major Chronic Condition,West,35-49
7329,32,Male,Medium,Respiratory Disease,West,18-34
7330,74,Female,Medium,No Major Chronic Condition,South,65-90
7331,53,Female,Medium,No Major Chronic Condition,Central,50-64
7332,90,Female,Low,Chronic Kidney Disease,West,65-90
7333,45,Female,Low,Hypertension,East,35-49
7334,89,Male,Low,Diabetes,South,65-90
7335,49,Female,Medium,Cardiovascular Disease,North,35-49
7336,77,Female,Low,Diabetes,Central,65-90
7337,84,Male,Medium,Diabetes,North,65-90
7338,33,Male,Low,Cardiovascular Disease,East,18-34
7339,43,Male,Low,Hypertension,South,35-49
7340,32,Male,Low,Diabetes,South,18-34
7341,29,Unknown,Medium,No Major Chronic Condition,South,18-34
7342,65,Female,Medium,Diabetes,East,65-90
7343,48,Female,Medium,Respiratory Disease,North,35-49
7344,53,Male,High,Respiratory Disease,North,50-64
7345,63,Male,Medium,No Major Chronic Condition,East,50-64
7346,18,Female,Low,Hypertension,West,18-34
7347,76,Male,High,Hypertension,West,65-90
7348,45,Male,Medium,Respiratory Disease,Central,35-49
7349,62,Male,Low,Respiratory Disease,North,50-64
7350,64,Female,Low,No Major Chronic Condition,East,50-64
7351,78,Female,Medium,Diabetes,South,65-90
7352,50,Male,Low,Hypertension,North,50-64
7353,18,Male,Medium,Diabetes,Central,18-34
7354,53,Male,Low,Chronic Kidney Disease,North,50-64
7355,56,Male,High,Hypertension,East,50-64
7356,32,Female,Medium,Hypertension,North,18-34
7357,55,Male,Medium,Respiratory Disease,South,50-64
7358,45,Female,Low,Hypertension,West,35-49
7359,26,Female,Medium,Diabetes,West,18-34
7360,65,Female,High,Hypertension,West,65-90
7361,41,Female,Low,No Major Chronic Condition,South,35-49
7362,44,Female,Medium,Respiratory Disease,North,35-49
7363,43,Male,Low,Cardiovascular Disease,West,35-49
7364,75,Male,Medium,Cardiovascular Disease,North,65-90
7365,51,Female,High,No Major Chronic Condition,South,50-64
7366,54,Female,Medium,Diabetes,West,50-64
7367,44,Female,Medium,Diabetes,South,35-49
7368,61,Female,Low,No Major Chronic Condition,East,50-64
7369,78,Female,High,Cardiovascular Disease,Central,65-90
7370,64,Male,Medium,No Major Chronic Condition,Central,50-64
7371,65,Male,Low,Chronic Kidney Disease,North,65-90
7372,64,Female,High,Chronic Kidney Disease,Central,50-64
7373,26,Male,Low,Respiratory Disease,East,18-34
7374,35,Male,Low,Diabetes,West,35-49
7375,48,Female,High,No Major Chronic Condition,South,35-49
7376,38,Female,Low,Cardiovascular Disease,Central,35-49
7377,32,Female,Low,Diabetes,West,18-34
7378,18,Female,Low,Hypertension,South,18-34
7379,26,Male,High,Hypertension,South,18-34
7380,47,Female,Low,Hypertension,South,35-49
7381,51,Female,Medium,Diabetes,South,50-64
7382,37,Female,Low,Hypertension,South,35-49
7383,53,Female,Low,No Major Chronic Condition,South,50-64
7384,44,Male,Low,Respiratory Disease,West,35-49
7385,73,Female,High,Hypertension,West,65-90
7386,49,Male,Medium,Diabetes,North,35-49
7387,65,Female,High,No Major Chronic Condition,South,65-90
7388,56,Unknown,Medium,Chronic Kidney Disease,North,50-64
7389,25,Female,Low,Diabetes,South,18-34
7390,50,Male,Low,No Major Chronic Condition,East,50-64
7391,29,Female,Medium,Hypertension,North,18-34
7392,50,Male,Medium,Hypertension,North,50-64
7393,38,Female,Medium,Hypertension,South,35-49
7394,59,Male,Low,No Major Chronic Condition,East,50-64
7395,26,Male,Medium,No Major Chronic Condition,Central,18-34
7396,52,Male,Low,Respiratory Disease,Central,50-64
7397,63,Female,Medium,Cardiovascular Disease,South,50-64
7398,69,Female,High,Hypertension,East,65-90
7399,37,Male,Low,Hypertension,East,35-49
7400,52,Male,Low,Hypertension,South,50-64
7401,55,Female,Low,No Major Chronic Condition,Central,50-64
7402,81,Female,Medium,Chronic Kidney Disease,South,65-90
7403,24,Female,Medium,Cardiovascular Disease,South,18-34
7404,35,Female,High,No Major Chronic Condition,Central,35-49
7405,90,Female,High,Diabetes,South,65-90
7406,47,Female,Medium,Diabetes,East,35-49
7407,18,Female,Medium,Hypertension,Central,18-34
7408,41,Male,Low,No Major Chronic Condition,South,35-49
7409,18,Male,High,Diabetes,Central,18-34
7410,57,Male,Medium,Diabetes,South,50-64
7411,67,Female,Low,Hypertension,West,65-90
7412,35,Male,High,No Major Chronic Condition,North,35-49
7413,43,Female,Medium,Hypertension,East,35-49
7414,70,Male,Low,Chronic Kidney Disease,North,65-90
7415,19,Female,Medium,No Major Chronic Condition,East,18-34
7416,27,Female,Low,Chronic Kidney Disease,East,18-34
7417,48,Male,Low,Diabetes,South,35-49
7418,38,Female,Low,Diabetes,Central,35-49
7419,46,Male,Medium,Hypertension,Central,35-49
7420,28,Male,Low,No Major Chronic Condition,West,18-34
7421,56,Female,Low,No Major Chronic Condition,West,50-64
7422,49,Female,Medium,Diabetes,North,35-49
7423,62,Male,Low,Hypertension,South,50-64
7424,56,Male,Medium,Diabetes,South,50-64
7425,56,Male,Medium,Cardiovascular Disease,South,50-64
7426,25,Female,Low,Hypertension,North,18-34
7427,61,Male,Low,No Major Chronic Condition,South,50-64
7428,46,Female,Low,Hypertension,East,35-49
7429,49,Female,Medium,Diabetes,North,35-49
7430,72,Male,High,Cardiovascular Disease,North,65-90
7431,38,Female,Low,No Major Chronic Condition,West,35-49
7432,78,Female,Low,Hypertension,South,65-90
7433,79,Female,Low,No Major Chronic Condition,East,65-90
7434,66,Male,Medium,Cardiovascular Disease,West,65-90
7435,33,Male,Low,Respiratory Disease,South,18-34
7436,18,Male,Medium,Cardiovascular Disease,North,18-34
7437,72,Female,Medium,No Major Chronic Condition,West,65-90
7438,54,Female,Low,Respiratory Disease,West,50-64
7439,38,Male,Medium,Hypertension,East,35-49
7440,74,Female,High,No Major Chronic Condition,East,65-90
7441,36,Female,Low,Diabetes,West,35-49
7442,44,Female,Medium,Hypertension,South,35-49
7443,62,Male,Medium,Hypertension,South,50-64
7444,31,Male,Low,Respiratory Disease,East,18-34
7445,50,Female,Medium,No Major Chronic Condition,North,50-64
7446,73,Female,Low,Respiratory Disease,West,65-90
7447,56,Male,Low,Cardiovascular Disease,Central,50-64
7448,76,Male,Medium,Diabetes,East,65-90
7449,74,Female,High,No Major Chronic Condition,North,65-90
7450,52,Female,Low,Hypertension,West,50-64
7451,18,Male,Medium,Diabetes,Central,18-34
7452,31,Male,Low,No Major Chronic Condition,North,18-34
7453,67,Male,Medium,No Major Chronic Condition,East,65-90
7454,23,Male,Medium,Hypertension,North,18-34
7455,46,Male,Medium,Respiratory Disease,West,35-49
7456,58,Female,High,No Major Chronic Condition,South,50-64
7457,80,Female,Medium,Diabetes,East,65-90
7458,41,Female,Low,No Major Chronic Condition,East,35-49
7459,40,Male,High,Hypertension,South,35-49
7460,51,Female,Low,Cardiovascular Disease,Central,50-64
7461,59,Female,Medium,Diabetes,Central,50-64
7462,49,Female,Medium,Diabetes,South,35-49
7463,72,Male,High,Diabetes,South,65-90
7464,37,Male,Medium,Hypertension,West,35-49
7465,54,Female,Medium,No Major Chronic Condition,South,50-64
7466,60,Female,Medium,Cardiovascular Disease,South,50-64
7467,44,Male,Medium,Hypertension,North,35-49
7468,68,Unknown,High,Cardiovascular Disease,North,65-90
7469,55,Male,Low,Hypertension,West,50-64
7470,67,Female,Low,Respiratory Disease,South,65-90
7471,56,Male,Medium,Cardiovascular Disease,North,50-64
7472,59,Female,Low,Hypertension,Central,50-64
7473,40,Male,High,Chronic Kidney Disease,South,35-49
7474,40,Female,Low,Hypertension,South,35-49
7475,75,Female,Medium,No Major Chronic Condition,East,65-90
7476,64,Male,Medium,Respiratory Disease,West,50-64
7477,33,Male,High,Hypertension,Central,18-34
7478,55,Male,Medium,Diabetes,South,50-64
7479,18,Male,Low,Hypertension,West,18-34
7480,41,Male,Low,No Major Chronic Condition,East,35-49
7481,70,Male,Medium,No Major Chronic Condition,East,65-90
7482,50,Female,High,No Major Chronic Condition,South,50-64
7483,54,Male,Medium,No Major Chronic Condition,North,50-64
7484,18,Female,Medium,No Major Chronic Condition,West,18-34
7485,45,Female,Medium,Hypertension,East,35-49
7486,58,Male,Medium,Respiratory Disease,South,50-64
7487,61,Female,Medium,Hypertension,West,50-64
7488,70,Female,Low,No Major Chronic Condition,South,65-90
7489,48,Female,Low,No Major Chronic Condition,West,35-49
7490,49,Female,Medium,No Major Chronic Condition,North,35-49
7491,27,Male,Medium,No Major Chronic Condition,North,18-34
7492,48,Female,Low,No Major Chronic Condition,East,35-49
7493,28,Female,High,Diabetes,South,18-34
7494,18,Female,Low,Cardiovascular Disease,North,18-34
7495,31,Female,Medium,Chronic Kidney Disease,North,18-34
7496,81,Female,Medium,Respiratory Disease,West,65-90
7497,47,Female,High,Respiratory Disease,Central,35-49
7498,56,Male,High,Hypertension,East,50-64
7499,42,Male,Medium,Hypertension,West,35-49
7500,18,Female,Medium,No Major Chronic Condition,West,18-34
7501,70,Female,Medium,Chronic Kidney Disease,West,65-90
7502,18,Female,High,Respiratory Disease,South,18-34
7503,41,Female,Medium,Diabetes,North,35-49
7504,51,Female,Medium,Diabetes,East,50-64
7505,56,Male,Low,Cardiovascular Disease,Central,50-64
7506,38,Male,Medium,Diabetes,Central,35-49
7507,18,Female,Low,Diabetes,North,18-34
7508,37,Female,Medium,Diabetes,Central,35-49
7509,38,Male,Medium,Hypertension,North,35-49
7510,37,Male,Low,Diabetes,East,35-49
7511,70,Female,Medium,Chronic Kidney Disease,Central,65-90
7512,29,Male,Medium,Respiratory Disease,South,18-34
7513,58,Female,High,Cardiovascular Disease,West,50-64
7514,55,Male,Low,No Major Chronic Condition,South,50-64
7515,70,Female,Low,Cardiovascular Disease,Central,65-90
7516,49,Male,Medium,No Major Chronic Condition,North,35-49
7517,67,Female,Medium,Diabetes,West,65-90
7518,49,Male,Low,Hypertension,North,35-49
7519,60,Male,Medium,Hypertension,North,50-64
7520,23,Male,High,No Major Chronic Condition,South,18-34
7521,18,Male,Low,No Major Chronic Condition,North,18-34
7522,59,Female,Medium,Cardiovascular Disease,South,50-64
7523,60,Male,Low,No Major Chronic Condition,North,50-64
7524,61,Female,High,Hypertension,Central,50-64
7525,42,Male,High,Respiratory Disease,North,35-49
7526,80,Female,Medium,Diabetes,East,65-90
7527,43,Female,High,Respiratory Disease,West,35-49
7528,60,Female,Low,Hypertension,West,50-64
7529,63,Male,Medium,Respiratory Disease,South,50-64
7530,85,Male,Medium,Cardiovascular Disease,North,65-90
7531,46,Female,High,Respiratory Disease,North,35-49
7532,40,Male,Medium,Diabetes,North,35-49
7533,24,Female,Low,Cardiovascular Disease,East,18-34
7534,81,Female,Low,Hypertension,East,65-90
7535,60,Female,Low,Diabetes,West,50-64
7536,61,Male,High,Cardiovascular Disease,West,50-64
7537,90,Male,Medium,Diabetes,West,65-90
7538,58,Male,Medium,Cardiovascular Disease,North,50-64
7539,27,Female,Low,Hypertension,West,18-34
7540,48,Female,Medium,Respiratory Disease,North,35-49
7541,33,Male,Medium,Cardiovascular Disease,Central,18-34
7542,44,Female,Medium,Diabetes,East,35-49
7543,44,Male,Medium,Hypertension,West,35-49
7544,41,Male,Low,Respiratory Disease,East,35-49
7545,26,Female,Low,No Major Chronic Condition,East,18-34
7546,82,Female,High,Diabetes,East,65-90
7547,58,Male,Medium,Diabetes,Central,50-64
7548,48,Male,Medium,No Major Chronic Condition,South,35-49
7549,66,Male,High,Hypertension,West,65-90
7550,61,Male,Medium,Hypertension,South,50-64
7551,57,Female,Medium,Hypertension,North,50-64
7552,65,Male,Medium,No Major Chronic Condition,South,65-90
7553,55,Male,Low,Cardiovascular Disease,North,50-64
7554,65,Male,Low,Diabetes,South,65-90
7555,66,Female,High,Cardiovascular Disease,North,65-90
7556,55,Female,Medium,Hypertension,West,50-64
7557,48,Female,Low,Diabetes,East,35-49
7558,81,Female,High,No Major Chronic Condition,North,65-90
7559,43,Male,Low,Cardiovascular Disease,West,35-49
7560,59,Male,Medium,Chronic Kidney Disease,Central,50-64
7561,60,Male,Medium,No Major Chronic Condition,North,50-64
7562,40,Male,Low,Hypertension,South,35-49
7563,37,Female,Low,Diabetes,Central,35-49
7564,45,Male,Medium,Hypertension,North,35-49
7565,43,Male,Medium,Chronic Kidney Disease,Central,35-49
7566,24,Male,High,Hypertension,Central,18-34
7567,40,Male,High,Cardiovascular Disease,South,35-49
7568,57,Male,Low,Diabetes,East,50-64
7569,76,Male,Low,Diabetes,Central,65-90
7570,63,Female,Medium,Cardiovascular Disease,North,50-64
7571,18,Male,Medium,Diabetes,South,18-34
7572,64,Female,Low,No Major Chronic Condition,North,50-64
7573,41,Female,Low,No Major Chronic Condition,West,35-49
7574,61,Unknown,Low,No Major Chronic Condition,West,50-64
7575,52,Male,Low,Cardiovascular Disease,Central,50-64
7576,48,Male,Medium,Hypertension,North,35-49
7577,50,Female,High,Cardiovascular Disease,East,50-64
7578,52,Female,Low,Diabetes,West,50-64
7579,78,Female,Medium,No Major Chronic Condition,South,65-90
7580,52,Male,Medium,Chronic Kidney Disease,Central,50-64
7581,73,Male,Medium,Hypertension,North,65-90
7582,70,Male,Low,No Major Chronic Condition,North,65-90
7583,65,Female,Low,Hypertension,South,65-90
7584,18,Male,Low,No Major Chronic Condition,West,18-34
7585,73,Female,Medium,Cardiovascular Disease,West,65-90
7586,43,Male,Medium,No Major Chronic Condition,Central,35-49
7587,66,Male,Medium,No Major Chronic Condition,East,65-90
7588,34,Female,Medium,Hypertension,Central,18-34
7589,29,Male,Low,Respiratory Disease,East,18-34
7590,90,Male,Low,Hypertension,Central,65-90
7591,34,Female,Low,No Major Chronic Condition,Central,18-34
7592,74,Female,Low,Cardiovascular Disease,East,65-90
7593,54,Male,Low,No Major Chronic Condition,North,50-64
7594,44,Male,High,No Major Chronic Condition,Central,35-49
7595,51,Male,High,Hypertension,East,50-64
7596,27,Female,Medium,Diabetes,West,18-34
7597,52,Male,Medium,Respiratory Disease,East,50-64
7598,31,Female,Medium,Hypertension,South,18-34
7599,44,Female,Medium,Hypertension,South,35-49
7600,70,Female,Medium,Respiratory Disease,South,65-90
7601,57,Female,Low,Cardiovascular Disease,East,50-64
7602,24,Female,High,Cardiovascular Disease,West,18-34
7603,68,Female,Medium,Hypertension,East,65-90
7604,52,Female,Low,Diabetes,East,50-64
7605,42,Male,Medium,Diabetes,South,35-49
7606,66,Female,Medium,Chronic Kidney Disease,East,65-90
7607,49,Female,High,Cardiovascular Disease,North,35-49
7608,30,Male,Medium,Cardiovascular Disease,West,18-34
7609,87,Male,Medium,No Major Chronic Condition,West,65-90
7610,52,Male,Low,No Major Chronic Condition,South,50-64
7611,50,Female,Medium,Diabetes,East,50-64
7612,44,Male,Low,No Major Chronic Condition,South,35-49
7613,74,Male,Low,Hypertension,Central,65-90
7614,42,Male,Medium,Chronic Kidney Disease,South,35-49
7615,23,Male,Medium,Diabetes,Central,18-34
7616,39,Female,Medium,Diabetes,West,35-49
7617,77,Female,Medium,No Major Chronic Condition,Central,65-90
7618,68,Female,Low,Respiratory Disease,West,65-90
7619,47,Female,Medium,Hypertension,East,35-49
7620,78,Male,Medium,No Major Chronic Condition,East,65-90
7621,66,Female,Medium,Hypertension,East,65-90
7622,47,Male,Medium,Diabetes,North,35-49
7623,49,Male,Low,Hypertension,Central,35-49
7624,58,Male,Low,Chronic Kidney Disease,East,50-64
7625,36,Female,High,Chronic Kidney Disease,East,35-49
7626,52,Male,Low,Cardiovascular Disease,North,50-64
7627,58,Female,Low,Cardiovascular Disease,South,50-64
7628,20,Female,Low,Cardiovascular Disease,South,18-34
7629,48,Female,Medium,Hypertension,South,35-49
7630,46,Female,Medium,Diabetes,East,35-49
7631,72,Male,Medium,Diabetes,South,65-90
7632,18,Female,High,Chronic Kidney Disease,West,18-34
7633,45,Male,Low,No Major Chronic Condition,South,35-49
7634,43,Female,Low,Hypertension,South,35-49
7635,70,Male,High,Hypertension,West,65-90
7636,51,Female,Medium,Respiratory Disease,West,50-64
7637,86,Male,High,Diabetes,South,65-90
7638,65,Female,Medium,Respiratory Disease,Central,65-90
7639,44,Male,Low,Cardiovascular Disease,South,35-49
7640,57,Male,High,Cardiovascular Disease,West,50-64
7641,45,Male,Low,Diabetes,West,35-49
7642,68,Female,Medium,No Major Chronic Condition,South,65-90
7643,27,Male,Low,Diabetes,East,18-34
7644,36,Male,Medium,Diabetes,North,35-49
7645,61,Male,Medium,Hypertension,South,50-64
7646,75,Male,Low,No Major Chronic Condition,South,65-90
7647,18,Male,High,No Major Chronic Condition,West,18-34
7648,78,Male,Low,Cardiovascular Disease,South,65-90
7649,49,Male,Medium,Respiratory Disease,North,35-49
7650,18,Female,Low,Cardiovascular Disease,North,18-34
7651,18,Female,Medium,Diabetes,West,18-34
7652,23,Male,Medium,Hypertension,North,18-34
7653,52,Male,Medium,Hypertension,West,50-64
7654,51,Female,Medium,Respiratory Disease,South,50-64
7655,64,Female,Medium,Respiratory Disease,South,50-64
7656,42,Female,High,No Major Chronic Condition,West,35-49
7657,31,Female,High,Cardiovascular Disease,West,18-34
7658,44,Male,Low,Chronic Kidney Disease,West,35-49
7659,53,Male,Medium,No Major Chronic Condition,Central,50-64
7660,56,Female,Low,Hypertension,Central,50-64
7661,37,Female,Low,Cardiovascular Disease,West,35-49
7662,69,Female,Medium,Chronic Kidney Disease,North,65-90
7663,40,Male,Medium,Respiratory Disease,North,35-49
7664,35,Male,Medium,No Major Chronic Condition,Central,35-49
7665,42,Female,Medium,Respiratory Disease,East,35-49
7666,72,Female,Medium,No Major Chronic Condition,East,65-90
7667,49,Male,High,Diabetes,East,35-49
7668,39,Male,Low,No Major Chronic Condition,West,35-49
7669,70,Male,Medium,Hypertension,East,65-90
7670,90,Female,Low,Diabetes,North,65-90
7671,56,Male,Low,Diabetes,North,50-64
7672,75,Male,High,Respiratory Disease,South,65-90
7673,72,Male,Low,Hypertension,Central,65-90
7674,40,Female,Low,Diabetes,South,35-49
7675,53,Female,Medium,Respiratory Disease,Central,50-64
7676,28,Female,Low,Cardiovascular Disease,East,18-34
7677,48,Male,Medium,Hypertension,Central,35-49
7678,40,Male,High,Cardiovascular Disease,Central,35-49
7679,44,Female,Medium,No Major Chronic Condition,South,35-49
7680,38,Male,Medium,Chronic Kidney Disease,East,35-49
7681,47,Male,Medium,Cardiovascular Disease,West,35-49
7682,62,Female,High,No Major Chronic Condition,North,50-64
7683,50,Male,Low,No Major Chronic Condition,North,50-64
7684,18,Male,Medium,Hypertension,West,18-34
7685,38,Female,Medium,Diabetes,Central,35-49
7686,23,Male,Medium,Diabetes,South,18-34
7687,57,Female,Low,Respiratory Disease,South,50-64
7688,62,Male,Medium,No Major Chronic Condition,Central,50-64
7689,57,Male,Medium,Diabetes,South,50-64
7690,37,Male,Medium,Cardiovascular Disease,Central,35-49
7691,57,Male,Low,Diabetes,North,50-64
7692,43,Female,Low,Cardiovascular Disease,South,35-49
7693,30,Female,Medium,No Major Chronic Condition,North,18-34
7694,66,Male,Medium,No Major Chronic Condition,North,65-90
7695,68,Female,High,No Major Chronic Condition,South,65-90
7696,70,Male,Medium,Cardiovascular Disease,West,65-90
7697,40,Female,Low,Chronic Kidney Disease,South,35-49
7698,74,Female,Medium,No Major Chronic Condition,Central,65-90
7699,43,Female,Medium,Chronic Kidney Disease,South,35-49
7700,64,Male,Medium,No Major Chronic Condition,East,50-64
7701,42,Female,Medium,Hypertension,West,35-49
7702,48,Male,Low,Diabetes,North,35-49
7703,18,Female,Low,Diabetes,West,18-34
7704,46,Male,Low,No Major Chronic Condition,North,35-49
7705,54,Male,Low,Diabetes,West,50-64
7706,44,Male,Medium,No Major Chronic Condition,East,35-49
7707,85,Female,Low,Cardiovascular Disease,North,65-90
7708,30,Male,High,Chronic Kidney Disease,West,18-34
7709,41,Female,Low,No Major Chronic Condition,North,35-49
7710,35,Male,Medium,Cardiovascular Disease,Central,35-49
7711,41,Female,Medium,Diabetes,East,35-49
7712,72,Male,Low,Respiratory Disease,South,65-90
7713,80,Male,Medium,No Major Chronic Condition,South,65-90
7714,39,Male,High,Diabetes,South,35-49
7715,38,Male,High,Hypertension,West,35-49
7716,30,Male,Low,No Major Chronic Condition,East,18-34
7717,77,Female,Medium,Diabetes,West,65-90
7718,73,Male,Low,Diabetes,North,65-90
7719,50,Male,Medium,No Major Chronic Condition,Central,50-64
7720,25,Female,Low,No Major Chronic Condition,East,18-34
7721,27,Female,High,Hypertension,East,18-34
7722,55,Male,Medium,No Major Chronic Condition,South,50-64
7723,62,Female,Low,Chronic Kidney Disease,North,50-64
7724,18,Male,High,Diabetes,South,18-34
7725,46,Male,Medium,Cardiovascular Disease,West,35-49
7726,83,Male,Low,No Major Chronic Condition,East,65-90
7727,48,Female,Medium,Chronic Kidney Disease,South,35-49
7728,80,Female,Medium,Respiratory Disease,East,65-90
7729,64,Male,Medium,Cardiovascular Disease,South,50-64
7730,31,Female,Low,Hypertension,South,18-34
7731,46,Female,Low,Respiratory Disease,West,35-49
7732,50,Female,Low,Diabetes,North,50-64
7733,34,Female,High,No Major Chronic Condition,East,18-34
7734,34,Female,Low,Hypertension,West,18-34
7735,81,Female,Medium,Diabetes,North,65-90
7736,33,Male,High,Diabetes,West,18-34
7737,72,Male,High,No Major Chronic Condition,North,65-90
7738,44,Male,Medium,Cardiovascular Disease,West,35-49
7739,52,Male,Medium,Hypertension,South,50-64
7740,63,Female,High,Cardiovascular Disease,North,50-64
7741,41,Female,Medium,Respiratory Disease,North,35-49
7742,63,Male,Medium,No Major Chronic Condition,South,50-64
7743,18,Female,Low,Hypertension,South,18-34
7744,60,Female,Low,Diabetes,East,50-64
7745,18,Female,Medium,No Major Chronic Condition,West,18-34
7746,48,Male,Low,Cardiovascular Disease,North,35-49
7747,68,Female,Low,Respiratory Disease,South,65-90
7748,64,Female,Low,Diabetes,North,50-64
7749,27,Female,Medium,No Major Chronic Condition,West,18-34
7750,30,Male,Medium,No Major Chronic Condition,East,18-34
7751,39,Female,Low,Cardiovascular Disease,West,35-49
7752,56,Male,Medium,Diabetes,West,50-64
7753,18,Female,Low,Diabetes,West,18-34
7754,52,Female,Medium,Hypertension,North,50-64
7755,58,Female,Low,Cardiovascular Disease,West,50-64
7756,47,Female,Medium,Cardiovascular Disease,North,35-49
7757,62,Female,High,Respiratory Disease,West,50-64
7758,56,Male,Low,Hypertension,West,50-64
7759,42,Female,High,Hypertension,South,35-49
7760,18,Male,High,No Major Chronic Condition,South,18-34
7761,55,Female,High,Hypertension,South,50-64
7762,34,Female,High,No Major Chronic Condition,West,18-34
7763,41,Male,Medium,Respiratory Disease,South,35-49
7764,61,Male,Low,Diabetes,South,50-64
7765,79,Female,Low,Respiratory Disease,East,65-90
7766,51,Female,Low,No Major Chronic Condition,West,50-64
7767,63,Male,Medium,No Major Chronic Condition,West,50-64
7768,25,Female,High,Hypertension,West,18-34
7769,57,Male,Low,Diabetes,Central,50-64
7770,51,Male,Medium,Cardiovascular Disease,South,50-64
7771,75,Female,High,Diabetes,South,65-90
7772,42,Male,Low,Hypertension,West,35-49
7773,47,Female,Low,No Major Chronic Condition,North,35-49
7774,72,Male,Low,Respiratory Disease,West,65-90
7775,50,Male,Low,No Major Chronic Condition,Central,50-64
7776,31,Male,Medium,Respiratory Disease,East,18-34
7777,90,Male,Medium,Diabetes,South,65-90
7778,32,Male,Medium,Diabetes,Central,18-34
7779,51,Female,Low,No Major Chronic Condition,South,50-64
7780,59,Female,Medium,Cardiovascular Disease,North,50-64
7781,57,Female,Low,Cardiovascular Disease,South,50-64
7782,48,Female,Medium,Diabetes,North,35-49
7783,48,Male,Low,Hypertension,North,35-49
7784,48,Female,Medium,Diabetes,North,35-49
7785,31,Male,Medium,Hypertension,East,18-34
7786,90,Female,Low,No Major Chronic Condition,East,65-90
7787,48,Female,Medium,Chronic Kidney Disease,West,35-49
7788,63,Female,Medium,No Major Chronic Condition,East,50-64
7789,46,Male,High,No Major Chronic Condition,Central,35-49
7790,45,Female,High,Respiratory Disease,Central,35-49
7791,43,Female,Low,Hypertension,North,35-49
7792,23,Female,Medium,Cardiovascular Disease,North,18-34
7793,49,Male,Low,Diabetes,West,35-49
7794,44,Female,Medium,No Major Chronic Condition,North,35-49
7795,74,Male,Low,No Major Chronic Condition,South,65-90
7796,29,Female,Medium,Cardiovascular Disease,North,18-34
7797,41,Female,High,Hypertension,East,35-49
7798,35,Male,Medium,Diabetes,South,35-49
7799,79,Male,High,Diabetes,West,65-90
7800,35,Male,Low,Hypertension,West,35-49
7801,63,Female,High,No Major Chronic Condition,South,50-64
7802,70,Male,Medium,Diabetes,East,65-90
7803,49,Male,Medium,No Major Chronic Condition,East,35-49
7804,26,Male,Low,Cardiovascular Disease,South,18-34
7805,26,Female,Medium,Cardiovascular Disease,West,18-34
7806,68,Female,Medium,Diabetes,East,65-90
7807,28,Female,Low,Diabetes,West,18-34
7808,59,Male,High,Respiratory Disease,North,50-64
7809,54,Male,Medium,Respiratory Disease,North,50-64
7810,59,Female,High,Cardiovascular Disease,East,50-64
7811,61,Female,Low,Hypertension,West,50-64
7812,34,Female,Medium,Diabetes,South,18-34
7813,33,Female,Low,Hypertension,Central,18-34
7814,66,Male,Low,Chronic Kidney Disease,West,65-90
7815,40,Female,Low,Respiratory Disease,East,35-49
7816,18,Female,Low,Diabetes,West,18-34
7817,64,Female,Medium,No Major Chronic Condition,East,50-64
7818,32,Female,Low,Diabetes,South,18-34
7819,61,Male,Low,No Major Chronic Condition,North,50-64
7820,78,Female,Medium,Cardiovascular Disease,West,65-90
7821,52,Male,Medium,Chronic Kidney Disease,East,50-64
7822,71,Male,Medium,Diabetes,West,65-90
7823,55,Male,Medium,No Major Chronic Condition,South,50-64
7824,82,Female,Low,Chronic Kidney Disease,North,65-90
7825,32,Male,Medium,Diabetes,North,18-34
7826,52,Male,Medium,Diabetes,North,50-64
7827,65,Female,Low,No Major Chronic Condition,West,65-90
7828,48,Male,Low,Cardiovascular Disease,North,35-49
7829,74,Female,High,Respiratory Disease,West,65-90
7830,44,Female,Low,Diabetes,West,35-49
7831,90,Female,Low,Diabetes,South,65-90
7832,90,Male,Low,No Major Chronic Condition,East,65-90
7833,57,Female,High,Diabetes,Central,50-64
7834,62,Female,Medium,Diabetes,North,50-64
7835,75,Female,High,Diabetes,South,65-90
7836,29,Female,High,No Major Chronic Condition,South,18-34
7837,27,Female,Medium,Hypertension,Central,18-34
7838,76,Male,Low,Cardiovascular Disease,Central,65-90
7839,57,Female,Low,Respiratory Disease,West,50-64
7840,48,Male,High,Hypertension,South,35-49
7841,52,Male,High,Diabetes,Central,50-64
7842,18,Male,High,Hypertension,East,18-34
7843,48,Male,High,Diabetes,West,35-49
7844,38,Female,Medium,No Major Chronic Condition,Central,35-49
7845,69,Male,Medium,No Major Chronic Condition,South,65-90
7846,71,Female,Medium,No Major Chronic Condition,Central,65-90
7847,63,Female,Medium,No Major Chronic Condition,South,50-64
7848,60,Female,Low,Diabetes,Central,50-64
7849,24,Male,Low,No Major Chronic Condition,East,18-34
7850,63,Male,Low,Cardiovascular Disease,South,50-64
7851,64,Female,Low,No Major Chronic Condition,West,50-64
7852,76,Male,Low,No Major Chronic Condition,North,65-90
7853,90,Female,Medium,Hypertension,North,65-90
7854,20,Female,Medium,Respiratory Disease,North,18-34
7855,45,Female,Medium,Hypertension,West,35-49
7856,38,Male,Medium,No Major Chronic Condition,Central,35-49
7857,55,Female,Medium,Hypertension,East,50-64
7858,52,Female,Medium,Hypertension,South,50-64
7859,48,Female,Medium,No Major Chronic Condition,South,35-49
7860,72,Male,Low,Diabetes,North,65-90
7861,31,Male,Medium,Cardiovascular Disease,North,18-34
7862,32,Female,Medium,Respiratory Disease,West,18-34
7863,33,Male,Low,Respiratory Disease,North,18-34
7864,45,Male,High,Diabetes,North,35-49
7865,29,Female,Low,Diabetes,North,18-34
7866,51,Female,Medium,Cardiovascular Disease,Central,50-64
7867,49,Male,High,Cardiovascular Disease,South,35-49
7868,37,Female,Medium,No Major Chronic Condition,West,35-49
7869,69,Female,Medium,No Major Chronic Condition,North,65-90
7870,51,Male,Medium,Respiratory Disease,East,50-64
7871,72,Male,Low,Hypertension,West,65-90
7872,48,Male,Medium,No Major Chronic Condition,North,35-49
7873,52,Male,Medium,Diabetes,South,50-64
7874,41,Female,Low,No Major Chronic Condition,South,35-49
7875,52,Male,Low,No Major Chronic Condition,Central,50-64
7876,66,Female,High,No Major Chronic Condition,West,65-90
7877,44,Male,Low,Hypertension,Central,35-49
7878,62,Female,High,Diabetes,South,50-64
7879,37,Female,Low,Respiratory Disease,East,35-49
7880,66,Female,Medium,Cardiovascular Disease,East,65-90
7881,41,Male,Medium,Hypertension,South,35-49
7882,68,Female,Medium,Respiratory Disease,South,65-90
7883,53,Male,Medium,Chronic Kidney Disease,South,50-64
7884,81,Female,Low,Hypertension,North,65-90
7885,30,Female,Medium,Hypertension,Central,18-34
7886,24,Male,Medium,Respiratory Disease,Central,18-34
7887,40,Female,Medium,Diabetes,West,35-49
7888,26,Male,Medium,Chronic Kidney Disease,North,18-34
7889,26,Male,Medium,No Major Chronic Condition,North,18-34
7890,64,Male,Low,No Major Chronic Condition,North,50-64
7891,52,Female,Low,No Major Chronic Condition,Central,50-64
7892,43,Male,Low,Cardiovascular Disease,North,35-49
7893,45,Male,Medium,No Major Chronic Condition,South,35-49
7894,41,Male,High,Cardiovascular Disease,West,35-49
7895,83,Male,Low,No Major Chronic Condition,East,65-90
7896,38,Female,Low,Diabetes,West,35-49
7897,27,Male,High,Chronic Kidney Disease,East,18-34
7898,67,Female,Low,Diabetes,East,65-90
7899,48,Male,Medium,Diabetes,Central,35-49
7900,90,Male,Medium,Cardiovascular Disease,South,65-90
7901,42,Male,Medium,Diabetes,North,35-49
7902,68,Female,Medium,Hypertension,South,65-90
7903,73,Male,High,No Major Chronic Condition,East,65-90
7904,42,Female,Medium,Respiratory Disease,East,35-49
7905,38,Female,Medium,Chronic Kidney Disease,East,35-49
7906,66,Male,Low,No Major Chronic Condition,East,65-90
7907,63,Female,Low,Cardiovascular Disease,East,50-64
7908,25,Female,High,No Major Chronic Condition,Central,18-34
7909,31,Male,High,Hypertension,North,18-34
7910,18,Male,High,Diabetes,Central,18-34
7911,63,Male,Low,Hypertension,East,50-64
7912,47,Male,High,No Major Chronic Condition,North,35-49
7913,49,Male,Low,Diabetes,North,35-49
7914,20,Female,Medium,Cardiovascular Disease,East,18-34
7915,31,Female,Medium,Respiratory Disease,West,18-34
7916,43,Male,Medium,No Major Chronic Condition,East,35-49
7917,39,Male,Medium,No Major Chronic Condition,South,35-49
7918,54,Female,Medium,Hypertension,South,50-64
7919,63,Female,High,Hypertension,East,50-64
7920,90,Male,Low,Chronic Kidney Disease,Central,65-90
7921,52,Male,Low,No Major Chronic Condition,South,50-64
7922,73,Male,Medium,Diabetes,West,65-90
7923,36,Male,Low,Chronic Kidney Disease,North,35-49
7924,20,Male,Low,Hypertension,South,18-34
7925,45,Male,Low,Diabetes,West,35-49
7926,22,Female,Low,Hypertension,West,18-34
7927,52,Male,Medium,No Major Chronic Condition,East,50-64
7928,37,Male,High,No Major Chronic Condition,East,35-49
7929,18,Male,High,Cardiovascular Disease,North,18-34
7930,85,Female,Medium,Chronic Kidney Disease,South,65-90
7931,42,Male,Low,Cardiovascular Disease,West,35-49
7932,21,Male,Medium,Hypertension,West,18-34
7933,69,Female,Medium,No Major Chronic Condition,North,65-90
7934,38,Male,Medium,Diabetes,Central,35-49
7935,73,Male,Medium,No Major Chronic Condition,Central,65-90
7936,38,Male,Medium,No Major Chronic Condition,North,35-49
7937,42,Male,Low,Chronic Kidney Disease,North,35-49
7938,59,Female,High,Respiratory Disease,South,50-64
7939,63,Male,Medium,No Major Chronic Condition,Central,50-64
7940,67,Female,Medium,Diabetes,South,65-90
7941,50,Male,High,Respiratory Disease,South,50-64
7942,62,Male,Low,Hypertension,Central,50-64
7943,66,Male,Low,Respiratory Disease,North,65-90
7944,56,Male,Medium,Chronic Kidney Disease,Central,50-64
7945,49,Male,Medium,Hypertension,West,35-49
7946,25,Female,Low,Diabetes,South,18-34
7947,63,Female,Low,Respiratory Disease,West,50-64
7948,53,Female,Low,No Major Chronic Condition,West,50-64
7949,44,Male,Low,Chronic Kidney Disease,East,35-49
7950,76,Male,Medium,Cardiovascular Disease,West,65-90
7951,25,Male,Low,No Major Chronic Condition,East,18-34
7952,83,Female,Medium,No Major Chronic Condition,West,65-90
7953,52,Male,Medium,Chronic Kidney Disease,West,50-64
7954,58,Female,Medium,Cardiovascular Disease,Central,50-64
7955,44,Male,High,Cardiovascular Disease,West,35-49
7956,20,Male,Low,Hypertension,Central,18-34
7957,49,Male,Low,No Major Chronic Condition,North,35-49
7958,58,Male,Low,Hypertension,South,50-64
7959,65,Female,Low,Chronic Kidney Disease,East,65-90
7960,48,Female,Medium,No Major Chronic Condition,South,35-49
7961,18,Male,Low,Respiratory Disease,Central,18-34
7962,23,Male,Medium,Diabetes,North,18-34
7963,90,Female,High,Diabetes,East,65-90
7964,31,Female,Low,Chronic Kidney Disease,East,18-34
7965,79,Male,Low,Hypertension,Central,65-90
7966,34,Female,Medium,Diabetes,South,18-34
7967,49,Female,Medium,Hypertension,Central,35-49
7968,64,Female,Low,Respiratory Disease,South,50-64
7969,36,Male,Medium,Respiratory Disease,North,35-49
7970,82,Female,Low,Diabetes,South,65-90
7971,53,Female,Medium,Respiratory Disease,Central,50-64
7972,61,Female,Medium,Cardiovascular Disease,North,50-64
7973,47,Female,Low,Cardiovascular Disease,North,35-49
7974,65,Male,Low,No Major Chronic Condition,South,65-90
7975,82,Female,Medium,Diabetes,East,65-90
7976,50,Female,Medium,Cardiovascular Disease,South,50-64
7977,85,Male,High,Diabetes,North,65-90
7978,40,Male,Medium,Diabetes,South,35-49
7979,67,Female,Medium,Respiratory Disease,West,65-90
7980,61,Female,Medium,Chronic Kidney Disease,South,50-64
7981,32,Male,Medium,Respiratory Disease,East,18-34
7982,56,Male,Low,No Major Chronic Condition,Central,50-64
7983,52,Male,Low,No Major Chronic Condition,West,50-64
7984,36,Female,Medium,Diabetes,West,35-49
7985,59,Male,Low,Respiratory Disease,South,50-64
7986,55,Female,Low,Respiratory Disease,East,50-64
7987,51,Female,Low,Respiratory Disease,South,50-64
7988,51,Male,High,Cardiovascular Disease,East,50-64
7989,50,Male,Medium,No Major Chronic Condition,North,50-64
7990,45,Female,High,Cardiovascular Disease,East,35-49
7991,55,Female,High,No Major Chronic Condition,East,50-64
7992,40,Male,Medium,Cardiovascular Disease,East,35-49
7993,90,Female,Medium,No Major Chronic Condition,South,65-90
7994,25,Female,Medium,Hypertension,South,18-34
7995,41,Female,Medium,Diabetes,South,35-49
7996,42,Female,High,Cardiovascular Disease,East,35-49
7997,90,Male,High,Respiratory Disease,South,65-90
7998,27,Female,Medium,Diabetes,West,18-34
7999,60,Male,Medium,Chronic Kidney Disease,East,50-64
8000,57,Male,Medium,No Major Chronic Condition,North,50-64
8001,58,Female,Medium,No Major Chronic Condition,South,50-64
8002,75,Male,Low,Hypertension,East,65-90
8003,75,Female,Low,Cardiovascular Disease,East,65-90
8004,43,Male,Low,No Major Chronic Condition,South,35-49
8005,56,Male,Medium,No Major Chronic Condition,North,50-64
8006,18,Male,Low,Diabetes,Central,18-34
8007,54,Female,High,Diabetes,South,50-64
8008,37,Male,Low,Diabetes,South,35-49
8009,48,Male,Low,Cardiovascular Disease,West,35-49
8010,20,Female,Medium,No Major Chronic Condition,South,18-34
8011,60,Female,Low,Diabetes,South,50-64
8012,20,Female,Low,Chronic Kidney Disease,West,18-34
8013,55,Female,Low,Diabetes,Central,50-64
8014,29,Female,Medium,Diabetes,East,18-34
8015,36,Male,Low,Respiratory Disease,West,35-49
8016,74,Male,Medium,Respiratory Disease,South,65-90
8017,63,Female,Low,Hypertension,West,50-64
8018,74,Male,Low,Hypertension,West,65-90
8019,82,Male,Low,Hypertension,West,65-90
8020,37,Female,Low,No Major Chronic Condition,North,35-49
8021,80,Male,Medium,No Major Chronic Condition,North,65-90
8022,24,Unknown,Medium,Cardiovascular Disease,West,18-34
8023,66,Male,Medium,No Major Chronic Condition,East,65-90
8024,43,Female,High,Respiratory Disease,Central,35-49
8025,34,Female,Low,Diabetes,North,18-34
8026,64,Male,High,Cardiovascular Disease,Central,50-64
8027,70,Female,Medium,No Major Chronic Condition,North,65-90
8028,69,Female,Medium,Chronic Kidney Disease,North,65-90
8029,56,Female,High,No Major Chronic Condition,Central,50-64
8030,55,Female,Low,Cardiovascular Disease,East,50-64
8031,62,Female,Medium,No Major Chronic Condition,South,50-64
8032,58,Male,Medium,No Major Chronic Condition,East,50-64
8033,62,Female,Medium,No Major Chronic Condition,South,50-64
8034,56,Male,Low,No Major Chronic Condition,Central,50-64
8035,68,Male,Low,Hypertension,West,65-90
8036,21,Male,High,Respiratory Disease,West,18-34
8037,50,Female,Medium,Hypertension,South,50-64
8038,26,Female,Low,No Major Chronic Condition,North,18-34
8039,57,Male,Low,Respiratory Disease,West,50-64
8040,83,Male,Medium,Diabetes,North,65-90
8041,43,Female,Low,Cardiovascular Disease,North,35-49
8042,54,Male,Low,Diabetes,East,50-64
8043,66,Male,High,Cardiovascular Disease,West,65-90
8044,18,Female,Low,Diabetes,South,18-34
8045,42,Male,Low,No Major Chronic Condition,East,35-49
8046,59,Male,Medium,Respiratory Disease,Central,50-64
8047,18,Male,Low,No Major Chronic Condition,South,18-34
8048,33,Female,Low,Diabetes,North,18-34
8049,73,Female,Medium,Hypertension,South,65-90
8050,71,Female,Medium,No Major Chronic Condition,South,65-90
8051,59,Female,Medium,Chronic Kidney Disease,West,50-64
8052,69,Female,Medium,Diabetes,South,65-90
8053,56,Male,High,No Major Chronic Condition,East,50-64
8054,63,Female,Medium,Diabetes,East,50-64
8055,46,Female,Medium,Hypertension,East,35-49
8056,54,Male,High,Chronic Kidney Disease,North,50-64
8057,40,Female,Low,Chronic Kidney Disease,North,35-49
8058,76,Female,Medium,Chronic Kidney Disease,South,65-90
8059,81,Male,Low,Diabetes,South,65-90
8060,78,Male,Low,Hypertension,North,65-90
8061,44,Female,High,Hypertension,North,35-49
8062,34,Male,Low,Cardiovascular Disease,East,18-34
8063,76,Male,Low,Diabetes,East,65-90
8064,62,Male,Low,Chronic Kidney Disease,South,50-64
8065,58,Male,Medium,No Major Chronic Condition,South,50-64
8066,40,Female,High,No Major Chronic Condition,North,35-49
8067,60,Female,Medium,No Major Chronic Condition,West,50-64
8068,31,Male,High,Hypertension,East,18-34
8069,64,Female,Medium,Cardiovascular Disease,West,50-64
8070,78,Female,High,No Major Chronic Condition,South,65-90
8071,83,Female,High,Diabetes,North,65-90
8072,65,Female,Low,Hypertension,West,65-90
8073,26,Female,High,Hypertension,North,18-34
8074,56,Female,Low,Respiratory Disease,South,50-64
8075,90,Male,Medium,No Major Chronic Condition,East,65-90
8076,35,Female,Low,Cardiovascular Disease,West,35-49
8077,51,Male,Medium,Respiratory Disease,East,50-64
8078,79,Female,High,Respiratory Disease,West,65-90
8079,64,Female,Medium,No Major Chronic Condition,East,50-64
8080,90,Male,Medium,Hypertension,West,65-90
8081,38,Female,High,Respiratory Disease,South,35-49
8082,33,Female,Medium,No Major Chronic Condition,East,18-34
8083,75,Male,Low,No Major Chronic Condition,North,65-90
8084,29,Female,High,Hypertension,East,18-34
8085,48,Female,Low,Diabetes,South,35-49
8086,51,Male,High,No Major Chronic Condition,West,50-64
8087,72,Female,Low,No Major Chronic Condition,West,65-90
8088,64,Male,Low,Diabetes,South,50-64
8089,61,Female,Medium,Diabetes,East,50-64
8090,44,Female,Low,Diabetes,West,35-49
8091,75,Female,Low,Respiratory Disease,West,65-90
8092,90,Male,Low,Hypertension,North,65-90
8093,65,Female,Low,Hypertension,East,65-90
8094,54,Male,Medium,No Major Chronic Condition,Central,50-64
8095,27,Male,Medium,Hypertension,South,18-34
8096,40,Male,Low,No Major Chronic Condition,East,35-49
8097,48,Female,Low,Cardiovascular Disease,South,35-49
8098,42,Male,Low,Cardiovascular Disease,West,35-49
8099,52,Male,Medium,No Major Chronic Condition,West,50-64
8100,86,Female,Medium,Diabetes,Central,65-90
8101,76,Male,Low,Diabetes,West,65-90
8102,49,Female,High,Cardiovascular Disease,East,35-49
8103,29,Male,Low,Respiratory Disease,East,18-34
8104,77,Male,Medium,Cardiovascular Disease,West,65-90
8105,51,Female,Medium,No Major Chronic Condition,West,50-64
8106,19,Female,Low,No Major Chronic Condition,North,18-34
8107,66,Male,Low,Diabetes,South,65-90
8108,71,Male,Medium,Diabetes,West,65-90
8109,18,Male,Medium,Respiratory Disease,North,18-34
8110,36,Female,High,No Major Chronic Condition,West,35-49
8111,50,Male,Medium,Hypertension,Central,50-64
8112,66,Male,High,Hypertension,South,65-90
8113,42,Male,Medium,Hypertension,South,35-49
8114,36,Female,Medium,No Major Chronic Condition,Central,35-49
8115,66,Male,Low,Diabetes,East,65-90
8116,43,Female,High,Respiratory Disease,West,35-49
8117,62,Male,Low,Diabetes,North,50-64
8118,31,Female,Low,Respiratory Disease,South,18-34
8119,26,Male,Medium,Hypertension,North,18-34
8120,66,Female,High,Respiratory Disease,South,65-90
8121,57,Female,Low,Diabetes,Central,50-64
8122,70,Female,Low,Diabetes,West,65-90
8123,42,Male,High,Diabetes,North,35-49
8124,37,Male,High,No Major Chronic Condition,North,35-49
8125,78,Male,Medium,Chronic Kidney Disease,West,65-90
8126,23,Male,Medium,Diabetes,North,18-34
8127,76,Female,Medium,Hypertension,South,65-90
8128,77,Female,High,Cardiovascular Disease,West,65-90
8129,68,Female,Low,Diabetes,South,65-90
8130,39,Female,Medium,No Major Chronic Condition,East,35-49
8131,36,Male,Medium,Hypertension,South,35-49
8132,48,Female,High,Chronic Kidney Disease,South,35-49
8133,27,Male,Medium,Respiratory Disease,South,18-34
8134,34,Male,Low,No Major Chronic Condition,South,18-34
8135,64,Male,Medium,No Major Chronic Condition,North,50-64
8136,64,Female,High,Diabetes,Central,50-64
8137,32,Male,High,Diabetes,South,18-34
8138,65,Male,Low,Cardiovascular Disease,West,65-90
8139,61,Female,Low,Diabetes,South,50-64
8140,81,Male,Medium,Hypertension,South,65-90
8141,63,Female,Medium,No Major Chronic Condition,East,50-64
8142,72,Male,Low,Hypertension,West,65-90
8143,61,Male,Low,Chronic Kidney Disease,North,50-64
8144,71,Male,Low,Hypertension,North,65-90
8145,28,Male,Low,Diabetes,West,18-34
8146,50,Male,Low,Diabetes,South,50-64
8147,51,Female,High,Diabetes,Central,50-64
8148,47,Female,Medium,Hypertension,North,35-49
8149,60,Male,Low,No Major Chronic Condition,West,50-64
8150,64,Male,Medium,Respiratory Disease,East,50-64
8151,59,Male,Medium,Diabetes,North,50-64
8152,49,Female,Medium,Diabetes,North,35-49
8153,38,Female,High,No Major Chronic Condition,Central,35-49
8154,73,Male,Low,Diabetes,South,65-90
8155,59,Male,High,Hypertension,South,50-64
8156,33,Female,Low,No Major Chronic Condition,North,18-34
8157,48,Female,Medium,Respiratory Disease,South,35-49
8158,19,Male,High,Hypertension,East,18-34
8159,53,Male,Medium,Chronic Kidney Disease,East,50-64
8160,48,Female,Low,Hypertension,Central,35-49
8161,41,Male,Low,Respiratory Disease,North,35-49
8162,82,Female,Low,Diabetes,West,65-90
8163,30,Female,Low,No Major Chronic Condition,Central,18-34
8164,65,Female,Low,Respiratory Disease,North,65-90
8165,90,Female,Low,Diabetes,West,65-90
8166,72,Male,Medium,Respiratory Disease,South,65-90
8167,51,Female,Low,Hypertension,South,50-64
8168,30,Male,Medium,No Major Chronic Condition,North,18-34
8169,26,Female,Medium,Diabetes,South,18-34
8170,44,Female,Low,Hypertension,North,35-49
8171,39,Female,Medium,No Major Chronic Condition,South,35-49
8172,38,Female,Medium,Hypertension,North,35-49
8173,46,Male,Medium,Hypertension,Central,35-49
8174,50,Male,Medium,No Major Chronic Condition,Central,50-64
8175,61,Male,Medium,Chronic Kidney Disease,West,50-64
8176,28,Male,Medium,Hypertension,South,18-34
8177,39,Male,Medium,Cardiovascular Disease,Central,35-49
8178,49,Male,High,Respiratory Disease,Central,35-49
8179,48,Male,High,No Major Chronic Condition,West,35-49
8180,87,Male,Medium,Chronic Kidney Disease,West,65-90
8181,56,Female,Medium,Respiratory Disease,South,50-64
8182,21,Female,High,No Major Chronic Condition,Central,18-34
8183,60,Male,Medium,Hypertension,East,50-64
8184,62,Male,Medium,Cardiovascular Disease,West,50-64
8185,50,Female,Low,Chronic Kidney Disease,North,50-64
8186,29,Male,Low,Cardiovascular Disease,North,18-34
8187,85,Female,Medium,Cardiovascular Disease,Central,65-90
8188,32,Male,High,Diabetes,East,18-34
8189,65,Male,Low,Respiratory Disease,West,65-90
8190,56,Female,High,Respiratory Disease,North,50-64
8191,63,Male,Medium,No Major Chronic Condition,South,50-64
8192,84,Male,Medium,Diabetes,South,65-90
8193,63,Male,High,No Major Chronic Condition,West,50-64
8194,41,Male,Low,Diabetes,East,35-49
8195,73,Male,Low,No Major Chronic Condition,South,65-90
8196,40,Female,Low,Respiratory Disease,North,35-49
8197,55,Male,Medium,Cardiovascular Disease,South,50-64
8198,27,Female,Low,No Major Chronic Condition,South,18-34
8199,32,Female,Medium,Cardiovascular Disease,West,18-34
8200,53,Female,High,Diabetes,West,50-64
8201,59,Female,Low,Cardiovascular Disease,South,50-64
8202,20,Male,Medium,Cardiovascular Disease,South,18-34
8203,61,Male,Medium,No Major Chronic Condition,Central,50-64
8204,36,Male,Medium,Hypertension,South,35-49
8205,76,Female,High,Diabetes,East,65-90
8206,45,Male,Low,Hypertension,North,35-49
8207,31,Male,Low,Respiratory Disease,South,18-34
8208,53,Female,High,Respiratory Disease,South,50-64
8209,35,Male,Low,No Major Chronic Condition,South,35-49
8210,76,Female,Medium,Hypertension,South,65-90
8211,52,Male,Low,Respiratory Disease,East,50-64
8212,49,Female,Medium,No Major Chronic Condition,South,35-49
8213,63,Male,Medium,Hypertension,West,50-64
8214,33,Male,Medium,Cardiovascular Disease,South,18-34
8215,28,Male,Low,No Major Chronic Condition,North,18-34
8216,60,Female,High,Diabetes,South,50-64
8217,31,Female,High,Respiratory Disease,North,18-34
8218,31,Male,Medium,Hypertension,North,18-34
8219,68,Female,High,Diabetes,North,65-90
8220,62,Female,High,No Major Chronic Condition,West,50-64
8221,28,Male,Medium,Diabetes,South,18-34
8222,40,Male,Medium,No Major Chronic Condition,North,35-49
8223,35,Male,High,Cardiovascular Disease,East,35-49
8224,86,Female,High,Diabetes,South,65-90
8225,69,Female,Medium,Hypertension,West,65-90
8226,44,Male,Low,No Major Chronic Condition,Central,35-49
8227,63,Female,Low,Hypertension,North,50-64
8228,26,Female,Medium,Hypertension,South,18-34
8229,39,Female,High,Hypertension,West,35-49
8230,54,Male,Low,Respiratory Disease,West,50-64
8231,61,Female,High,Hypertension,West,50-64
8232,50,Male,Low,No Major Chronic Condition,West,50-64
8233,57,Female,Medium,Diabetes,North,50-64
8234,53,Female,High,Diabetes,West,50-64
8235,49,Male,High,Cardiovascular Disease,North,35-49
8236,46,Unknown,Medium,Hypertension,North,35-49
8237,44,Male,High,No Major Chronic Condition,Central,35-49
8238,56,Male,High,No Major Chronic Condition,East,50-64
8239,60,Female,High,Respiratory Disease,South,50-64
8240,56,Female,High,No Major Chronic Condition,South,50-64
8241,30,Female,Medium,No Major Chronic Condition,North,18-34
8242,33,Female,Low,Diabetes,East,18-34
8243,60,Male,Low,Diabetes,Central,50-64
8244,80,Male,Low,Respiratory Disease,West,65-90
8245,55,Female,Low,No Major Chronic Condition,West,50-64
8246,44,Female,Low,No Major Chronic Condition,East,35-49
8247,56,Male,Low,Respiratory Disease,North,50-64
8248,30,Male,Medium,Diabetes,South,18-34
8249,77,Female,Low,No Major Chronic Condition,North,65-90
8250,56,Female,Low,Chronic Kidney Disease,North,50-64
8251,39,Female,Low,No Major Chronic Condition,North,35-49
8252,49,Female,Low,Chronic Kidney Disease,Central,35-49
8253,42,Female,Medium,Diabetes,South,35-49
8254,77,Female,High,Respiratory Disease,East,65-90
8255,48,Female,Medium,Cardiovascular Disease,Central,35-49
8256,55,Female,Medium,Cardiovascular Disease,West,50-64
8257,63,Female,High,Respiratory Disease,North,50-64
8258,38,Female,Medium,No Major Chronic Condition,East,35-49
8259,56,Female,Low,No Major Chronic Condition,West,50-64
8260,57,Male,Low,Diabetes,South,50-64
8261,22,Male,Medium,Diabetes,South,18-34
8262,57,Female,Medium,Hypertension,West,50-64
8263,51,Female,High,Chronic Kidney Disease,South,50-64
8264,54,Male,Low,Respiratory Disease,East,50-64
8265,53,Female,High,Cardiovascular Disease,North,50-64
8266,57,Male,Medium,Cardiovascular Disease,Central,50-64
8267,77,Male,High,No Major Chronic Condition,Central,65-90
8268,30,Female,Medium,Diabetes,South,18-34
8269,45,Female,Low,Respiratory Disease,South,35-49
8270,65,Female,Medium,No Major Chronic Condition,North,65-90
8271,61,Male,Low,Hypertension,East,50-64
8272,61,Female,Low,Hypertension,North,50-64
8273,90,Male,High,Chronic Kidney Disease,East,65-90
8274,64,Female,Medium,Diabetes,Central,50-64
8275,73,Male,Low,Cardiovascular Disease,North,65-90
8276,46,Male,Medium,No Major Chronic Condition,South,35-49
8277,33,Female,Medium,Diabetes,North,18-34
8278,46,Male,Low,No Major Chronic Condition,South,35-49
8279,66,Male,Low,Diabetes,Central,65-90
8280,60,Male,High,Cardiovascular Disease,North,50-64
8281,60,Male,Low,Diabetes,West,50-64
8282,48,Male,High,Chronic Kidney Disease,South,35-49
8283,45,Female,Low,No Major Chronic Condition,South,35-49
8284,49,Male,Medium,Hypertension,North,35-49
8285,66,Male,Medium,No Major Chronic Condition,West,65-90
8286,68,Male,Low,Chronic Kidney Disease,West,65-90
8287,33,Male,Medium,No Major Chronic Condition,North,18-34
8288,66,Female,Medium,Chronic Kidney Disease,East,65-90
8289,40,Female,Medium,Chronic Kidney Disease,South,35-49
8290,61,Female,High,No Major Chronic Condition,North,50-64
8291,48,Male,High,Chronic Kidney Disease,South,35-49
8292,82,Female,Low,No Major Chronic Condition,North,65-90
8293,44,Female,Medium,Hypertension,West,35-49
8294,55,Female,Low,Diabetes,South,50-64
8295,64,Male,Low,Respiratory Disease,West,50-64
8296,35,Female,Low,Hypertension,Central,35-49
8297,51,Female,Medium,Cardiovascular Disease,South,50-64
8298,47,Female,Medium,No Major Chronic Condition,East,35-49
8299,42,Female,Medium,Respiratory Disease,Central,35-49
8300,44,Female,High,No Major Chronic Condition,North,35-49
8301,73,Female,Medium,Hypertension,North,65-90
8302,41,Male,Low,Hypertension,East,35-49
8303,63,Female,Low,Hypertension,East,50-64
8304,58,Female,Medium,No Major Chronic Condition,Central,50-64
8305,25,Male,Low,Cardiovascular Disease,East,18-34
8306,62,Female,Low,No Major Chronic Condition,South,50-64
8307,25,Female,Low,Hypertension,East,18-34
8308,64,Female,Medium,Hypertension,South,50-64
8309,42,Female,Medium,No Major Chronic Condition,Central,35-49
8310,52,Male,Medium,Respiratory Disease,East,50-64
8311,27,Male,Medium,Cardiovascular Disease,West,18-34
8312,54,Female,High,Cardiovascular Disease,North,50-64
8313,70,Male,High,Cardiovascular Disease,Central,65-90
8314,37,Male,Medium,No Major Chronic Condition,Central,35-49
8315,40,Female,Medium,Diabetes,Central,35-49
8316,61,Male,Low,Diabetes,Central,50-64
8317,61,Male,High,Diabetes,West,50-64
8318,18,Male,Medium,Cardiovascular Disease,West,18-34
8319,90,Male,Low,No Major Chronic Condition,North,65-90
8320,62,Female,Medium,Chronic Kidney Disease,South,50-64
8321,65,Male,Medium,No Major Chronic Condition,West,65-90
8322,49,Female,High,Respiratory Disease,South,35-49
8323,18,Male,Low,Cardiovascular Disease,East,18-34
8324,65,Female,Low,Respiratory Disease,East,65-90
8325,41,Female,High,No Major Chronic Condition,East,35-49
8326,62,Female,Medium,Diabetes,South,50-64
8327,48,Male,Low,Cardiovascular Disease,Central,35-49
8328,57,Male,Medium,Cardiovascular Disease,South,50-64
8329,37,Male,Medium,No Major Chronic Condition,West,35-49
8330,68,Female,Low,Diabetes,North,65-90
8331,29,Female,Low,Diabetes,West,18-34
8332,90,Female,Low,Respiratory Disease,West,65-90
8333,90,Female,Low,Respiratory Disease,Central,65-90
8334,83,Female,Medium,Hypertension,North,65-90
8335,76,Male,Low,Cardiovascular Disease,West,65-90
8336,50,Male,Medium,Respiratory Disease,South,50-64
8337,74,Female,Medium,Hypertension,South,65-90
8338,50,Female,Medium,Cardiovascular Disease,South,50-64
8339,22,Male,Low,Diabetes,West,18-34
8340,81,Male,Medium,No Major Chronic Condition,Central,65-90
8341,73,Male,Low,Hypertension,West,65-90
8342,51,Male,High,Respiratory Disease,South,50-64
8343,29,Female,Low,Cardiovascular Disease,South,18-34
8344,41,Female,High,Diabetes,South,35-49
8345,18,Male,Medium,Chronic Kidney Disease,North,18-34
8346,70,Male,High,Cardiovascular Disease,West,65-90
8347,22,Male,High,Diabetes,North,18-34
8348,57,Female,High,No Major Chronic Condition,West,50-64
8349,36,Male,Medium,No Major Chronic Condition,South,35-49
8350,25,Female,Low,Chronic Kidney Disease,North,18-34
8351,57,Male,Medium,Respiratory Disease,South,50-64
8352,46,Female,Low,Respiratory Disease,North,35-49
8353,68,Male,Medium,Hypertension,East,65-90
8354,28,Female,High,Hypertension,West,18-34
8355,38,Female,Medium,Respiratory Disease,Central,35-49
8356,18,Female,Low,No Major Chronic Condition,South,18-34
8357,18,Male,High,Cardiovascular Disease,North,18-34
8358,86,Male,Low,No Major Chronic Condition,East,65-90
8359,90,Male,High,Hypertension,West,65-90
8360,54,Male,Medium,Hypertension,East,50-64
8361,36,Male,Low,Cardiovascular Disease,Central,35-49
8362,46,Male,Low,Chronic Kidney Disease,North,35-49
8363,69,Female,High,Diabetes,West,65-90
8364,42,Male,Low,Hypertension,West,35-49
8365,57,Male,High,No Major Chronic Condition,South,50-64
8366,52,Male,Medium,Respiratory Disease,South,50-64
8367,41,Female,Medium,Hypertension,South,35-49
8368,42,Female,Medium,Respiratory Disease,South,35-49
8369,58,Female,Medium,No Major Chronic Condition,South,50-64
8370,33,Male,Medium,Cardiovascular Disease,West,18-34
8371,61,Male,Medium,Chronic Kidney Disease,North,50-64
8372,43,Female,Medium,Diabetes,West,35-49
8373,54,Female,Low,Cardiovascular Disease,East,50-64
8374,78,Male,High,Hypertension,North,65-90
8375,49,Female,Medium,No Major Chronic Condition,West,35-49
8376,69,Female,Medium,Hypertension,South,65-90
8377,18,Male,Medium,No Major Chronic Condition,North,18-34
8378,43,Female,Medium,Cardiovascular Disease,East,35-49
8379,53,Female,Low,Cardiovascular Disease,South,50-64
8380,89,Female,High,Cardiovascular Disease,South,65-90
8381,18,Female,Medium,Hypertension,East,18-34
8382,50,Male,High,Hypertension,East,50-64
8383,80,Male,High,Hypertension,West,65-90
8384,37,Male,Medium,No Major Chronic Condition,East,35-49
8385,48,Male,Medium,Chronic Kidney Disease,East,35-49
8386,58,Female,Low,No Major Chronic Condition,East,50-64
8387,56,Female,Low,Diabetes,Central,50-64
8388,82,Male,Medium,No Major Chronic Condition,North,65-90
8389,61,Female,Low,Diabetes,West,50-64
8390,77,Male,Low,Cardiovascular Disease,North,65-90
8391,45,Female,Medium,Diabetes,South,35-49
8392,38,Male,Low,No Major Chronic Condition,West,35-49
8393,48,Male,Low,Cardiovascular Disease,South,35-49
8394,30,Male,Medium,Cardiovascular Disease,North,18-34
8395,61,Male,Low,Hypertension,East,50-64
8396,45,Male,Low,Cardiovascular Disease,South,35-49
8397,39,Female,Low,Diabetes,Central,35-49
8398,61,Male,Medium,Chronic Kidney Disease,Central,50-64
8399,30,Male,High,Respiratory Disease,South,18-34
8400,67,Female,Low,Diabetes,West,65-90
8401,43,Unknown,Medium,Diabetes,East,35-49
8402,74,Female,Low,Hypertension,East,65-90
8403,45,Female,Medium,Cardiovascular Disease,North,35-49
8404,64,Male,Low,Hypertension,West,50-64
8405,55,Female,High,Diabetes,East,50-64
8406,66,Male,Medium,Diabetes,Central,65-90
8407,54,Female,Medium,Hypertension,West,50-64
8408,20,Male,Low,Respiratory Disease,East,18-34
8409,71,Female,High,Chronic Kidney Disease,Central,65-90
8410,50,Female,Low,Hypertension,South,50-64
8411,67,Male,Medium,Cardiovascular Disease,Central,65-90
8412,65,Male,Medium,Respiratory Disease,North,65-90
8413,37,Male,Medium,Hypertension,South,35-49
8414,35,Female,High,No Major Chronic Condition,Central,35-49
8415,64,Female,Medium,Chronic Kidney Disease,North,50-64
8416,46,Male,Medium,Respiratory Disease,Central,35-49
8417,70,Male,Low,Cardiovascular Disease,North,65-90
8418,49,Male,Medium,Cardiovascular Disease,West,35-49
8419,71,Male,Medium,Hypertension,West,65-90
8420,60,Male,Medium,Diabetes,North,50-64
8421,57,Male,Medium,No Major Chronic Condition,West,50-64
8422,45,Male,Medium,No Major Chronic Condition,North,35-49
8423,56,Male,Medium,No Major Chronic Condition,Central,50-64
8424,75,Male,Low,Cardiovascular Disease,Central,65-90
8425,51,Female,Medium,No Major Chronic Condition,West,50-64
8426,62,Male,High,Chronic Kidney Disease,Central,50-64
8427,53,Male,Low,Cardiovascular Disease,East,50-64
8428,54,Male,Low,No Major Chronic Condition,Central,50-64
8429,85,Female,Medium,No Major Chronic Condition,West,65-90
8430,75,Female,Low,Cardiovascular Disease,West,65-90
8431,54,Male,Medium,No Major Chronic Condition,Central,50-64
8432,56,Male,Medium,No Major Chronic Condition,East,50-64
8433,39,Female,Medium,Respiratory Disease,East,35-49
8434,49,Female,High,Cardiovascular Disease,Central,35-49
8435,58,Male,High,Diabetes,West,50-64
8436,68,Male,Medium,No Major Chronic Condition,North,65-90
8437,66,Female,High,Diabetes,South,65-90
8438,31,Female,Low,Diabetes,East,18-34
8439,71,Female,Low,Hypertension,North,65-90
8440,50,Female,Medium,Hypertension,East,50-64
8441,33,Female,Medium,Hypertension,South,18-34
8442,77,Male,Low,Diabetes,South,65-90
8443,80,Male,Medium,No Major Chronic Condition,Central,65-90
8444,57,Female,Low,Cardiovascular Disease,South,50-64
8445,65,Female,Low,No Major Chronic Condition,Central,65-90
8446,67,Male,Medium,No Major Chronic Condition,East,65-90
8447,79,Female,High,Cardiovascular Disease,Central,65-90
8448,66,Male,High,Hypertension,West,65-90
8449,27,Female,Medium,Hypertension,South,18-34
8450,90,Male,Medium,No Major Chronic Condition,North,65-90
8451,72,Male,Low,Respiratory Disease,Central,65-90
8452,42,Female,Medium,No Major Chronic Condition,West,35-49
8453,32,Male,Medium,No Major Chronic Condition,North,18-34
8454,62,Male,Medium,Hypertension,Central,50-64
8455,47,Female,Medium,No Major Chronic Condition,East,35-49
8456,58,Male,High,No Major Chronic Condition,North,50-64
8457,66,Female,High,Cardiovascular Disease,South,65-90
8458,41,Female,Low,No Major Chronic Condition,Central,35-49
8459,31,Male,High,Respiratory Disease,South,18-34
8460,59,Female,Low,Hypertension,West,50-64
8461,42,Female,High,Diabetes,South,35-49
8462,55,Female,Medium,Chronic Kidney Disease,North,50-64
8463,26,Male,Medium,No Major Chronic Condition,North,18-34
8464,47,Female,Medium,Hypertension,Central,35-49
8465,66,Female,Medium,Hypertension,North,65-90
8466,64,Male,High,Diabetes,Central,50-64
8467,37,Male,High,Respiratory Disease,South,35-49
8468,30,Male,Medium,Respiratory Disease,Central,18-34
8469,52,Male,High,No Major Chronic Condition,North,50-64
8470,63,Female,Medium,Diabetes,East,50-64
8471,60,Male,Medium,Diabetes,North,50-64
8472,42,Male,Low,Diabetes,South,35-49
8473,58,Female,High,No Major Chronic Condition,Central,50-64
8474,81,Male,Medium,Cardiovascular Disease,North,65-90
8475,56,Male,Medium,Hypertension,Central,50-64
8476,21,Female,Medium,Diabetes,East,18-34
8477,56,Female,High,Diabetes,West,50-64
8478,90,Female,Low,Chronic Kidney Disease,South,65-90
8479,28,Male,Medium,Cardiovascular Disease,Central,18-34
8480,53,Female,Medium,Chronic Kidney Disease,West,50-64
8481,48,Male,Low,Hypertension,Central,35-49
8482,54,Unknown,Low,Cardiovascular Disease,North,50-64
8483,56,Male,Medium,Respiratory Disease,South,50-64
8484,74,Male,Low,Hypertension,West,65-90
8485,54,Female,High,Hypertension,West,50-64
8486,76,Female,High,Diabetes,South,65-90
8487,50,Male,Low,Chronic Kidney Disease,East,50-64
8488,45,Female,Medium,Respiratory Disease,South,35-49
8489,39,Female,Low,Cardiovascular Disease,East,35-49
8490,18,Male,Medium,Respiratory Disease,East,18-34
8491,57,Male,Medium,Diabetes,East,50-64
8492,90,Male,Medium,No Major Chronic Condition,South,65-90
8493,61,Male,Medium,No Major Chronic Condition,South,50-64
8494,65,Male,Medium,Diabetes,North,65-90
8495,44,Male,Medium,No Major Chronic Condition,North,35-49
8496,47,Female,High,Hypertension,West,35-49
8497,71,Male,High,Cardiovascular Disease,Central,65-90
8498,90,Male,Medium,Cardiovascular Disease,South,65-90
8499,80,Male,Low,No Major Chronic Condition,Central,65-90
8500,67,Male,Medium,Diabetes,East,65-90
8501,53,Female,High,Hypertension,Central,50-64
8502,56,Male,Medium,No Major Chronic Condition,South,50-64
8503,38,Female,Medium,No Major Chronic Condition,West,35-49
8504,24,Female,Medium,No Major Chronic Condition,East,18-34
8505,31,Female,Medium,Diabetes,Central,18-34
8506,53,Male,Medium,Respiratory Disease,North,50-64
8507,46,Female,High,Cardiovascular Disease,North,35-49
8508,24,Male,Low,Diabetes,Central,18-34
8509,51,Male,Low,Diabetes,North,50-64
8510,46,Male,Medium,No Major Chronic Condition,Central,35-49
8511,30,Male,Medium,Diabetes,North,18-34
8512,45,Female,Medium,Hypertension,North,35-49
8513,46,Female,Low,Diabetes,South,35-49
8514,40,Male,Medium,Respiratory Disease,West,35-49
8515,70,Female,Medium,No Major Chronic Condition,East,65-90
8516,18,Female,Medium,Hypertension,Central,18-34
8517,18,Female,Medium,No Major Chronic Condition,East,18-34
8518,52,Female,Medium,Diabetes,East,50-64
8519,54,Male,Medium,Hypertension,East,50-64
8520,60,Male,Low,Hypertension,South,50-64
8521,42,Male,Medium,Cardiovascular Disease,West,35-49
8522,35,Female,Medium,No Major Chronic Condition,Central,35-49
8523,52,Male,Low,Chronic Kidney Disease,Central,50-64
8524,44,Male,High,Hypertension,North,35-49
8525,81,Male,Medium,No Major Chronic Condition,East,65-90
8526,46,Female,Low,Chronic Kidney Disease,East,35-49
8527,51,Female,Medium,Cardiovascular Disease,West,50-64
8528,90,Male,Low,No Major Chronic Condition,South,65-90
8529,48,Male,Medium,No Major Chronic Condition,Central,35-49
8530,63,Female,Low,Chronic Kidney Disease,South,50-64
8531,64,Female,Low,Hypertension,South,50-64
8532,66,Male,Medium,Diabetes,West,65-90
8533,58,Male,Medium,No Major Chronic Condition,East,50-64
8534,56,Male,Low,Chronic Kidney Disease,Central,50-64
8535,54,Male,Low,No Major Chronic Condition,North,50-64
8536,41,Male,Low,No Major Chronic Condition,North,35-49
8537,58,Male,Low,No Major Chronic Condition,Central,50-64
8538,90,Female,Medium,Hypertension,South,65-90
8539,75,Female,Low,Hypertension,South,65-90
8540,58,Male,Medium,Hypertension,West,50-64
8541,68,Male,Medium,Diabetes,Central,65-90
8542,35,Female,Low,Cardiovascular Disease,Central,35-49
8543,47,Female,Medium,Cardiovascular Disease,Central,35-49
8544,70,Male,Medium,Diabetes,North,65-90
8545,80,Male,Medium,Respiratory Disease,Central,65-90
8546,37,Female,Medium,Hypertension,North,35-49
8547,43,Male,Low,Cardiovascular Disease,South,35-49
8548,90,Female,Medium,Cardiovascular Disease,North,65-90
8549,54,Female,High,Hypertension,South,50-64
8550,87,Female,Medium,Chronic Kidney Disease,South,65-90
8551,56,Female,Medium,Cardiovascular Disease,Central,50-64
8552,57,Female,Medium,Cardiovascular Disease,Central,50-64
8553,46,Male,High,Cardiovascular Disease,North,35-49
8554,70,Male,Low,Diabetes,North,65-90
8555,78,Male,Medium,No Major Chronic Condition,North,65-90
8556,32,Male,Medium,No Major Chronic Condition,East,18-34
8557,45,Male,Medium,Diabetes,Central,35-49
8558,69,Female,Medium,Hypertension,West,65-90
8559,50,Female,Medium,No Major Chronic Condition,South,50-64
8560,43,Female,Medium,Chronic Kidney Disease,Central,35-49
8561,71,Male,Medium,Hypertension,East,65-90
8562,73,Female,Low,Respiratory Disease,West,65-90
8563,43,Male,High,No Major Chronic Condition,East,35-49
8564,56,Male,Low,Hypertension,West,50-64
8565,29,Male,Low,Chronic Kidney Disease,South,18-34
8566,35,Female,Low,No Major Chronic Condition,North,35-49
8567,54,Female,Medium,Diabetes,East,50-64
8568,53,Female,Medium,No Major Chronic Condition,South,50-64
8569,34,Male,Medium,No Major Chronic Condition,East,18-34
8570,38,Male,Medium,Chronic Kidney Disease,West,35-49
8571,32,Male,Low,Cardiovascular Disease,East,18-34
8572,61,Male,Low,Respiratory Disease,North,50-64
8573,18,Female,High,Respiratory Disease,West,18-34
8574,33,Female,Medium,Diabetes,North,18-34
8575,18,Female,High,Hypertension,North,18-34
8576,60,Female,Low,Diabetes,South,50-64
8577,18,Female,High,Hypertension,North,18-34
8578,53,Female,High,No Major Chronic Condition,South,50-64
8579,83,Male,Medium,No Major Chronic Condition,West,65-90
8580,84,Female,Medium,Hypertension,West,65-90
8581,18,Female,Low,Respiratory Disease,East,18-34
8582,58,Female,Medium,Respiratory Disease,North,50-64
8583,33,Female,Medium,Cardiovascular Disease,Central,18-34
8584,29,Female,Medium,Chronic Kidney Disease,West,18-34
8585,50,Female,Low,Diabetes,North,50-64
8586,75,Female,Medium,Diabetes,East,65-90
8587,63,Male,Medium,Hypertension,Central,50-64
8588,38,Female,Medium,No Major Chronic Condition,Central,35-49
8589,65,Female,Medium,No Major Chronic Condition,South,65-90
8590,18,Female,High,Respiratory Disease,East,18-34
8591,38,Female,Low,Respiratory Disease,East,35-49
8592,36,Male,Low,Respiratory Disease,West,35-49
8593,53,Female,Low,Cardiovascular Disease,Central,50-64
8594,48,Male,High,Hypertension,East,35-49
8595,49,Male,Medium,Diabetes,North,35-49
8596,49,Male,Medium,Diabetes,West,35-49
8597,52,Female,High,No Major Chronic Condition,Central,50-64
8598,62,Female,Medium,No Major Chronic Condition,Central,50-64
8599,55,Female,Low,Chronic Kidney Disease,North,50-64
8600,47,Male,Medium,No Major Chronic Condition,Central,35-49
8601,60,Female,Medium,Respiratory Disease,North,50-64
8602,68,Male,Medium,Chronic Kidney Disease,Central,65-90
8603,41,Female,Low,No Major Chronic Condition,West,35-49
8604,51,Female,Medium,Diabetes,North,50-64
8605,74,Female,Medium,Diabetes,North,65-90
8606,31,Female,Low,Respiratory Disease,South,18-34
8607,86,Male,High,Diabetes,South,65-90
8608,27,Male,Low,Respiratory Disease,North,18-34
8609,45,Female,High,No Major Chronic Condition,Central,35-49
8610,34,Female,Low,No Major Chronic Condition,North,18-34
8611,90,Male,High,Hypertension,Central,65-90
8612,42,Female,Medium,Hypertension,South,35-49
8613,42,Male,Low,No Major Chronic Condition,East,35-49
8614,45,Female,Low,No Major Chronic Condition,West,35-49
8615,54,Male,Medium,Hypertension,South,50-64
8616,46,Male,Medium,No Major Chronic Condition,East,35-49
8617,49,Female,Low,No Major Chronic Condition,West,35-49
8618,18,Male,Low,Hypertension,North,18-34
8619,53,Female,Medium,Hypertension,South,50-64
8620,52,Female,Medium,No Major Chronic Condition,West,50-64
8621,72,Male,Medium,No Major Chronic Condition,South,65-90
8622,77,Female,Low,Respiratory Disease,North,65-90
8623,48,Female,Medium,No Major Chronic Condition,North,35-49
8624,68,Male,Low,No Major Chronic Condition,West,65-90
8625,31,Male,Medium,Diabetes,Central,18-34
8626,67,Female,Low,Cardiovascular Disease,South,65-90
8627,41,Male,High,No Major Chronic Condition,East,35-49
8628,29,Female,Medium,Diabetes,South,18-34
8629,48,Male,Medium,Diabetes,Central,35-49
8630,79,Female,High,No Major Chronic Condition,Central,65-90
8631,55,Male,High,No Major Chronic Condition,South,50-64
8632,80,Female,Medium,Diabetes,North,65-90
8633,38,Female,Medium,Diabetes,East,35-49
8634,72,Male,High,No Major Chronic Condition,East,65-90
8635,40,Female,Low,Hypertension,East,35-49
8636,56,Female,Medium,Diabetes,South,50-64
8637,56,Female,Medium,No Major Chronic Condition,North,50-64
8638,65,Male,Medium,No Major Chronic Condition,North,65-90
8639,57,Female,High,Cardiovascular Disease,West,50-64
8640,38,Male,Medium,Respiratory Disease,East,35-49
8641,69,Female,Medium,Cardiovascular Disease,South,65-90
8642,85,Male,High,Hypertension,Central,65-90
8643,41,Male,Medium,No Major Chronic Condition,Central,35-49
8644,18,Female,Low,Respiratory Disease,West,18-34
8645,61,Male,Low,Respiratory Disease,East,50-64
8646,46,Female,Medium,Cardiovascular Disease,East,35-49
8647,50,Female,Low,Cardiovascular Disease,East,50-64
8648,63,Male,Medium,Hypertension,North,50-64
8649,43,Male,High,Cardiovascular Disease,West,35-49
8650,47,Male,Low,Respiratory Disease,East,35-49
8651,50,Male,High,No Major Chronic Condition,East,50-64
8652,80,Female,Medium,No Major Chronic Condition,West,65-90
8653,53,Male,High,Diabetes,South,50-64
8654,29,Female,Low,Cardiovascular Disease,West,18-34
8655,29,Male,Medium,Hypertension,South,18-34
8656,55,Male,Medium,Respiratory Disease,Central,50-64
8657,31,Female,Medium,No Major Chronic Condition,Central,18-34
8658,22,Male,High,No Major Chronic Condition,East,18-34
8659,64,Male,High,Hypertension,South,50-64
8660,65,Male,Low,Chronic Kidney Disease,South,65-90
8661,45,Male,Medium,Diabetes,Central,35-49
8662,58,Male,Medium,Diabetes,South,50-64
8663,56,Male,Low,Hypertension,West,50-64
8664,63,Female,High,Hypertension,South,50-64
8665,63,Male,Medium,Cardiovascular Disease,Central,50-64
8666,18,Female,High,Hypertension,South,18-34
8667,47,Female,High,Respiratory Disease,East,35-49
8668,62,Male,Low,Diabetes,North,50-64
8669,44,Male,Medium,Cardiovascular Disease,Central,35-49
8670,53,Male,Medium,Hypertension,East,50-64
8671,66,Female,High,Hypertension,East,65-90
8672,54,Female,Medium,Cardiovascular Disease,North,50-64
8673,81,Male,Low,Diabetes,West,65-90
8674,73,Female,Medium,Hypertension,South,65-90
8675,50,Female,Low,No Major Chronic Condition,South,50-64
8676,48,Female,Medium,Hypertension,East,35-49
8677,18,Male,High,No Major Chronic Condition,East,18-34
8678,46,Female,Low,Hypertension,West,35-49
8679,26,Female,Low,No Major Chronic Condition,South,18-34
8680,56,Male,Medium,Diabetes,Central,50-64
8681,55,Female,High,No Major Chronic Condition,North,50-64
8682,65,Male,Low,Diabetes,East,65-90
8683,79,Male,Low,No Major Chronic Condition,West,65-90
8684,52,Male,Medium,Hypertension,Central,50-64
8685,90,Female,Medium,Chronic Kidney Disease,South,65-90
8686,56,Unknown,Low,Hypertension,West,50-64
8687,27,Female,High,Diabetes,West,18-34
8688,41,Male,High,Diabetes,West,35-49
8689,45,Female,Medium,Diabetes,Central,35-49
8690,63,Female,Low,Cardiovascular Disease,South,50-64
8691,34,Female,Medium,Respiratory Disease,West,18-34
8692,46,Male,Low,Cardiovascular Disease,Central,35-49
8693,49,Male,Medium,Respiratory Disease,East,35-49
8694,43,Female,Medium,Diabetes,West,35-49
8695,67,Male,Low,Chronic Kidney Disease,South,65-90
8696,64,Female,Low,No Major Chronic Condition,South,50-64
8697,74,Male,Low,Hypertension,South,65-90
8698,46,Male,Low,No Major Chronic Condition,North,35-49
8699,75,Male,Low,Hypertension,East,65-90
8700,26,Male,Medium,Cardiovascular Disease,Central,18-34
8701,26,Female,Medium,No Major Chronic Condition,South,18-34
8702,29,Female,Low,Chronic Kidney Disease,North,18-34
8703,52,Male,Medium,Cardiovascular Disease,South,50-64
8704,75,Male,High,Hypertension,West,65-90
8705,41,Female,Medium,Respiratory Disease,South,35-49
8706,43,Female,High,Cardiovascular Disease,West,35-49
8707,48,Female,Medium,No Major Chronic Condition,South,35-49
8708,63,Female,Low,No Major Chronic Condition,West,50-64
8709,43,Male,Low,Diabetes,West,35-49
8710,42,Female,Medium,Cardiovascular Disease,West,35-49
8711,26,Male,High,Respiratory Disease,West,18-34
8712,41,Female,Medium,Chronic Kidney Disease,Central,35-49
8713,74,Male,Medium,Diabetes,North,65-90
8714,54,Male,Medium,No Major Chronic Condition,East,50-64
8715,38,Male,Low,Respiratory Disease,South,35-49
8716,75,Male,Low,Diabetes,Central,65-90
8717,41,Female,High,Diabetes,East,35-49
8718,79,Female,Low,Chronic Kidney Disease,West,65-90
8719,79,Male,Low,No Major Chronic Condition,Central,65-90
8720,53,Male,Medium,Hypertension,North,50-64
8721,24,Male,Medium,Diabetes,South,18-34
8722,90,Male,High,Hypertension,South,65-90
8723,59,Female,Low,Hypertension,North,50-64
8724,46,Female,High,Respiratory Disease,East,35-49
8725,70,Male,Low,Diabetes,South,65-90
8726,65,Male,Low,No Major Chronic Condition,North,65-90
8727,77,Male,Medium,Hypertension,North,65-90
8728,39,Male,High,No Major Chronic Condition,North,35-49
8729,58,Male,Medium,No Major Chronic Condition,South,50-64
8730,29,Male,Low,Diabetes,East,18-34
8731,65,Female,Medium,No Major Chronic Condition,South,65-90
8732,52,Male,Low,Chronic Kidney Disease,Central,50-64
8733,57,Female,High,No Major Chronic Condition,South,50-64
8734,49,Female,High,Hypertension,South,35-49
8735,47,Male,Medium,No Major Chronic Condition,South,35-49
8736,36,Female,Medium,Cardiovascular Disease,North,35-49
8737,67,Female,Medium,Diabetes,Central,65-90
8738,80,Male,Medium,No Major Chronic Condition,West,65-90
8739,41,Male,Low,No Major Chronic Condition,South,35-49
8740,63,Female,Medium,Diabetes,Central,50-64
8741,60,Male,Medium,Cardiovascular Disease,West,50-64
8742,52,Male,High,No Major Chronic Condition,West,50-64
8743,23,Female,Medium,Respiratory Disease,South,18-34
8744,27,Male,High,Cardiovascular Disease,South,18-34
8745,37,Male,Medium,Diabetes,South,35-49
8746,18,Male,High,Cardiovascular Disease,South,18-34
8747,79,Male,High,Cardiovascular Disease,Central,65-90
8748,59,Male,Low,Chronic Kidney Disease,North,50-64
8749,51,Male,Medium,Cardiovascular Disease,North,50-64
8750,18,Female,Medium,Respiratory Disease,East,18-34
8751,18,Male,High,Diabetes,East,18-34
8752,52,Male,Low,No Major Chronic Condition,East,50-64
8753,89,Female,Medium,Diabetes,South,65-90
8754,39,Male,High,Respiratory Disease,South,35-49
8755,68,Male,Low,No Major Chronic Condition,North,65-90
8756,43,Female,Low,No Major Chronic Condition,West,35-49
8757,53,Female,Medium,Diabetes,South,50-64
8758,75,Male,Medium,No Major Chronic Condition,Central,65-90
8759,45,Female,Medium,Diabetes,East,35-49
8760,39,Male,Low,Diabetes,Central,35-49
8761,79,Female,Medium,No Major Chronic Condition,Central,65-90
8762,53,Male,Low,Diabetes,East,50-64
8763,73,Male,High,Cardiovascular Disease,West,65-90
8764,39,Female,Low,No Major Chronic Condition,North,35-49
8765,79,Male,Medium,Hypertension,North,65-90
8766,57,Female,Medium,No Major Chronic Condition,West,50-64
8767,60,Female,Medium,Respiratory Disease,North,50-64
8768,55,Male,Low,Cardiovascular Disease,West,50-64
8769,42,Female,Medium,Cardiovascular Disease,South,35-49
8770,52,Male,Low,Cardiovascular Disease,South,50-64
8771,44,Male,Low,No Major Chronic Condition,South,35-49
8772,70,Female,Medium,No Major Chronic Condition,Central,65-90
8773,48,Female,Low,Hypertension,West,35-49
8774,24,Male,High,Chronic Kidney Disease,West,18-34
8775,20,Female,Medium,Cardiovascular Disease,West,18-34
8776,19,Male,Low,No Major Chronic Condition,West,18-34
8777,64,Female,High,Diabetes,North,50-64
8778,30,Male,Low,Hypertension,Central,18-34
8779,58,Female,High,Hypertension,South,50-64
8780,55,Female,Low,Respiratory Disease,East,50-64
8781,51,Male,Medium,Hypertension,West,50-64
8782,60,Female,High,Cardiovascular Disease,Central,50-64
8783,55,Male,Low,No Major Chronic Condition,East,50-64
8784,18,Female,Medium,Diabetes,East,18-34
8785,46,Female,Low,Cardiovascular Disease,South,35-49
8786,60,Female,Medium,Diabetes,North,50-64
8787,83,Male,Low,Respiratory Disease,West,65-90
8788,84,Male,Low,Hypertension,West,65-90
8789,26,Female,Low,No Major Chronic Condition,East,18-34
8790,45,Male,Medium,Hypertension,North,35-49
8791,22,Male,High,No Major Chronic Condition,East,18-34
8792,81,Female,High,Diabetes,North,65-90
8793,71,Female,Medium,No Major Chronic Condition,East,65-90
8794,59,Female,High,Hypertension,West,50-64
8795,55,Female,High,Hypertension,South,50-64
8796,78,Male,Medium,No Major Chronic Condition,Central,65-90
8797,75,Female,Low,Hypertension,West,65-90
8798,74,Female,Medium,Respiratory Disease,South,65-90
8799,61,Male,Low,Chronic Kidney Disease,South,50-64
8800,45,Female,High,Cardiovascular Disease,North,35-49
8801,67,Male,Medium,Diabetes,Central,65-90
8802,68,Male,Low,No Major Chronic Condition,North,65-90
8803,48,Female,High,Respiratory Disease,East,35-49
8804,45,Male,Low,No Major Chronic Condition,West,35-49
8805,74,Female,High,No Major Chronic Condition,South,65-90
8806,84,Male,High,No Major Chronic Condition,South,65-90
8807,38,Female,Medium,Respiratory Disease,South,35-49
8808,47,Male,Medium,Diabetes,West,35-49
8809,59,Male,Low,No Major Chronic Condition,Central,50-64
8810,61,Male,Medium,No Major Chronic Condition,Central,50-64
8811,42,Male,High,Chronic Kidney Disease,North,35-49
8812,88,Male,Low,No Major Chronic Condition,West,65-90
8813,60,Female,Low,Diabetes,East,50-64
8814,62,Male,Medium,Hypertension,Central,50-64
8815,85,Female,Medium,Diabetes,East,65-90
8816,43,Male,Medium,Respiratory Disease,East,35-49
8817,50,Male,Low,Cardiovascular Disease,South,50-64
8818,28,Female,Low,Diabetes,Central,18-34
8819,49,Female,High,Respiratory Disease,West,35-49
8820,24,Female,Low,Hypertension,North,18-34
8821,66,Female,Low,Cardiovascular Disease,Central,65-90
8822,60,Male,Low,Hypertension,West,50-64
8823,47,Female,Medium,Diabetes,North,35-49
8824,50,Male,Low,Cardiovascular Disease,East,50-64
8825,66,Female,Low,Hypertension,South,65-90
8826,30,Female,Medium,Cardiovascular Disease,East,18-34
8827,56,Female,Low,Hypertension,East,50-64
8828,65,Female,High,No Major Chronic Condition,Central,65-90
8829,18,Male,High,Diabetes,North,18-34
8830,65,Female,Medium,Hypertension,East,65-90
8831,20,Male,Medium,No Major Chronic Condition,North,18-34
8832,50,Male,Low,Hypertension,North,50-64
8833,30,Female,Medium,Cardiovascular Disease,West,18-34
8834,79,Female,Low,No Major Chronic Condition,West,65-90
8835,30,Female,Medium,Diabetes,Central,18-34
8836,21,Female,Low,No Major Chronic Condition,East,18-34
8837,55,Male,Medium,Cardiovascular Disease,South,50-64
8838,44,Female,Low,No Major Chronic Condition,South,35-49
8839,23,Female,Medium,No Major Chronic Condition,East,18-34
8840,62,Male,Low,No Major Chronic Condition,East,50-64
8841,18,Female,Low,Hypertension,North,18-34
8842,32,Male,Medium,Respiratory Disease,Central,18-34
8843,41,Male,Medium,Cardiovascular Disease,Central,35-49
8844,67,Male,High,Cardiovascular Disease,West,65-90
8845,77,Female,Low,No Major Chronic Condition,South,65-90
8846,73,Female,Low,Hypertension,South,65-90
8847,49,Female,Medium,Cardiovascular Disease,West,35-49
8848,18,Male,Low,Respiratory Disease,South,18-34
8849,59,Female,High,Hypertension,South,50-64
8850,80,Female,Low,Respiratory Disease,West,65-90
8851,75,Male,High,Diabetes,North,65-90
8852,61,Male,Medium,Respiratory Disease,North,50-64
8853,29,Male,Low,Diabetes,North,18-34
8854,42,Female,Medium,No Major Chronic Condition,South,35-49
8855,89,Male,Medium,Diabetes,East,65-90
8856,25,Female,Medium,Respiratory Disease,West,18-34
8857,30,Male,Medium,Respiratory Disease,North,18-34
8858,70,Female,Medium,Cardiovascular Disease,South,65-90
8859,44,Male,Medium,Respiratory Disease,North,35-49
8860,30,Male,Medium,No Major Chronic Condition,East,18-34
8861,81,Female,Medium,Diabetes,North,65-90
8862,61,Male,High,Chronic Kidney Disease,South,50-64
8863,45,Female,Medium,Cardiovascular Disease,West,35-49
8864,30,Female,Medium,Chronic Kidney Disease,Central,18-34
8865,90,Female,Low,No Major Chronic Condition,South,65-90
8866,52,Male,Low,Respiratory Disease,South,50-64
8867,79,Female,Low,Diabetes,West,65-90
8868,69,Female,Medium,Cardiovascular Disease,West,65-90
8869,42,Male,Medium,Respiratory Disease,South,35-49
8870,42,Male,Low,Diabetes,Central,35-49
8871,79,Female,Medium,Respiratory Disease,East,65-90
8872,80,Male,Low,Chronic Kidney Disease,Central,65-90
8873,18,Female,Low,No Major Chronic Condition,Central,18-34
8874,62,Female,Low,Diabetes,Central,50-64
8875,50,Male,Medium,Chronic Kidney Disease,North,50-64
8876,32,Male,Low,Hypertension,South,18-34
8877,57,Female,Low,Hypertension,South,50-64
8878,26,Female,Medium,Cardiovascular Disease,West,18-34
8879,43,Female,Medium,Respiratory Disease,South,35-49
8880,37,Female,Medium,Cardiovascular Disease,South,35-49
8881,43,Female,Low,No Major Chronic Condition,South,35-49
8882,51,Female,Medium,Diabetes,South,50-64
8883,33,Female,Low,Cardiovascular Disease,West,18-34
8884,82,Female,Low,Hypertension,Central,65-90
8885,61,Male,Medium,Diabetes,South,50-64
8886,86,Male,Medium,Hypertension,North,65-90
8887,49,Male,High,Chronic Kidney Disease,West,35-49
8888,42,Female,High,Cardiovascular Disease,East,35-49
8889,85,Male,Low,Cardiovascular Disease,South,65-90
8890,41,Female,Low,Cardiovascular Disease,South,35-49
8891,49,Male,High,Hypertension,East,35-49
8892,66,Female,Low,Diabetes,North,65-90
8893,28,Male,Medium,Respiratory Disease,East,18-34
8894,66,Female,Medium,No Major Chronic Condition,Central,65-90
8895,63,Male,Medium,No Major Chronic Condition,Central,50-64
8896,76,Female,Low,Hypertension,West,65-90
8897,69,Male,Low,Cardiovascular Disease,South,65-90
8898,77,Male,Low,Respiratory Disease,Central,65-90
8899,50,Female,Low,No Major Chronic Condition,West,50-64
8900,36,Male,Low,Diabetes,East,35-49
8901,90,Female,Medium,Diabetes,South,65-90
8902,23,Male,Medium,No Major Chronic Condition,West,18-34
8903,25,Female,Low,Diabetes,West,18-34
8904,63,Male,Low,No Major Chronic Condition,East,50-64
8905,83,Male,High,Respiratory Disease,South,65-90
8906,56,Female,Low,Cardiovascular Disease,South,50-64
8907,71,Male,Low,Diabetes,East,65-90
8908,18,Male,Medium,No Major Chronic Condition,South,18-34
8909,43,Male,Low,Diabetes,East,35-49
8910,18,Unknown,Low,Cardiovascular Disease,North,18-34
8911,67,Female,Low,Diabetes,West,65-90
8912,23,Female,High,Diabetes,South,18-34
8913,28,Female,Medium,Chronic Kidney Disease,South,18-34
8914,62,Female,Medium,Hypertension,Central,50-64
8915,72,Male,High,Respiratory Disease,South,65-90
8916,49,Male,Medium,Chronic Kidney Disease,East,35-49
8917,63,Male,Low,Cardiovascular Disease,South,50-64
8918,62,Female,Medium,Respiratory Disease,West,50-64
8919,48,Female,Medium,Hypertension,South,35-49
8920,31,Male,Medium,No Major Chronic Condition,East,18-34
8921,63,Male,Medium,Hypertension,East,50-64
8922,64,Male,Low,Respiratory Disease,West,50-64
8923,69,Male,Low,No Major Chronic Condition,East,65-90
8924,58,Female,Medium,No Major Chronic Condition,South,50-64
8925,30,Male,Low,Diabetes,West,18-34
8926,65,Male,High,Hypertension,West,65-90
8927,52,Female,Medium,No Major Chronic Condition,West,50-64
8928,43,Male,Low,No Major Chronic Condition,East,35-49
8929,46,Female,Medium,Respiratory Disease,Central,35-49
8930,39,Female,Medium,Diabetes,East,35-49
8931,69,Female,Medium,Cardiovascular Disease,West,65-90
8932,25,Male,Medium,No Major Chronic Condition,East,18-34
8933,33,Male,Medium,Diabetes,South,18-34
8934,46,Female,Low,No Major Chronic Condition,East,35-49
8935,83,Male,Medium,Cardiovascular Disease,East,65-90
8936,72,Male,Medium,No Major Chronic Condition,South,65-90
8937,21,Female,High,Diabetes,West,18-34
8938,78,Female,High,Diabetes,South,65-90
8939,78,Female,High,Hypertension,West,65-90
8940,30,Female,Low,No Major Chronic Condition,South,18-34
8941,18,Male,High,Chronic Kidney Disease,East,18-34
8942,51,Male,Medium,Respiratory Disease,South,50-64
8943,73,Female,Medium,No Major Chronic Condition,South,65-90
8944,82,Female,High,Hypertension,West,65-90
8945,35,Female,High,No Major Chronic Condition,North,35-49
8946,85,Female,Medium,Diabetes,South,65-90
8947,18,Female,Low,Diabetes,South,18-34
8948,45,Female,Low,Cardiovascular Disease,South,35-49
8949,44,Female,High,No Major Chronic Condition,North,35-49
8950,74,Female,High,Chronic Kidney Disease,West,65-90
8951,77,Female,Low,Diabetes,North,65-90
8952,70,Female,Low,No Major Chronic Condition,West,65-90
8953,26,Male,Medium,No Major Chronic Condition,East,18-34
8954,68,Female,Low,Chronic Kidney Disease,North,65-90
8955,62,Female,Medium,Respiratory Disease,South,50-64
8956,20,Female,High,Hypertension,North,18-34
8957,18,Male,Low,Diabetes,North,18-34
8958,72,Female,Medium,Respiratory Disease,South,65-90
8959,49,Male,Medium,Diabetes,West,35-49
8960,28,Female,Low,Respiratory Disease,South,18-34
8961,48,Female,Medium,Cardiovascular Disease,East,35-49
8962,59,Male,Medium,Respiratory Disease,North,50-64
8963,50,Male,Medium,No Major Chronic Condition,Central,50-64
8964,23,Male,Medium,Cardiovascular Disease,South,18-34
8965,88,Female,High,Cardiovascular Disease,North,65-90
8966,71,Female,Low,Diabetes,South,65-90
8967,46,Male,High,Hypertension,Central,35-49
8968,46,Female,Medium,Diabetes,East,35-49
8969,59,Female,Medium,Diabetes,North,50-64
8970,31,Male,Low,Cardiovascular Disease,North,18-34
8971,58,Female,Low,Cardiovascular Disease,West,50-64
8972,27,Male,Medium,No Major Chronic Condition,West,18-34
8973,51,Female,High,Diabetes,North,50-64
8974,30,Female,Medium,Diabetes,South,18-34
8975,31,Male,Low,No Major Chronic Condition,North,18-34
8976,83,Female,Low,Diabetes,North,65-90
8977,53,Female,Medium,Respiratory Disease,North,50-64
8978,56,Female,High,No Major Chronic Condition,South,50-64
8979,18,Female,Medium,Respiratory Disease,North,18-34
8980,41,Female,Low,Hypertension,West,35-49
8981,61,Female,Low,Diabetes,South,50-64
8982,56,Female,Low,No Major Chronic Condition,South,50-64
8983,18,Female,Medium,No Major Chronic Condition,Central,18-34
8984,56,Male,Low,Chronic Kidney Disease,South,50-64
8985,59,Female,Low,Diabetes,North,50-64
8986,76,Male,High,Cardiovascular Disease,South,65-90
8987,40,Female,Medium,Chronic Kidney Disease,East,35-49
8988,18,Female,High,Diabetes,East,18-34
8989,33,Male,Medium,No Major Chronic Condition,East,18-34
8990,31,Male,Low,No Major Chronic Condition,South,18-34
8991,66,Female,Low,Diabetes,East,65-90
8992,18,Female,Medium,Diabetes,Central,18-34
8993,43,Male,Medium,Hypertension,South,35-49
8994,79,Female,Medium,Cardiovascular Disease,East,65-90
8995,52,Female,High,Cardiovascular Disease,West,50-64
8996,69,Male,Medium,Chronic Kidney Disease,South,65-90
8997,21,Male,Medium,Cardiovascular Disease,North,18-34
8998,22,Male,Low,Diabetes,South,18-34
8999,79,Female,Low,Hypertension,East,65-90
9000,54,Male,Medium,Cardiovascular Disease,Central,50-64
9001,54,Female,Low,Cardiovascular Disease,Central,50-64
9002,31,Male,High,No Major Chronic Condition,West,18-34
9003,54,Female,Medium,Diabetes,South,50-64
9004,30,Male,Low,No Major Chronic Condition,South,18-34
9005,75,Male,Medium,Hypertension,South,65-90
9006,90,Female,Medium,Chronic Kidney Disease,South,65-90
9007,61,Male,Low,Hypertension,Central,50-64
9008,40,Male,Medium,Hypertension,North,35-49
9009,18,Female,Medium,Cardiovascular Disease,East,18-34
9010,20,Female,Medium,No Major Chronic Condition,South,18-34
9011,82,Female,Low,Diabetes,West,65-90
9012,32,Male,Medium,Hypertension,East,18-34
9013,45,Male,Medium,Cardiovascular Disease,North,35-49
9014,64,Female,Low,Respiratory Disease,West,50-64
9015,80,Female,Low,Diabetes,East,65-90
9016,48,Male,Medium,Diabetes,East,35-49
9017,44,Female,Low,Chronic Kidney Disease,North,35-49
9018,53,Female,High,Hypertension,East,50-64
9019,40,Female,Low,Diabetes,East,35-49
9020,41,Male,Medium,Hypertension,North,35-49
9021,60,Male,High,Respiratory Disease,East,50-64
9022,56,Male,Low,No Major Chronic Condition,Central,50-64
9023,90,Female,Medium,Chronic Kidney Disease,North,65-90
9024,60,Male,Low,No Major Chronic Condition,South,50-64
9025,74,Female,Medium,Respiratory Disease,South,65-90
9026,32,Male,High,Hypertension,East,18-34
9027,62,Female,High,No Major Chronic Condition,West,50-64
9028,38,Male,Medium,Diabetes,West,35-49
9029,60,Male,High,No Major Chronic Condition,East,50-64
9030,65,Male,High,Hypertension,Central,65-90
9031,53,Female,Low,Respiratory Disease,South,50-64
9032,90,Male,High,No Major Chronic Condition,West,65-90
9033,79,Male,Low,No Major Chronic Condition,West,65-90
9034,74,Female,High,No Major Chronic Condition,North,65-90
9035,67,Female,High,No Major Chronic Condition,North,65-90
9036,86,Male,Medium,Cardiovascular Disease,Central,65-90
9037,25,Male,Medium,Hypertension,South,18-34
9038,78,Male,High,Cardiovascular Disease,West,65-90
9039,33,Female,Low,Hypertension,North,18-34
9040,41,Male,Medium,Cardiovascular Disease,West,35-49
9041,63,Female,Medium,Diabetes,South,50-64
9042,75,Female,Medium,No Major Chronic Condition,East,65-90
9043,30,Male,Low,Chronic Kidney Disease,North,18-34
9044,42,Male,Low,Diabetes,North,35-49
9045,54,Male,High,Respiratory Disease,West,50-64
9046,48,Female,High,No Major Chronic Condition,East,35-49
9047,68,Female,High,No Major Chronic Condition,West,65-90
9048,90,Male,Medium,Hypertension,North,65-90
9049,60,Female,Medium,Respiratory Disease,South,50-64
9050,38,Male,Medium,Hypertension,Central,35-49
9051,27,Male,Medium,No Major Chronic Condition,East,18-34
9052,46,Male,High,No Major Chronic Condition,West,35-49
9053,34,Male,Low,Diabetes,South,18-34
9054,61,Female,High,Hypertension,East,50-64
9055,61,Unknown,High,Diabetes,West,50-64
9056,43,Male,Medium,Hypertension,North,35-49
9057,90,Female,High,Diabetes,South,65-90
9058,38,Male,High,No Major Chronic Condition,North,35-49
9059,50,Female,Low,Cardiovascular Disease,Central,50-64
9060,64,Male,Low,Cardiovascular Disease,Central,50-64
9061,69,Male,Medium,No Major Chronic Condition,North,65-90
9062,76,Male,Medium,Chronic Kidney Disease,West,65-90
9063,60,Female,Low,Hypertension,East,50-64
9064,72,Male,Medium,No Major Chronic Condition,Central,65-90
9065,39,Male,Medium,Respiratory Disease,East,35-49
9066,69,Female,Medium,Hypertension,South,65-90
9067,69,Female,Low,Diabetes,Central,65-90
9068,81,Female,Low,No Major Chronic Condition,Central,65-90
9069,20,Male,High,Diabetes,East,18-34
9070,35,Male,Low,Diabetes,South,35-49
9071,68,Male,Medium,Cardiovascular Disease,West,65-90
9072,18,Female,Medium,No Major Chronic Condition,North,18-34
9073,61,Female,High,Chronic Kidney Disease,West,50-64
9074,72,Male,High,No Major Chronic Condition,Central,65-90
9075,41,Male,High,Hypertension,South,35-49
9076,44,Female,Medium,No Major Chronic Condition,North,35-49
9077,32,Female,Low,Cardiovascular Disease,North,18-34
9078,42,Female,Low,No Major Chronic Condition,Central,35-49
9079,43,Male,Medium,Respiratory Disease,West,35-49
9080,39,Male,Low,Respiratory Disease,South,35-49
9081,38,Male,Low,No Major Chronic Condition,Central,35-49
9082,47,Male,Low,No Major Chronic Condition,Central,35-49
9083,47,Male,Medium,Diabetes,Central,35-49
9084,88,Female,Medium,Hypertension,East,65-90
9085,45,Female,High,Respiratory Disease,West,35-49
9086,59,Female,Medium,Diabetes,North,50-64
9087,41,Male,Low,Hypertension,North,35-49
9088,41,Male,Medium,Diabetes,West,35-49
9089,20,Male,Medium,Cardiovascular Disease,North,18-34
9090,22,Male,High,Respiratory Disease,North,18-34
9091,29,Female,Medium,Diabetes,North,18-34
9092,55,Female,Low,Cardiovascular Disease,East,50-64
9093,72,Male,Medium,Hypertension,East,65-90
9094,18,Male,Medium,No Major Chronic Condition,Central,18-34
9095,42,Female,Medium,Diabetes,South,35-49
9096,26,Female,Low,No Major Chronic Condition,East,18-34
9097,47,Male,Medium,No Major Chronic Condition,West,35-49
9098,72,Male,Low,Respiratory Disease,West,65-90
9099,44,Male,Medium,Chronic Kidney Disease,South,35-49
9100,51,Female,Low,Diabetes,West,50-64
9101,80,Female,Low,Hypertension,Central,65-90
9102,61,Female,Medium,Diabetes,West,50-64
9103,38,Female,Medium,Respiratory Disease,South,35-49
9104,55,Male,Low,No Major Chronic Condition,West,50-64
9105,36,Male,High,Diabetes,West,35-49
9106,60,Male,Medium,Cardiovascular Disease,South,50-64
9107,62,Female,High,Chronic Kidney Disease,West,50-64
9108,26,Female,Low,Cardiovascular Disease,North,18-34
9109,55,Unknown,Medium,Cardiovascular Disease,South,50-64
9110,50,Female,Medium,Cardiovascular Disease,North,50-64
9111,62,Female,Medium,Respiratory Disease,North,50-64
9112,68,Female,Low,Diabetes,North,65-90
9113,61,Female,Low,Respiratory Disease,Central,50-64
9114,46,Female,High,Cardiovascular Disease,North,35-49
9115,70,Female,High,Diabetes,North,65-90
9116,35,Male,Low,Cardiovascular Disease,West,35-49
9117,27,Female,Low,Cardiovascular Disease,West,18-34
9118,18,Male,Low,Respiratory Disease,West,18-34
9119,51,Male,Medium,Respiratory Disease,Central,50-64
9120,36,Male,Low,Cardiovascular Disease,West,35-49
9121,60,Female,Medium,No Major Chronic Condition,West,50-64
9122,18,Female,Low,Hypertension,East,18-34
9123,40,Female,Medium,Cardiovascular Disease,East,35-49
9124,61,Female,High,Cardiovascular Disease,West,50-64
9125,32,Male,Low,Cardiovascular Disease,South,18-34
9126,60,Female,High,No Major Chronic Condition,North,50-64
9127,41,Female,High,Chronic Kidney Disease,South,35-49
9128,51,Male,Medium,Diabetes,South,50-64
9129,63,Male,Low,Cardiovascular Disease,North,50-64
9130,70,Male,Medium,Diabetes,West,65-90
9131,54,Female,Low,Chronic Kidney Disease,West,50-64
9132,37,Male,High,No Major Chronic Condition,North,35-49
9133,43,Male,Medium,Respiratory Disease,East,35-49
9134,64,Male,Medium,Hypertension,South,50-64
9135,33,Male,Medium,Diabetes,East,18-34
9136,49,Female,Low,Hypertension,North,35-49
9137,45,Male,Medium,Cardiovascular Disease,Central,35-49
9138,50,Male,High,No Major Chronic Condition,North,50-64
9139,33,Male,Medium,Cardiovascular Disease,West,18-34
9140,18,Female,Low,No Major Chronic Condition,North,18-34
9141,62,Male,High,Hypertension,West,50-64
9142,70,Female,Low,Diabetes,South,65-90
9143,18,Male,High,Respiratory Disease,West,18-34
9144,59,Female,Low,Hypertension,Central,50-64
9145,73,Male,Medium,Hypertension,Central,65-90
9146,63,Male,Medium,Diabetes,Central,50-64
9147,44,Female,Low,Cardiovascular Disease,South,35-49
9148,34,Male,Low,Hypertension,South,18-34
9149,54,Male,Low,No Major Chronic Condition,Central,50-64
9150,57,Female,Medium,No Major Chronic Condition,Central,50-64
9151,54,Female,Medium,Chronic Kidney Disease,East,50-64
9152,49,Female,Low,Hypertension,South,35-49
9153,31,Male,Medium,Diabetes,North,18-34
9154,60,Female,High,Chronic Kidney Disease,South,50-64
9155,61,Female,Low,Diabetes,East,50-64
9156,56,Female,Medium,Cardiovascular Disease,West,50-64
9157,54,Female,High,Diabetes,South,50-64
9158,84,Female,Medium,Respiratory Disease,South,65-90
9159,40,Male,High,Respiratory Disease,North,35-49
9160,76,Female,Medium,Cardiovascular Disease,North,65-90
9161,38,Male,Medium,Chronic Kidney Disease,West,35-49
9162,73,Male,Medium,Hypertension,North,65-90
9163,75,Male,Low,Hypertension,Central,65-90
9164,46,Female,Medium,Cardiovascular Disease,North,35-49
9165,84,Male,Medium,Chronic Kidney Disease,West,65-90
9166,61,Male,Low,Diabetes,North,50-64
9167,35,Female,Medium,No Major Chronic Condition,West,35-49
9168,45,Female,Medium,Hypertension,West,35-49
9169,74,Female,Low,Diabetes,South,65-90
9170,70,Male,Medium,Respiratory Disease,East,65-90
9171,32,Female,Low,Hypertension,West,18-34
9172,49,Male,Low,Cardiovascular Disease,North,35-49
9173,56,Male,Medium,Diabetes,East,50-64
9174,42,Male,Low,Cardiovascular Disease,East,35-49
9175,90,Male,Medium,Hypertension,West,65-90
9176,56,Male,Low,Diabetes,South,50-64
9177,51,Female,High,Hypertension,West,50-64
9178,75,Female,High,No Major Chronic Condition,Central,65-90
9179,45,Male,Low,No Major Chronic Condition,West,35-49
9180,71,Female,Low,Hypertension,North,65-90
9181,20,Male,Low,No Major Chronic Condition,North,18-34
9182,43,Female,Low,Diabetes,South,35-49
9183,72,Female,Medium,No Major Chronic Condition,South,65-90
9184,82,Male,Medium,No Major Chronic Condition,South,65-90
9185,37,Male,Medium,Respiratory Disease,South,35-49
9186,35,Male,High,Diabetes,Central,35-49
9187,63,Female,High,No Major Chronic Condition,West,50-64
9188,40,Female,Medium,Cardiovascular Disease,North,35-49
9189,47,Male,Medium,Diabetes,South,35-49
9190,69,Male,Medium,No Major Chronic Condition,West,65-90
9191,42,Female,Medium,Cardiovascular Disease,North,35-49
9192,18,Male,Low,Cardiovascular Disease,North,18-34
9193,27,Female,Low,Respiratory Disease,Central,18-34
9194,52,Male,Low,No Major Chronic Condition,West,50-64
9195,18,Female,Low,Cardiovascular Disease,Central,18-34
9196,46,Male,Medium,No Major Chronic Condition,West,35-49
9197,26,Female,Medium,Diabetes,West,18-34
9198,83,Male,Medium,Respiratory Disease,West,65-90
9199,90,Male,High,Cardiovascular Disease,East,65-90
9200,32,Female,Low,Hypertension,South,18-34
9201,57,Female,High,Hypertension,North,50-64
9202,34,Male,Low,Diabetes,East,18-34
9203,46,Male,Low,Hypertension,South,35-49
9204,86,Male,Low,Chronic Kidney Disease,West,65-90
9205,43,Male,Low,Hypertension,East,35-49
9206,47,Female,Low,Chronic Kidney Disease,Central,35-49
9207,34,Male,Medium,No Major Chronic Condition,South,18-34
9208,74,Female,Low,Chronic Kidney Disease,South,65-90
9209,18,Male,Low,No Major Chronic Condition,South,18-34
9210,44,Male,Low,Respiratory Disease,South,35-49
9211,51,Male,Medium,No Major Chronic Condition,East,50-64
9212,39,Female,Medium,No Major Chronic Condition,North,35-49
9213,68,Female,Low,Hypertension,West,65-90
9214,75,Male,Low,Chronic Kidney Disease,North,65-90
9215,25,Female,Medium,Chronic Kidney Disease,Central,18-34
9216,90,Male,Medium,No Major Chronic Condition,South,65-90
9217,25,Male,Medium,Hypertension,East,18-34
9218,76,Female,Medium,Cardiovascular Disease,Central,65-90
9219,55,Female,Low,No Major Chronic Condition,West,50-64
9220,42,Male,Medium,No Major Chronic Condition,South,35-49
9221,44,Male,Medium,Hypertension,South,35-49
9222,51,Female,Medium,Cardiovascular Disease,North,50-64
9223,56,Female,Low,Hypertension,West,50-64
9224,35,Female,Medium,Chronic Kidney Disease,West,35-49
9225,48,Male,Medium,Diabetes,Central,35-49
9226,37,Male,Medium,No Major Chronic Condition,South,35-49
9227,29,Male,Medium,Respiratory Disease,North,18-34
9228,36,Male,Medium,Hypertension,South,35-49
9229,30,Male,Low,Diabetes,Central,18-34
9230,44,Male,Low,Respiratory Disease,Central,35-49
9231,60,Female,Low,Respiratory Disease,South,50-64
9232,54,Male,Medium,Chronic Kidney Disease,East,50-64
9233,90,Male,Medium,Cardiovascular Disease,West,65-90
9234,18,Male,Medium,Cardiovascular Disease,East,18-34
9235,61,Male,Medium,Hypertension,Central,50-64
9236,52,Female,Medium,Diabetes,West,50-64
9237,67,Male,Medium,Hypertension,West,65-90
9238,66,Male,Low,Hypertension,East,65-90
9239,49,Male,Low,No Major Chronic Condition,South,35-49
9240,55,Female,Low,Diabetes,North,50-64
9241,38,Male,Medium,Respiratory Disease,Central,35-49
9242,64,Male,Low,Diabetes,South,50-64
9243,18,Male,Low,Diabetes,South,18-34
9244,67,Female,Low,Hypertension,West,65-90
9245,52,Male,Medium,Hypertension,North,50-64
9246,43,Male,High,Diabetes,West,35-49
9247,48,Male,High,No Major Chronic Condition,East,35-49
9248,49,Male,Low,Hypertension,North,35-49
9249,77,Female,Medium,Cardiovascular Disease,North,65-90
9250,90,Male,Low,No Major Chronic Condition,South,65-90
9251,75,Female,Medium,Hypertension,South,65-90
9252,41,Female,Medium,Respiratory Disease,North,35-49
9253,64,Female,Low,No Major Chronic Condition,Central,50-64
9254,65,Female,Medium,Hypertension,Central,65-90
9255,34,Female,Medium,Diabetes,North,18-34
9256,28,Female,High,No Major Chronic Condition,East,18-34
9257,51,Female,Low,Hypertension,South,50-64
9258,67,Male,High,Hypertension,South,65-90
9259,21,Female,Low,Cardiovascular Disease,Central,18-34
9260,38,Female,Low,Diabetes,North,35-49
9261,63,Female,Medium,No Major Chronic Condition,Central,50-64
9262,53,Female,Medium,No Major Chronic Condition,South,50-64
9263,79,Female,High,No Major Chronic Condition,East,65-90
9264,25,Male,Medium,Diabetes,Central,18-34
9265,90,Male,Medium,No Major Chronic Condition,West,65-90
9266,23,Female,Low,Chronic Kidney Disease,West,18-34
9267,18,Male,High,Respiratory Disease,North,18-34
9268,51,Female,Medium,Chronic Kidney Disease,East,50-64
9269,30,Male,Medium,No Major Chronic Condition,South,18-34
9270,51,Male,Medium,Cardiovascular Disease,South,50-64
9271,51,Female,Low,Respiratory Disease,South,50-64
9272,48,Female,High,Respiratory Disease,East,35-49
9273,36,Male,Medium,Diabetes,East,35-49
9274,60,Female,High,Diabetes,North,50-64
9275,46,Female,Medium,Cardiovascular Disease,West,35-49
9276,73,Male,Medium,Respiratory Disease,South,65-90
9277,49,Male,Medium,Chronic Kidney Disease,East,35-49
9278,34,Female,Medium,No Major Chronic Condition,Central,18-34
9279,20,Male,Low,Respiratory Disease,South,18-34
9280,49,Female,Medium,Hypertension,West,35-49
9281,28,Female,Medium,Respiratory Disease,Central,18-34
9282,26,Male,High,Hypertension,East,18-34
9283,62,Male,High,No Major Chronic Condition,Central,50-64
9284,18,Male,Low,Cardiovascular Disease,North,18-34
9285,79,Male,Low,No Major Chronic Condition,South,65-90
9286,55,Male,Low,Diabetes,West,50-64
9287,51,Male,Medium,Chronic Kidney Disease,East,50-64
9288,32,Male,High,Cardiovascular Disease,South,18-34
9289,67,Female,Medium,Diabetes,South,65-90
9290,52,Male,High,Respiratory Disease,West,50-64
9291,39,Female,Medium,Hypertension,West,35-49
9292,56,Male,Medium,Hypertension,West,50-64
9293,20,Female,High,Cardiovascular Disease,Central,18-34
9294,21,Female,Low,Hypertension,East,18-34
9295,31,Male,Medium,Hypertension,West,18-34
9296,59,Male,Low,Hypertension,North,50-64
9297,52,Female,Low,Diabetes,Central,50-64
9298,72,Female,Medium,Hypertension,Central,65-90
9299,35,Male,Low,Hypertension,Central,35-49
9300,63,Male,Medium,Respiratory Disease,Central,50-64
9301,50,Female,Low,Cardiovascular Disease,West,50-64
9302,34,Female,Medium,Diabetes,North,18-34
9303,59,Female,Low,Respiratory Disease,Central,50-64
9304,51,Female,High,Diabetes,North,50-64
9305,40,Female,Medium,Hypertension,Central,35-49
9306,53,Male,Medium,Respiratory Disease,East,50-64
9307,50,Male,Medium,Respiratory Disease,South,50-64
9308,49,Female,Low,Diabetes,South,35-49
9309,44,Female,Medium,Hypertension,South,35-49
9310,27,Female,Low,Cardiovascular Disease,West,18-34
9311,53,Female,Medium,Cardiovascular Disease,West,50-64
9312,37,Female,Medium,Chronic Kidney Disease,South,35-49
9313,33,Female,Medium,No Major Chronic Condition,South,18-34
9314,47,Male,High,Diabetes,South,35-49
9315,66,Female,Low,No Major Chronic Condition,South,65-90
9316,56,Male,Medium,No Major Chronic Condition,West,50-64
9317,42,Male,Medium,No Major Chronic Condition,East,35-49
9318,41,Female,Medium,Diabetes,North,35-49
9319,64,Female,High,No Major Chronic Condition,West,50-64
9320,18,Male,Medium,Diabetes,Central,18-34
9321,67,Female,Low,Hypertension,West,65-90
9322,18,Female,Medium,Hypertension,North,18-34
9323,25,Male,Medium,Hypertension,West,18-34
9324,42,Male,High,Hypertension,North,35-49
9325,90,Male,Medium,Diabetes,North,65-90
9326,84,Female,High,Respiratory Disease,South,65-90
9327,65,Female,Low,Respiratory Disease,East,65-90
9328,59,Female,Medium,Respiratory Disease,West,50-64
9329,18,Female,Low,Cardiovascular Disease,West,18-34
9330,55,Male,Medium,Hypertension,South,50-64
9331,42,Female,High,Respiratory Disease,East,35-49
9332,36,Female,Medium,Respiratory Disease,North,35-49
9333,55,Female,Medium,Diabetes,Central,50-64
9334,43,Female,Low,No Major Chronic Condition,South,35-49
9335,69,Female,Low,Respiratory Disease,South,65-90
9336,18,Male,Medium,Respiratory Disease,Central,18-34
9337,53,Female,Medium,Respiratory Disease,South,50-64
9338,35,Male,Low,Chronic Kidney Disease,North,35-49
9339,44,Female,Medium,Respiratory Disease,Central,35-49
9340,58,Female,Medium,No Major Chronic Condition,North,50-64
9341,31,Male,Low,Diabetes,North,18-34
9342,55,Male,Low,Diabetes,East,50-64
9343,48,Female,Medium,Hypertension,South,35-49
9344,39,Female,Medium,No Major Chronic Condition,Central,35-49
9345,43,Male,High,Hypertension,West,35-49
9346,49,Male,Medium,Hypertension,East,35-49
9347,37,Female,Low,Hypertension,North,35-49
9348,52,Female,High,Cardiovascular Disease,South,50-64
9349,47,Female,Low,No Major Chronic Condition,Central,35-49
9350,40,Male,Medium,Chronic Kidney Disease,South,35-49
9351,82,Male,Medium,Diabetes,North,65-90
9352,60,Female,High,No Major Chronic Condition,South,50-64
9353,45,Female,Medium,No Major Chronic Condition,West,35-49
9354,55,Female,Low,Chronic Kidney Disease,Central,50-64
9355,32,Male,Medium,Respiratory Disease,South,18-34
9356,44,Male,Low,Chronic Kidney Disease,South,35-49
9357,46,Male,Low,Chronic Kidney Disease,West,35-49
9358,28,Male,Medium,No Major Chronic Condition,North,18-34
9359,59,Female,Medium,Respiratory Disease,South,50-64
9360,42,Male,Medium,Cardiovascular Disease,South,35-49
9361,45,Female,Low,Diabetes,South,35-49
9362,41,Female,Medium,Hypertension,North,35-49
9363,90,Female,High,Diabetes,West,65-90
9364,39,Male,Medium,Chronic Kidney Disease,South,35-49
9365,18,Female,Medium,No Major Chronic Condition,South,18-34
9366,22,Female,Medium,Diabetes,West,18-34
9367,66,Male,Medium,Cardiovascular Disease,West,65-90
9368,77,Male,Medium,Chronic Kidney Disease,East,65-90
9369,39,Female,High,Diabetes,South,35-49
9370,76,Female,Low,Cardiovascular Disease,North,65-90
9371,66,Male,Low,No Major Chronic Condition,East,65-90
9372,48,Female,Medium,Hypertension,East,35-49
9373,47,Female,Low,Respiratory Disease,South,35-49
9374,55,Female,Low,Respiratory Disease,East,50-64
9375,69,Female,Low,Chronic Kidney Disease,West,65-90
9376,60,Male,Medium,Hypertension,North,50-64
9377,39,Male,Medium,Diabetes,West,35-49
9378,49,Female,High,Diabetes,East,35-49
9379,90,Male,Low,Cardiovascular Disease,South,65-90
9380,57,Male,Medium,Diabetes,West,50-64
9381,69,Male,Low,Respiratory Disease,West,65-90
9382,62,Female,Low,Respiratory Disease,West,50-64
9383,57,Female,Medium,No Major Chronic Condition,South,50-64
9384,54,Male,Low,No Major Chronic Condition,East,50-64
9385,69,Male,Medium,Hypertension,East,65-90
9386,66,Female,Medium,Hypertension,South,65-90
9387,57,Female,Medium,Diabetes,North,50-64
9388,39,Female,Medium,No Major Chronic Condition,Central,35-49
9389,59,Female,High,Cardiovascular Disease,North,50-64
9390,51,Female,Low,Hypertension,West,50-64
9391,46,Female,High,Chronic Kidney Disease,South,35-49
9392,90,Female,Low,Hypertension,West,65-90
9393,23,Male,Medium,Cardiovascular Disease,East,18-34
9394,70,Male,High,Cardiovascular Disease,North,65-90
9395,36,Female,Low,Hypertension,North,35-49
9396,54,Female,High,No Major Chronic Condition,South,50-64
9397,90,Female,Medium,Chronic Kidney Disease,East,65-90
9398,34,Female,High,Cardiovascular Disease,East,18-34
9399,38,Male,Low,Chronic Kidney Disease,West,35-49
9400,52,Female,Medium,Diabetes,South,50-64
9401,36,Male,Low,Cardiovascular Disease,West,35-49
9402,69,Female,Low,Respiratory Disease,South,65-90
9403,42,Male,Medium,Hypertension,Central,35-49
9404,64,Male,Medium,Chronic Kidney Disease,North,50-64
9405,27,Male,Medium,Cardiovascular Disease,West,18-34
9406,18,Male,Medium,Hypertension,South,18-34
9407,48,Female,Medium,Cardiovascular Disease,West,35-49
9408,22,Female,Medium,Chronic Kidney Disease,East,18-34
9409,81,Female,Low,Diabetes,East,65-90
9410,23,Male,Medium,No Major Chronic Condition,Central,18-34
9411,32,Male,Medium,Diabetes,East,18-34
9412,60,Female,Low,Diabetes,South,50-64
9413,41,Male,Medium,No Major Chronic Condition,South,35-49
9414,23,Female,Low,Hypertension,North,18-34
9415,90,Female,Medium,Cardiovascular Disease,South,65-90
9416,33,Male,Low,Hypertension,South,18-34
9417,48,Female,Medium,Diabetes,West,35-49
9418,48,Female,Medium,Respiratory Disease,Central,35-49
9419,65,Male,High,Chronic Kidney Disease,South,65-90
9420,61,Male,Medium,Diabetes,West,50-64
9421,36,Male,High,No Major Chronic Condition,Central,35-49
9422,46,Female,Medium,Diabetes,West,35-49
9423,48,Female,Low,No Major Chronic Condition,West,35-49
9424,66,Male,Medium,Chronic Kidney Disease,West,65-90
9425,30,Male,Medium,No Major Chronic Condition,South,18-34
9426,90,Female,Low,No Major Chronic Condition,Central,65-90
9427,38,Male,Medium,No Major Chronic Condition,South,35-49
9428,52,Male,Low,No Major Chronic Condition,North,50-64
9429,30,Male,High,No Major Chronic Condition,West,18-34
9430,27,Male,Medium,No Major Chronic Condition,South,18-34
9431,35,Female,Low,Diabetes,North,35-49
9432,34,Male,Medium,No Major Chronic Condition,North,18-34
9433,44,Female,High,Respiratory Disease,South,35-49
9434,33,Female,High,No Major Chronic Condition,South,18-34
9435,65,Female,High,Chronic Kidney Disease,North,65-90
9436,37,Female,High,Hypertension,North,35-49
9437,35,Female,Low,Diabetes,East,35-49
9438,45,Male,Medium,Hypertension,North,35-49
9439,71,Female,Medium,Cardiovascular Disease,West,65-90
9440,56,Female,High,Respiratory Disease,West,50-64
9441,50,Male,Low,Hypertension,West,50-64
9442,25,Female,Medium,Hypertension,South,18-34
9443,30,Female,Low,Hypertension,East,18-34
9444,28,Male,High,No Major Chronic Condition,North,18-34
9445,77,Male,Low,Hypertension,Central,65-90
9446,62,Male,High,Diabetes,North,50-64
9447,36,Female,High,Respiratory Disease,South,35-49
9448,41,Male,Low,Diabetes,North,35-49
9449,36,Male,Medium,Chronic Kidney Disease,Central,35-49
9450,35,Male,Low,No Major Chronic Condition,North,35-49
9451,61,Female,Medium,Diabetes,North,50-64
9452,47,Male,Low,No Major Chronic Condition,North,35-49
9453,90,Male,Medium,Chronic Kidney Disease,Central,65-90
9454,76,Female,Low,Diabetes,South,65-90
9455,77,Female,Medium,Hypertension,Central,65-90
9456,65,Female,Medium,Hypertension,Central,65-90
9457,44,Male,Medium,Hypertension,West,35-49
9458,63,Female,Low,Hypertension,North,50-64
9459,45,Male,Low,No Major Chronic Condition,Central,35-49
9460,83,Female,Low,Hypertension,South,65-90
9461,60,Male,High,No Major Chronic Condition,East,50-64
9462,57,Female,Medium,Respiratory Disease,West,50-64
9463,54,Male,Medium,Cardiovascular Disease,West,50-64
9464,85,Male,High,Chronic Kidney Disease,Central,65-90
9465,25,Male,Low,No Major Chronic Condition,Central,18-34
9466,87,Male,Medium,No Major Chronic Condition,South,65-90
9467,48,Male,High,Diabetes,North,35-49
9468,25,Male,Medium,Hypertension,Central,18-34
9469,38,Female,Low,Diabetes,North,35-49
9470,21,Male,Medium,Diabetes,East,18-34
9471,64,Female,High,Diabetes,North,50-64
9472,32,Male,Medium,Chronic Kidney Disease,South,18-34
9473,55,Male,Medium,Diabetes,East,50-64
9474,74,Male,Medium,No Major Chronic Condition,West,65-90
9475,39,Female,Medium,No Major Chronic Condition,Central,35-49
9476,47,Female,Low,Cardiovascular Disease,Central,35-49
9477,27,Male,High,Cardiovascular Disease,East,18-34
9478,45,Female,Low,Chronic Kidney Disease,South,35-49
9479,90,Male,High,Diabetes,East,65-90
9480,67,Female,Medium,Hypertension,South,65-90
9481,47,Female,Medium,Diabetes,East,35-49
9482,40,Male,High,Diabetes,Central,35-49
9483,51,Female,Medium,Respiratory Disease,East,50-64
9484,54,Female,Low,Hypertension,North,50-64
9485,44,Female,Medium,Hypertension,West,35-49
9486,62,Male,Low,Chronic Kidney Disease,South,50-64
9487,34,Male,Low,Respiratory Disease,South,18-34
9488,34,Male,Medium,Hypertension,West,18-34
9489,59,Female,High,Diabetes,North,50-64
9490,30,Female,High,Diabetes,East,18-34
9491,66,Female,Medium,Cardiovascular Disease,West,65-90
9492,52,Female,Medium,Cardiovascular Disease,South,50-64
9493,18,Female,Low,No Major Chronic Condition,East,18-34
9494,54,Female,Low,Diabetes,East,50-64
9495,20,Female,Medium,No Major Chronic Condition,West,18-34
9496,65,Male,Medium,Hypertension,Central,65-90
9497,47,Female,Medium,Hypertension,Central,35-49
9498,87,Female,Low,No Major Chronic Condition,South,65-90
9499,72,Female,Medium,No Major Chronic Condition,East,65-90
9500,32,Male,Low,Cardiovascular Disease,North,18-34
9501,18,Male,Medium,Diabetes,North,18-34
9502,38,Male,Low,Respiratory Disease,South,35-49
9503,29,Male,Medium,No Major Chronic Condition,South,18-34
9504,87,Female,Medium,Hypertension,East,65-90
9505,52,Female,Low,Diabetes,West,50-64
9506,70,Male,Medium,Cardiovascular Disease,South,65-90
9507,47,Male,Medium,No Major Chronic Condition,Central,35-49
9508,49,Male,Low,Cardiovascular Disease,West,35-49
9509,51,Female,Medium,Hypertension,West,50-64
9510,73,Male,High,No Major Chronic Condition,South,65-90
9511,58,Male,Low,No Major Chronic Condition,South,50-64
9512,32,Female,Low,Respiratory Disease,North,18-34
9513,83,Female,Medium,Diabetes,South,65-90
9514,46,Male,Medium,Hypertension,Central,35-49
9515,43,Male,High,Respiratory Disease,South,35-49
9516,18,Female,Low,No Major Chronic Condition,South,18-34
9517,64,Female,High,Cardiovascular Disease,East,50-64
9518,54,Male,Medium,Hypertension,West,50-64
9519,54,Male,Low,No Major Chronic Condition,Central,50-64
9520,44,Male,Medium,Hypertension,North,35-49
9521,41,Female,Medium,No Major Chronic Condition,West,35-49
9522,45,Female,Low,Cardiovascular Disease,South,35-49
9523,61,Male,Low,Respiratory Disease,South,50-64
9524,64,Female,Low,Diabetes,East,50-64
9525,48,Female,Medium,Hypertension,East,35-49
9526,70,Male,Low,No Major Chronic Condition,North,65-90
9527,50,Female,Low,Chronic Kidney Disease,North,50-64
9528,42,Male,Low,Cardiovascular Disease,East,35-49
9529,56,Female,Medium,Cardiovascular Disease,West,50-64
9530,26,Male,High,Diabetes,East,18-34
9531,56,Male,Low,No Major Chronic Condition,South,50-64
9532,23,Female,High,Diabetes,East,18-34
9533,32,Male,Medium,Hypertension,Central,18-34
9534,18,Female,High,Cardiovascular Disease,Central,18-34
9535,49,Male,Medium,Respiratory Disease,South,35-49
9536,83,Female,Medium,Cardiovascular Disease,North,65-90
9537,50,Male,Medium,No Major Chronic Condition,West,50-64
9538,64,Female,Medium,No Major Chronic Condition,North,50-64
9539,90,Male,High,No Major Chronic Condition,West,65-90
9540,60,Female,High,Cardiovascular Disease,South,50-64
9541,37,Female,Medium,Hypertension,North,35-49
9542,40,Female,Medium,No Major Chronic Condition,West,35-49
9543,52,Female,Medium,Diabetes,South,50-64
9544,40,Female,Medium,No Major Chronic Condition,North,35-49
9545,41,Female,Medium,Diabetes,West,35-49
9546,71,Male,Medium,No Major Chronic Condition,North,65-90
9547,71,Female,Low,No Major Chronic Condition,South,65-90
9548,21,Female,High,Respiratory Disease,South,18-34
9549,36,Male,Low,No Major Chronic Condition,North,35-49
9550,43,Male,Low,Diabetes,North,35-49
9551,63,Female,Low,Hypertension,North,50-64
9552,74,Female,Low,Hypertension,South,65-90
9553,90,Female,Medium,No Major Chronic Condition,Central,65-90
9554,43,Male,Low,Cardiovascular Disease,West,35-49
9555,44,Male,Low,Diabetes,West,35-49
9556,63,Male,Low,Hypertension,West,50-64
9557,39,Male,Low,No Major Chronic Condition,West,35-49
9558,49,Male,High,No Major Chronic Condition,East,35-49
9559,44,Male,Medium,No Major Chronic Condition,Central,35-49
9560,18,Male,Low,Diabetes,East,18-34
9561,54,Male,Medium,Chronic Kidney Disease,West,50-64
9562,49,Male,Medium,Cardiovascular Disease,North,35-49
9563,76,Male,Medium,Chronic Kidney Disease,West,65-90
9564,52,Female,Low,No Major Chronic Condition,South,50-64
9565,28,Female,Medium,Hypertension,West,18-34
9566,47,Female,Low,Cardiovascular Disease,West,35-49
9567,18,Female,Low,Hypertension,North,18-34
9568,29,Male,High,Cardiovascular Disease,South,18-34
9569,64,Male,Medium,Hypertension,Central,50-64
9570,47,Female,Low,Hypertension,North,35-49
9571,70,Female,Low,Hypertension,West,65-90
9572,18,Female,Medium,Hypertension,South,18-34
9573,47,Male,Low,Respiratory Disease,East,35-49
9574,43,Male,Medium,Respiratory Disease,Central,35-49
9575,70,Female,Low,No Major Chronic Condition,West,65-90
9576,65,Female,Low,Hypertension,South,65-90
9577,64,Male,Medium,Respiratory Disease,West,50-64
9578,81,Male,Low,No Major Chronic Condition,South,65-90
9579,45,Male,Medium,Cardiovascular Disease,North,35-49
9580,77,Female,Low,No Major Chronic Condition,East,65-90
9581,32,Female,High,No Major Chronic Condition,Central,18-34
9582,31,Male,Medium,No Major Chronic Condition,West,18-34
9583,66,Female,Low,Diabetes,East,65-90
9584,23,Male,Low,Diabetes,North,18-34
9585,63,Male,Medium,Hypertension,North,50-64
9586,54,Female,Medium,Chronic Kidney Disease,South,50-64
9587,72,Female,Medium,Chronic Kidney Disease,Central,65-90
9588,51,Male,Low,Diabetes,East,50-64
9589,53,Male,Medium,Cardiovascular Disease,West,50-64
9590,62,Female,Low,Cardiovascular Disease,North,50-64
9591,39,Male,Low,Chronic Kidney Disease,East,35-49
9592,39,Female,Low,Hypertension,South,35-49
9593,61,Male,Medium,Hypertension,Central,50-64
9594,51,Male,Medium,Respiratory Disease,North,50-64
9595,44,Female,Low,Diabetes,North,35-49
9596,50,Male,Low,Chronic Kidney Disease,North,50-64
9597,82,Male,Medium,Cardiovascular Disease,North,65-90
9598,44,Male,Medium,Cardiovascular Disease,South,35-49
9599,43,Female,Medium,No Major Chronic Condition,Central,35-49
9600,20,Male,Medium,Diabetes,Central,18-34
9601,51,Male,Medium,Hypertension,East,50-64
9602,64,Female,Medium,No Major Chronic Condition,West,50-64
9603,68,Female,High,No Major Chronic Condition,South,65-90
9604,54,Unknown,High,Hypertension,Central,50-64
9605,70,Male,Medium,Chronic Kidney Disease,South,65-90
9606,66,Female,Medium,Cardiovascular Disease,South,65-90
9607,73,Male,Low,Respiratory Disease,North,65-90
9608,71,Female,Low,No Major Chronic Condition,Central,65-90
9609,82,Male,Low,Diabetes,South,65-90
9610,49,Female,Medium,Respiratory Disease,South,35-49
9611,27,Female,High,Hypertension,South,18-34
9612,65,Male,Medium,Cardiovascular Disease,East,65-90
9613,67,Male,Medium,Hypertension,East,65-90
9614,82,Female,Low,No Major Chronic Condition,West,65-90
9615,76,Male,High,Respiratory Disease,West,65-90
9616,89,Male,Low,No Major Chronic Condition,West,65-90
9617,64,Male,High,Hypertension,East,50-64
9618,56,Female,Low,Hypertension,East,50-64
9619,26,Female,Low,No Major Chronic Condition,Central,18-34
9620,58,Male,Medium,Hypertension,South,50-64
9621,42,Male,Low,No Major Chronic Condition,South,35-49
9622,56,Female,Low,Chronic Kidney Disease,West,50-64
9623,53,Female,Medium,No Major Chronic Condition,West,50-64
9624,61,Female,Medium,Diabetes,Central,50-64
9625,50,Female,Low,Cardiovascular Disease,South,50-64
9626,70,Male,Medium,Hypertension,East,65-90
9627,18,Female,Medium,No Major Chronic Condition,East,18-34
9628,56,Male,Low,Diabetes,West,50-64
9629,75,Male,Medium,No Major Chronic Condition,North,65-90
9630,88,Female,Medium,Respiratory Disease,Central,65-90
9631,66,Male,High,No Major Chronic Condition,North,65-90
9632,84,Female,Medium,No Major Chronic Condition,South,65-90
9633,55,Female,Medium,No Major Chronic Condition,West,50-64
9634,52,Female,Medium,Hypertension,North,50-64
9635,62,Male,Medium,No Major Chronic Condition,North,50-64
9636,52,Female,Medium,Cardiovascular Disease,Central,50-64
9637,37,Male,Medium,Respiratory Disease,West,35-49
9638,42,Female,Low,Hypertension,Central,35-49
9639,31,Female,High,No Major Chronic Condition,North,18-34
9640,62,Male,Medium,Cardiovascular Disease,North,50-64
9641,52,Male,Medium,No Major Chronic Condition,South,50-64
9642,45,Male,Medium,Cardiovascular Disease,North,35-49
9643,41,Female,Low,Respiratory Disease,South,35-49
9644,62,Female,Medium,Diabetes,Central,50-64
9645,67,Female,Medium,Diabetes,South,65-90
9646,31,Female,Medium,No Major Chronic Condition,West,18-34
9647,28,Male,Low,Chronic Kidney Disease,West,18-34
9648,70,Female,Medium,Diabetes,North,65-90
9649,26,Male,Medium,Respiratory Disease,South,18-34
9650,62,Male,Medium,No Major Chronic Condition,West,50-64
9651,83,Female,Low,Respiratory Disease,North,65-90
9652,83,Female,Medium,Cardiovascular Disease,East,65-90
9653,66,Male,Low,No Major Chronic Condition,West,65-90
9654,65,Female,Medium,Diabetes,South,65-90
9655,90,Female,Medium,Respiratory Disease,South,65-90
9656,18,Female,Medium,Cardiovascular Disease,West,18-34
9657,43,Male,High,Respiratory Disease,South,35-49
9658,68,Male,Low,Hypertension,East,65-90
9659,46,Male,Medium,Diabetes,North,35-49
9660,76,Female,Medium,No Major Chronic Condition,West,65-90
9661,51,Male,Medium,No Major Chronic Condition,East,50-64
9662,55,Female,Medium,No Major Chronic Condition,Central,50-64
9663,47,Male,High,No Major Chronic Condition,West,35-49
9664,42,Male,Medium,Diabetes,East,35-49
9665,42,Male,Low,Respiratory Disease,East,35-49
9666,57,Female,Low,Hypertension,South,50-64
9667,37,Male,High,Hypertension,South,35-49
9668,70,Female,Low,Hypertension,West,65-90
9669,64,Female,Medium,Diabetes,East,50-64
9670,73,Male,High,Diabetes,Central,65-90
9671,31,Female,Medium,Diabetes,East,18-34
9672,20,Female,Low,Chronic Kidney Disease,North,18-34
9673,52,Male,Medium,No Major Chronic Condition,North,50-64
9674,90,Male,Medium,Hypertension,North,65-90
9675,76,Male,High,Diabetes,Central,65-90
9676,41,Female,Medium,Hypertension,South,35-49
9677,60,Male,Medium,No Major Chronic Condition,West,50-64
9678,66,Female,Low,Hypertension,South,65-90
9679,26,Male,Low,Chronic Kidney Disease,Central,18-34
9680,78,Female,Medium,Hypertension,East,65-90
9681,49,Female,Medium,No Major Chronic Condition,Central,35-49
9682,50,Male,Medium,Respiratory Disease,West,50-64
9683,52,Female,High,Hypertension,South,50-64
9684,74,Male,Low,No Major Chronic Condition,East,65-90
9685,38,Female,Low,Cardiovascular Disease,South,35-49
9686,20,Female,Medium,Hypertension,North,18-34
9687,58,Female,Medium,Respiratory Disease,South,50-64
9688,18,Female,Medium,Cardiovascular Disease,South,18-34
9689,46,Female,Medium,No Major Chronic Condition,East,35-49
9690,75,Female,Low,Hypertension,West,65-90
9691,63,Female,Medium,No Major Chronic Condition,Central,50-64
9692,72,Male,High,No Major Chronic Condition,East,65-90
9693,64,Male,High,Chronic Kidney Disease,West,50-64
9694,90,Female,Medium,Diabetes,East,65-90
9695,41,Female,Medium,Diabetes,South,35-49
9696,60,Female,Medium,No Major Chronic Condition,South,50-64
9697,44,Female,Medium,Respiratory Disease,Central,35-49
9698,70,Female,Low,No Major Chronic Condition,North,65-90
9699,51,Female,Medium,Cardiovascular Disease,South,50-64
9700,85,Male,High,Respiratory Disease,West,65-90
9701,42,Male,High,No Major Chronic Condition,South,35-49
9702,79,Female,Medium,Chronic Kidney Disease,North,65-90
9703,63,Female,Low,Hypertension,South,50-64
9704,51,Female,Medium,No Major Chronic Condition,North,50-64
9705,62,Female,Low,Hypertension,South,50-64
9706,57,Male,Low,Cardiovascular Disease,South,50-64
9707,59,Female,Medium,Hypertension,Central,50-64
9708,48,Female,Medium,No Major Chronic Condition,West,35-49
9709,39,Female,Medium,No Major Chronic Condition,North,35-49
9710,46,Male,Medium,No Major Chronic Condition,North,35-49
9711,20,Female,Medium,Cardiovascular Disease,Central,18-34
9712,68,Male,Low,Chronic Kidney Disease,West,65-90
9713,29,Female,Low,Hypertension,East,18-34
9714,48,Female,Medium,Hypertension,East,35-49
9715,64,Female,High,No Major Chronic Condition,North,50-64
9716,68,Female,High,Diabetes,South,65-90
9717,18,Female,Low,Diabetes,South,18-34
9718,50,Female,Medium,Chronic Kidney Disease,South,50-64
9719,61,Female,High,No Major Chronic Condition,Central,50-64
9720,53,Female,Low,Hypertension,North,50-64
9721,78,Female,Medium,Chronic Kidney Disease,North,65-90
9722,36,Male,Medium,No Major Chronic Condition,Central,35-49
9723,18,Male,Medium,Diabetes,Central,18-34
9724,67,Male,Low,No Major Chronic Condition,South,65-90
9725,42,Male,Low,Respiratory Disease,South,35-49
9726,19,Female,Low,Cardiovascular Disease,East,18-34
9727,49,Male,Medium,Diabetes,South,35-49
9728,75,Female,Low,Hypertension,Central,65-90
9729,28,Female,Medium,No Major Chronic Condition,South,18-34
9730,90,Male,Medium,Respiratory Disease,North,65-90
9731,36,Female,Low,Diabetes,East,35-49
9732,54,Female,Low,Hypertension,West,50-64
9733,29,Female,Low,No Major Chronic Condition,Central,18-34
9734,53,Female,High,Cardiovascular Disease,East,50-64
9735,49,Female,Low,Diabetes,North,35-49
9736,24,Male,Medium,No Major Chronic Condition,West,18-34
9737,90,Female,Medium,Hypertension,North,65-90
9738,43,Female,Low,No Major Chronic Condition,North,35-49
9739,43,Female,High,Diabetes,South,35-49
9740,70,Male,Medium,Hypertension,North,65-90
9741,86,Male,Medium,Hypertension,South,65-90
9742,73,Male,Low,No Major Chronic Condition,West,65-90
9743,29,Female,Low,No Major Chronic Condition,North,18-34
9744,56,Female,Low,Hypertension,East,50-64
9745,18,Female,Medium,No Major Chronic Condition,South,18-34
9746,69,Male,High,No Major Chronic Condition,East,65-90
9747,21,Male,Medium,Cardiovascular Disease,East,18-34
9748,37,Male,Low,Cardiovascular Disease,North,35-49
9749,52,Female,Low,Cardiovascular Disease,Central,50-64
9750,60,Male,Medium,Diabetes,East,50-64
9751,47,Female,Low,No Major Chronic Condition,Central,35-49
9752,81,Female,Medium,Chronic Kidney Disease,Central,65-90
9753,66,Female,High,No Major Chronic Condition,South,65-90
9754,64,Male,Medium,No Major Chronic Condition,Central,50-64
9755,29,Male,Low,No Major Chronic Condition,West,18-34
9756,84,Female,Low,No Major Chronic Condition,South,65-90
9757,37,Male,Medium,No Major Chronic Condition,West,35-49
9758,85,Female,Low,Respiratory Disease,South,65-90
9759,90,Female,High,No Major Chronic Condition,East,65-90
9760,62,Female,Medium,No Major Chronic Condition,South,50-64
9761,72,Female,Medium,Hypertension,West,65-90
9762,18,Male,Medium,Respiratory Disease,Central,18-34
9763,48,Female,Low,Chronic Kidney Disease,North,35-49
9764,73,Female,Low,Diabetes,East,65-90
9765,70,Female,Medium,Cardiovascular Disease,North,65-90
9766,29,Male,Low,Diabetes,Central,18-34
9767,46,Male,Low,Hypertension,South,35-49
9768,18,Male,High,Cardiovascular Disease,North,18-34
9769,60,Female,Medium,Hypertension,West,50-64
9770,18,Female,Low,No Major Chronic Condition,West,18-34
9771,73,Female,High,Respiratory Disease,South,65-90
9772,74,Male,Low,Hypertension,East,65-90
9773,43,Female,High,Diabetes,West,35-49
9774,62,Male,Medium,Hypertension,North,50-64
9775,48,Male,Medium,Cardiovascular Disease,South,35-49
9776,57,Male,Medium,No Major Chronic Condition,East,50-64
9777,30,Male,Low,Respiratory Disease,West,18-34
9778,64,Female,High,Diabetes,East,50-64
9779,21,Female,Low,Cardiovascular Disease,East,18-34
9780,18,Female,High,No Major Chronic Condition,West,18-34
9781,50,Female,Low,No Major Chronic Condition,North,50-64
9782,48,Male,Low,No Major Chronic Condition,South,35-49
9783,57,Female,Low,Hypertension,East,50-64
9784,40,Male,Medium,Diabetes,South,35-49
9785,88,Male,Medium,Cardiovascular Disease,Central,65-90
9786,55,Female,Medium,Hypertension,Central,50-64
9787,56,Female,High,Chronic Kidney Disease,South,50-64
9788,56,Female,Medium,Diabetes,South,50-64
9789,71,Female,Medium,No Major Chronic Condition,South,65-90
9790,63,Male,Low,Chronic Kidney Disease,South,50-64
9791,60,Male,Medium,No Major Chronic Condition,Central,50-64
9792,66,Male,High,No Major Chronic Condition,South,65-90
9793,18,Female,Medium,Cardiovascular Disease,South,18-34
9794,18,Male,Medium,Chronic Kidney Disease,East,18-34
9795,51,Male,Low,No Major Chronic Condition,East,50-64
9796,48,Male,Low,Hypertension,West,35-49
9797,63,Male,Medium,Diabetes,West,50-64
9798,52,Male,Low,Hypertension,West,50-64
9799,63,Female,High,Cardiovascular Disease,East,50-64
9800,28,Male,Low,Respiratory Disease,North,18-34
9801,52,Female,Low,Hypertension,West,50-64
9802,27,Female,Low,Cardiovascular Disease,East,18-34
9803,59,Female,Medium,Respiratory Disease,South,50-64
9804,18,Female,Medium,No Major Chronic Condition,Central,18-34
9805,59,Female,High,Hypertension,West,50-64
9806,24,Female,Medium,No Major Chronic Condition,South,18-34
9807,45,Male,Low,No Major Chronic Condition,Central,35-49
9808,69,Male,Medium,Cardiovascular Disease,West,65-90
9809,56,Male,Medium,Respiratory Disease,Central,50-64
9810,21,Male,Medium,Diabetes,West,18-34
9811,39,Female,Medium,Chronic Kidney Disease,West,35-49
9812,23,Male,Medium,No Major Chronic Condition,South,18-34
9813,20,Male,Low,Diabetes,South,18-34
9814,54,Female,Low,No Major Chronic Condition,West,50-64
9815,63,Male,High,Diabetes,West,50-64
9816,60,Male,Low,No Major Chronic Condition,Central,50-64
9817,63,Female,Low,Respiratory Disease,North,50-64
9818,52,Male,Low,Hypertension,West,50-64
9819,47,Female,Low,No Major Chronic Condition,South,35-49
9820,32,Male,High,Respiratory Disease,West,18-34
9821,44,Male,Low,Diabetes,South,35-49
9822,27,Female,Medium,No Major Chronic Condition,East,18-34
9823,36,Male,High,Diabetes,East,35-49
9824,54,Female,Low,No Major Chronic Condition,Central,50-64
9825,50,Female,Low,Diabetes,West,50-64
9826,90,Male,Low,Cardiovascular Disease,South,65-90
9827,26,Male,Low,Cardiovascular Disease,East,18-34
9828,50,Female,Low,Respiratory Disease,West,50-64
9829,25,Male,Medium,Cardiovascular Disease,South,18-34
9830,45,Female,Low,Cardiovascular Disease,South,35-49
9831,45,Female,Medium,Chronic Kidney Disease,Central,35-49
9832,68,Male,High,Diabetes,North,65-90
9833,43,Female,Low,No Major Chronic Condition,North,35-49
9834,48,Female,Low,Diabetes,East,35-49
9835,44,Male,Low,No Major Chronic Condition,South,35-49
9836,25,Male,Low,No Major Chronic Condition,East,18-34
9837,40,Male,Medium,No Major Chronic Condition,South,35-49
9838,45,Male,Medium,Hypertension,South,35-49
9839,53,Male,Low,No Major Chronic Condition,South,50-64
9840,63,Male,Low,Chronic Kidney Disease,East,50-64
9841,48,Female,Low,No Major Chronic Condition,North,35-49
9842,47,Unknown,Medium,Diabetes,South,35-49
9843,19,Female,Medium,No Major Chronic Condition,West,18-34
9844,62,Female,Medium,Respiratory Disease,West,50-64
9845,39,Female,Medium,No Major Chronic Condition,South,35-49
9846,66,Male,Medium,Cardiovascular Disease,East,65-90
9847,77,Male,Medium,Hypertension,South,65-90
9848,48,Male,Low,No Major Chronic Condition,North,35-49
9849,33,Female,Medium,Hypertension,South,18-34
9850,52,Female,Medium,Chronic Kidney Disease,West,50-64
9851,59,Female,Medium,Hypertension,Central,50-64
9852,46,Female,Medium,No Major Chronic Condition,North,35-49
9853,41,Female,Medium,Cardiovascular Disease,South,35-49
9854,63,Male,Medium,Hypertension,Central,50-64
9855,61,Female,Low,No Major Chronic Condition,East,50-64
9856,45,Male,Medium,Diabetes,Central,35-49
9857,21,Female,Low,Diabetes,West,18-34
9858,61,Male,Low,No Major Chronic Condition,Central,50-64
9859,37,Male,Low,Hypertension,West,35-49
9860,56,Male,Medium,Diabetes,North,50-64
9861,55,Female,Medium,Respiratory Disease,West,50-64
9862,18,Male,High,Hypertension,North,18-34
9863,54,Female,Medium,No Major Chronic Condition,West,50-64
9864,62,Male,Medium,No Major Chronic Condition,South,50-64
9865,64,Female,High,No Major Chronic Condition,West,50-64
9866,54,Male,Low,No Major Chronic Condition,North,50-64
9867,18,Male,Medium,No Major Chronic Condition,North,18-34
9868,76,Male,Low,Hypertension,North,65-90
9869,60,Male,Low,Chronic Kidney Disease,South,50-64
9870,29,Female,High,No Major Chronic Condition,North,18-34
9871,37,Male,Low,Chronic Kidney Disease,North,35-49
9872,56,Female,High,No Major Chronic Condition,Central,50-64
9873,65,Female,High,No Major Chronic Condition,West,65-90
9874,43,Female,High,Diabetes,East,35-49
9875,68,Female,Medium,Cardiovascular Disease,West,65-90
9876,18,Female,Medium,Hypertension,South,18-34
9877,32,Male,Medium,No Major Chronic Condition,West,18-34
9878,18,Female,Medium,No Major Chronic Condition,East,18-34
9879,35,Male,High,Respiratory Disease,North,35-49
9880,81,Female,Medium,Diabetes,West,65-90
9881,90,Male,Medium,Hypertension,Central,65-90
9882,56,Female,High,Diabetes,South,50-64
9883,40,Female,Medium,Cardiovascular Disease,North,35-49
9884,48,Male,High,No Major Chronic Condition,West,35-49
9885,61,Male,Low,Hypertension,South,50-64
9886,22,Male,Low,Chronic Kidney Disease,South,18-34
9887,41,Female,Medium,No Major Chronic Condition,North,35-49
9888,79,Male,Medium,No Major Chronic Condition,North,65-90
9889,32,Male,Medium,Diabetes,West,18-34
9890,38,Male,Low,Hypertension,Central,35-49
9891,52,Female,Low,Hypertension,East,50-64
9892,57,Female,High,Hypertension,West,50-64
9893,40,Female,Medium,Diabetes,South,35-49
9894,53,Male,Medium,Cardiovascular Disease,North,50-64
9895,64,Female,Low,No Major Chronic Condition,South,50-64
9896,89,Female,High,Hypertension,South,65-90
9897,50,Male,High,Respiratory Disease,East,50-64
9898,51,Male,Medium,Respiratory Disease,Central,50-64
9899,81,Male,Low,Diabetes,South,65-90
9900,42,Male,High,Hypertension,Central,35-49
9901,27,Female,High,Hypertension,East,18-34
9902,57,Male,Medium,Cardiovascular Disease,North,50-64
9903,72,Female,Medium,Respiratory Disease,East,65-90
9904,59,Female,Medium,Hypertension,East,50-64
9905,50,Female,Low,Diabetes,West,50-64
9906,24,Female,Medium,Hypertension,West,18-34
9907,51,Male,Medium,Diabetes,West,50-64
9908,75,Male,Medium,No Major Chronic Condition,West,65-90
9909,29,Female,High,Chronic Kidney Disease,East,18-34
9910,47,Female,Medium,Chronic Kidney Disease,South,35-49
9911,45,Female,High,Respiratory Disease,Central,35-49
9912,39,Female,Low,Hypertension,South,35-49
9913,57,Male,High,Diabetes,East,50-64
9914,60,Male,Low,Respiratory Disease,West,50-64
9915,60,Female,Low,Chronic Kidney Disease,North,50-64
9916,33,Female,Medium,No Major Chronic Condition,East,18-34
9917,21,Male,Low,Chronic Kidney Disease,North,18-34
9918,57,Male,Low,Respiratory Disease,South,50-64
9919,42,Male,Medium,No Major Chronic Condition,West,35-49
9920,87,Female,Low,No Major Chronic Condition,Central,65-90
9921,88,Male,High,No Major Chronic Condition,South,65-90
9922,90,Female,Low,Diabetes,West,65-90
9923,34,Male,Medium,Diabetes,East,18-34
9924,63,Female,Medium,Respiratory Disease,West,50-64
9925,69,Male,Medium,Cardiovascular Disease,West,65-90
9926,66,Female,Medium,Hypertension,West,65-90
9927,45,Male,Medium,No Major Chronic Condition,South,35-49
9928,76,Female,Low,Cardiovascular Disease,East,65-90
9929,52,Male,Low,Cardiovascular Disease,West,50-64
9930,54,Female,Medium,Diabetes,Central,50-64
9931,23,Unknown,Medium,Cardiovascular Disease,East,18-34
9932,64,Female,Medium,Respiratory Disease,Central,50-64
9933,47,Male,Low,Hypertension,South,35-49
9934,61,Male,High,Hypertension,West,50-64
9935,56,Female,Low,Respiratory Disease,East,50-64
9936,55,Female,High,No Major Chronic Condition,North,50-64
9937,51,Female,Low,Diabetes,East,50-64
9938,67,Female,High,Hypertension,West,65-90
9939,48,Male,Medium,Diabetes,West,35-49
9940,24,Female,Medium,Hypertension,East,18-34
9941,63,Female,Low,Chronic Kidney Disease,West,50-64
9942,37,Female,High,Hypertension,Central,35-49
9943,27,Female,Low,Hypertension,North,18-34
9944,33,Female,Medium,No Major Chronic Condition,South,18-34
9945,57,Male,Low,Hypertension,Central,50-64
9946,50,Female,Medium,Cardiovascular Disease,South,50-64
9947,18,Male,Medium,No Major Chronic Condition,West,18-34
9948,45,Male,Medium,Cardiovascular Disease,East,35-49
9949,74,Female,Medium,Diabetes,South,65-90
9950,43,Male,Medium,Diabetes,West,35-49
9951,49,Male,Medium,No Major Chronic Condition,West,35-49
9952,72,Male,Low,No Major Chronic Condition,South,65-90
9953,67,Female,Medium,Hypertension,North,65-90
9954,71,Male,Medium,Respiratory Disease,West,65-90
9955,18,Female,Low,Diabetes,West,18-34
9956,85,Male,Medium,Hypertension,North,65-90
9957,64,Female,Low,No Major Chronic Condition,North,50-64
9958,90,Female,High,Cardiovascular Disease,West,65-90
9959,37,Male,Medium,Hypertension,East,35-49
9960,18,Female,Medium,Cardiovascular Disease,West,18-34
9961,52,Female,High,No Major Chronic Condition,Central,50-64
9962,47,Male,Medium,No Major Chronic Condition,West,35-49
9963,64,Female,Low,Chronic Kidney Disease,West,50-64
9964,72,Female,Low,No Major Chronic Condition,East,65-90
9965,50,Female,Medium,No Major Chronic Condition,East,50-64
9966,47,Male,Low,No Major Chronic Condition,Central,35-49
9967,62,Male,Low,Respiratory Disease,North,50-64
9968,47,Male,Medium,Respiratory Disease,East,35-49
9969,46,Male,Low,No Major Chronic Condition,South,35-49
9970,72,Male,Low,Hypertension,West,65-90
9971,76,Male,Low,Cardiovascular Disease,West,65-90
9972,73,Male,Low,No Major Chronic Condition,South,65-90
9973,49,Male,Medium,No Major Chronic Condition,West,35-49
9974,18,Male,Low,Cardiovascular Disease,West,18-34
9975,49,Female,Low,Respiratory Disease,Central,35-49
9976,38,Female,High,No Major Chronic Condition,West,35-49
9977,50,Female,Medium,Cardiovascular Disease,West,50-64
9978,39,Female,High,Cardiovascular Disease,North,35-49
9979,52,Male,High,Diabetes,Central,50-64
9980,32,Male,Medium,Hypertension,West,18-34
9981,28,Male,Medium,Hypertension,West,18-34
9982,75,Male,Low,Cardiovascular Disease,West,65-90
9983,34,Male,Medium,No Major Chronic Condition,Central,18-34
9984,52,Male,Medium,Diabetes,East,50-64
9985,70,Female,Medium,Diabetes,North,65-90
9986,69,Female,Low,Respiratory Disease,East,65-90
9987,67,Female,High,Diabetes,South,65-90
9988,58,Female,Medium,No Major Chronic Condition,South,50-64
9989,66,Female,Medium,Hypertension,South,65-90
9990,78,Female,High,No Major Chronic Condition,West,65-90
9991,60,Female,High,Hypertension,West,50-64
9992,18,Female,Low,No Major Chronic Condition,Central,18-34
9993,42,Male,Medium,Cardiovascular Disease,Central,35-49
9994,65,Female,Medium,No Major Chronic Condition,North,65-90
9995,40,Male,Medium,Cardiovascular Disease,West,35-49
9996,83,Female,Medium,Chronic Kidney Disease,Central,65-90
9997,51,Male,Medium,Diabetes,West,50-64
9998,54,Male,High,Cardiovascular Disease,North,50-64
9999,73,Male,Low,Hypertension,Central,65-90
10000,49,Male,Low,No Major Chronic Condition,East,35-49
10001,55,Male,Medium,Cardiovascular Disease,East,50-64
10002,69,Female,Medium,Respiratory Disease,South,65-90
10003,24,Female,High,Hypertension,West,18-34
10004,47,Male,Medium,Diabetes,Central,35-49
10005,68,Female,Medium,Chronic Kidney Disease,West,65-90
10006,53,Female,Medium,Cardiovascular Disease,South,50-64
10007,80,Male,High,Cardiovascular Disease,North,65-90
10008,22,Female,Low,No Major Chronic Condition,Central,18-34
10009,20,Male,Low,Diabetes,Central,18-34
10010,67,Female,Medium,Respiratory Disease,Central,65-90
10011,68,Female,Low,Diabetes,West,65-90
10012,48,Female,High,Chronic Kidney Disease,North,35-49
10013,60,Female,Low,Respiratory Disease,East,50-64
10014,66,Male,Medium,Chronic Kidney Disease,North,65-90
10015,37,Male,High,No Major Chronic Condition,South,35-49
10016,39,Female,Low,Diabetes,North,35-49
10017,56,Female,Low,Hypertension,East,50-64
10018,69,Male,Low,Hypertension,West,65-90
10019,30,Female,High,Respiratory Disease,West,18-34
10020,48,Female,High,Hypertension,North,35-49
10021,47,Female,Medium,Cardiovascular Disease,Central,35-49
10022,60,Male,Medium,Cardiovascular Disease,North,50-64
10023,52,Female,Medium,Respiratory Disease,Central,50-64
10024,42,Female,Low,Hypertension,East,35-49
10025,76,Male,Low,No Major Chronic Condition,North,65-90
10026,42,Male,High,No Major Chronic Condition,West,35-49
10027,46,Male,Low,Hypertension,North,35-49
10028,22,Male,Medium,No Major Chronic Condition,East,18-34
10029,38,Male,Low,No Major Chronic Condition,West,35-49
10030,62,Male,Medium,Hypertension,East,50-64
10031,58,Male,Low,Respiratory Disease,West,50-64
10032,63,Female,Low,Hypertension,East,50-64
10033,62,Female,Low,No Major Chronic Condition,North,50-64
10034,90,Male,High,No Major Chronic Condition,West,65-90
10035,38,Male,Low,Respiratory Disease,Central,35-49
10036,21,Female,Medium,Respiratory Disease,South,18-34
10037,32,Male,Medium,Chronic Kidney Disease,North,18-34
10038,39,Male,Low,Cardiovascular Disease,South,35-49
10039,33,Female,Medium,Cardiovascular Disease,West,18-34
10040,54,Male,Low,Respiratory Disease,Central,50-64
10041,76,Female,Medium,No Major Chronic Condition,West,65-90
10042,81,Male,Medium,Respiratory Disease,West,65-90
10043,62,Male,High,Diabetes,South,50-64
10044,90,Male,High,Diabetes,East,65-90
10045,45,Male,Low,Cardiovascular Disease,South,35-49
10046,21,Male,Medium,Respiratory Disease,North,18-34
10047,72,Female,Medium,Hypertension,East,65-90
10048,18,Male,High,Hypertension,East,18-34
10049,38,Female,High,No Major Chronic Condition,West,35-49
10050,62,Male,Medium,No Major Chronic Condition,West,50-64
10051,50,Male,Medium,Cardiovascular Disease,East,50-64
10052,48,Male,Low,Chronic Kidney Disease,East,35-49
10053,30,Female,High,Cardiovascular Disease,West,18-34
10054,52,Female,High,Respiratory Disease,South,50-64
10055,71,Female,Low,Hypertension,South,65-90
10056,52,Female,Medium,Cardiovascular Disease,Central,50-64
10057,36,Female,Low,Respiratory Disease,West,35-49
10058,28,Female,Low,Cardiovascular Disease,Central,18-34
10059,37,Male,Medium,No Major Chronic Condition,Central,35-49
10060,59,Female,Low,Hypertension,West,50-64
10061,59,Male,Medium,Diabetes,South,50-64
10062,37,Female,Low,No Major Chronic Condition,East,35-49
10063,18,Male,Medium,Hypertension,South,18-34
10064,60,Male,Medium,Hypertension,South,50-64
10065,35,Male,Medium,Cardiovascular Disease,West,35-49
10066,65,Male,Low,Hypertension,South,65-90
10067,38,Male,Low,Chronic Kidney Disease,North,35-49
10068,33,Female,Medium,Hypertension,South,18-34
10069,55,Male,Medium,No Major Chronic Condition,West,50-64
10070,90,Female,Medium,Hypertension,East,65-90
10071,66,Male,Medium,Hypertension,North,65-90
10072,55,Male,High,Cardiovascular Disease,East,50-64
10073,59,Female,Low,Diabetes,North,50-64
10074,19,Male,Low,Diabetes,North,18-34
10075,31,Female,High,Hypertension,South,18-34
10076,18,Male,High,Diabetes,West,18-34
10077,85,Male,Low,No Major Chronic Condition,North,65-90
10078,81,Female,High,No Major Chronic Condition,South,65-90
10079,59,Male,Low,Cardiovascular Disease,South,50-64
10080,55,Female,High,Cardiovascular Disease,West,50-64
10081,23,Male,Medium,Respiratory Disease,South,18-34
10082,48,Male,Medium,Diabetes,East,35-49
10083,86,Female,High,Cardiovascular Disease,North,65-90
10084,54,Female,High,No Major Chronic Condition,West,50-64
10085,41,Female,Low,Hypertension,South,35-49
10086,19,Male,Medium,Diabetes,East,18-34
10087,78,Male,Medium,Hypertension,South,65-90
10088,51,Female,Medium,Respiratory Disease,West,50-64
10089,19,Female,Low,No Major Chronic Condition,South,18-34
10090,34,Female,Low,Hypertension,North,18-34
10091,28,Female,High,Hypertension,East,18-34
10092,49,Female,Medium,Hypertension,Central,35-49
10093,56,Male,Medium,No Major Chronic Condition,West,50-64
10094,42,Female,Medium,Cardiovascular Disease,Central,35-49
10095,67,Male,Low,Hypertension,South,65-90
10096,53,Female,Low,Diabetes,East,50-64
10097,72,Male,Low,Diabetes,West,65-90
10098,45,Female,Low,No Major Chronic Condition,South,35-49
10099,90,Female,High,Cardiovascular Disease,North,65-90
10100,41,Female,Low,Diabetes,North,35-49
10101,35,Male,Low,No Major Chronic Condition,Central,35-49
10102,33,Male,Medium,No Major Chronic Condition,West,18-34
10103,48,Female,High,Hypertension,South,35-49
10104,19,Male,Low,Hypertension,West,18-34
10105,58,Male,Low,No Major Chronic Condition,West,50-64
10106,18,Female,Medium,Diabetes,East,18-34
10107,55,Male,Medium,Hypertension,North,50-64
10108,26,Female,Medium,Cardiovascular Disease,West,18-34
10109,45,Male,Low,No Major Chronic Condition,South,35-49
10110,63,Male,High,Hypertension,South,50-64
10111,90,Female,Medium,Hypertension,East,65-90
10112,32,Male,High,Chronic Kidney Disease,South,18-34
10113,49,Female,High,No Major Chronic Condition,West,35-49
10114,38,Male,Medium,Diabetes,South,35-49
10115,35,Male,Low,Diabetes,West,35-49
10116,38,Male,Medium,Respiratory Disease,South,35-49
10117,68,Female,Medium,Hypertension,East,65-90
10118,43,Female,Low,Chronic Kidney Disease,North,35-49
10119,90,Male,Low,Diabetes,North,65-90
10120,60,Male,Low,No Major Chronic Condition,South,50-64
10121,33,Male,High,Hypertension,South,18-34
10122,45,Female,Medium,Hypertension,North,35-49
10123,37,Male,Medium,Diabetes,East,35-49
10124,67,Male,Medium,Hypertension,East,65-90
10125,21,Male,Medium,Respiratory Disease,West,18-34
10126,27,Female,High,Respiratory Disease,East,18-34
10127,41,Female,Low,No Major Chronic Condition,South,35-49
10128,65,Female,Low,Respiratory Disease,Central,65-90
10129,75,Male,Medium,Cardiovascular Disease,South,65-90
10130,78,Male,High,No Major Chronic Condition,South,65-90
10131,62,Male,High,Diabetes,North,50-64
10132,50,Female,High,Chronic Kidney Disease,North,50-64
10133,67,Male,Medium,Respiratory Disease,West,65-90
10134,30,Male,Low,Hypertension,North,18-34
10135,18,Female,Low,Respiratory Disease,South,18-34
10136,60,Female,Medium,No Major Chronic Condition,North,50-64
10137,33,Female,Medium,Hypertension,South,18-34
10138,51,Male,Medium,Respiratory Disease,West,50-64
10139,54,Female,Low,Cardiovascular Disease,South,50-64
10140,57,Female,Medium,Hypertension,North,50-64
10141,70,Male,High,Hypertension,West,65-90
10142,68,Male,Low,Hypertension,West,65-90
10143,56,Male,Medium,Hypertension,Central,50-64
10144,44,Male,Low,No Major Chronic Condition,North,35-49
10145,54,Male,Medium,Hypertension,West,50-64
10146,41,Male,Medium,Cardiovascular Disease,South,35-49
10147,48,Male,Low,Hypertension,East,35-49
10148,90,Female,Medium,Hypertension,West,65-90
10149,55,Male,Medium,Respiratory Disease,North,50-64
10150,61,Male,Low,Respiratory Disease,East,50-64
10151,39,Male,High,Cardiovascular Disease,South,35-49
10152,71,Female,Medium,Chronic Kidney Disease,North,65-90
10153,66,Female,Medium,Respiratory Disease,West,65-90
10154,67,Female,Low,Hypertension,South,65-90
10155,56,Female,Medium,Diabetes,East,50-64
10156,72,Female,Low,Hypertension,West,65-90
10157,76,Female,Low,Cardiovascular Disease,South,65-90
10158,57,Female,Medium,Hypertension,North,50-64
10159,50,Male,High,Cardiovascular Disease,North,50-64
10160,69,Male,Low,Diabetes,South,65-90
10161,35,Male,Medium,Cardiovascular Disease,Central,35-49
10162,38,Female,Medium,Hypertension,Central,35-49
10163,51,Female,Medium,No Major Chronic Condition,South,50-64
10164,19,Female,High,No Major Chronic Condition,South,18-34
10165,68,Male,Medium,No Major Chronic Condition,West,65-90
10166,34,Female,Medium,Respiratory Disease,West,18-34
10167,43,Unknown,Low,No Major Chronic Condition,East,35-49
10168,48,Female,Low,Diabetes,West,35-49
10169,53,Female,Medium,Cardiovascular Disease,North,50-64
10170,45,Female,Low,No Major Chronic Condition,Central,35-49
10171,51,Female,Low,Cardiovascular Disease,East,50-64
10172,51,Female,Low,Hypertension,East,50-64
10173,44,Male,Low,Respiratory Disease,South,35-49
10174,37,Female,Medium,No Major Chronic Condition,North,35-49
10175,73,Female,Low,Cardiovascular Disease,South,65-90
10176,18,Female,Low,Hypertension,Central,18-34
10177,48,Male,Medium,Diabetes,East,35-49
10178,43,Male,Medium,Diabetes,South,35-49
10179,60,Male,High,No Major Chronic Condition,North,50-64
10180,24,Female,High,Cardiovascular Disease,North,18-34
10181,43,Male,High,Hypertension,East,35-49
10182,50,Female,Medium,No Major Chronic Condition,Central,50-64
10183,72,Male,Low,Cardiovascular Disease,South,65-90
10184,58,Male,Low,No Major Chronic Condition,South,50-64
10185,30,Female,High,No Major Chronic Condition,South,18-34
10186,43,Female,High,Chronic Kidney Disease,East,35-49
10187,69,Male,Medium,No Major Chronic Condition,West,65-90
10188,29,Female,Medium,No Major Chronic Condition,East,18-34
10189,51,Female,Low,Diabetes,Central,50-64
10190,52,Female,Low,Hypertension,West,50-64
10191,45,Female,Medium,No Major Chronic Condition,North,35-49
10192,90,Male,Low,Respiratory Disease,North,65-90
10193,44,Female,Medium,Cardiovascular Disease,East,35-49
10194,61,Male,Medium,No Major Chronic Condition,West,50-64
10195,37,Female,High,Respiratory Disease,East,35-49
10196,62,Female,High,Hypertension,West,50-64
10197,69,Female,Low,Hypertension,North,65-90
10198,41,Male,Medium,No Major Chronic Condition,South,35-49
10199,51,Female,Medium,No Major Chronic Condition,North,50-64
10200,35,Male,Medium,No Major Chronic Condition,South,35-49
10201,30,Male,High,No Major Chronic Condition,East,18-34
10202,72,Male,Low,Diabetes,Central,65-90
10203,41,Female,Low,Hypertension,East,35-49
10204,18,Female,Medium,Hypertension,South,18-34
10205,86,Male,Medium,Hypertension,West,65-90
10206,37,Male,Medium,No Major Chronic Condition,West,35-49
10207,47,Male,Low,Diabetes,North,35-49
10208,83,Male,Low,Cardiovascular Disease,West,65-90
10209,49,Female,Medium,No Major Chronic Condition,East,35-49
10210,49,Male,Medium,No Major Chronic Condition,East,35-49
10211,29,Male,Low,Hypertension,Central,18-34
10212,21,Unknown,High,Diabetes,West,18-34
10213,49,Male,Medium,Cardiovascular Disease,West,35-49
10214,59,Female,Low,Respiratory Disease,West,50-64
10215,58,Male,Low,No Major Chronic Condition,West,50-64
10216,43,Male,Low,Cardiovascular Disease,North,35-49
10217,52,Female,Low,Hypertension,South,50-64
10218,18,Male,Medium,Chronic Kidney Disease,West,18-34
10219,61,Female,High,Cardiovascular Disease,North,50-64
10220,55,Female,Low,No Major Chronic Condition,Central,50-64
10221,89,Male,Low,Diabetes,North,65-90
10222,52,Female,High,Cardiovascular Disease,East,50-64
10223,34,Male,Medium,Cardiovascular Disease,North,18-34
10224,51,Female,Medium,Respiratory Disease,West,50-64
10225,46,Male,Medium,Hypertension,East,35-49
10226,60,Male,Low,Cardiovascular Disease,South,50-64
10227,53,Male,Low,Chronic Kidney Disease,North,50-64
10228,28,Female,High,Diabetes,East,18-34
10229,21,Male,Medium,Hypertension,South,18-34
10230,57,Female,Low,Diabetes,North,50-64
10231,78,Male,High,Hypertension,North,65-90
10232,54,Female,Medium,Cardiovascular Disease,West,50-64
10233,67,Female,Low,Diabetes,South,65-90
10234,71,Male,High,Diabetes,North,65-90
10235,57,Female,Medium,No Major Chronic Condition,North,50-64
10236,37,Female,Medium,Cardiovascular Disease,West,35-49
10237,56,Female,Low,No Major Chronic Condition,South,50-64
10238,75,Female,Low,Chronic Kidney Disease,North,65-90
10239,62,Male,High,Diabetes,North,50-64
10240,66,Male,Low,Cardiovascular Disease,North,65-90
10241,43,Female,High,Respiratory Disease,West,35-49
10242,48,Male,Medium,Diabetes,Central,35-49
10243,50,Male,Medium,Diabetes,West,50-64
10244,51,Male,High,Hypertension,East,50-64
10245,74,Male,High,Hypertension,South,65-90
10246,18,Female,High,Hypertension,South,18-34
10247,53,Female,Medium,Hypertension,West,50-64
10248,50,Male,Medium,Respiratory Disease,West,50-64
10249,26,Male,Low,Hypertension,Central,18-34
10250,65,Male,Low,No Major Chronic Condition,Central,65-90
10251,38,Female,High,Diabetes,West,35-49
10252,45,Male,High,Respiratory Disease,North,35-49
10253,87,Female,Low,No Major Chronic Condition,Central,65-90
10254,71,Male,Medium,Cardiovascular Disease,North,65-90
10255,63,Female,High,Hypertension,South,50-64
10256,59,Male,Medium,Hypertension,West,50-64
10257,49,Male,Low,Hypertension,East,35-49
10258,90,Female,Low,Diabetes,South,65-90
10259,67,Male,Medium,Respiratory Disease,East,65-90
10260,38,Male,High,Respiratory Disease,West,35-49
10261,25,Female,Low,Hypertension,South,18-34
10262,63,Female,Medium,No Major Chronic Condition,East,50-64
10263,51,Male,Medium,No Major Chronic Condition,South,50-64
10264,25,Female,High,Hypertension,South,18-34
10265,60,Female,High,Chronic Kidney Disease,South,50-64
10266,47,Male,High,Diabetes,West,35-49
10267,62,Male,Medium,No Major Chronic Condition,South,50-64
10268,60,Male,High,Chronic Kidney Disease,East,50-64
10269,40,Male,Medium,Hypertension,West,35-49
10270,64,Female,Medium,Hypertension,North,50-64
10271,43,Male,Low,Respiratory Disease,West,35-49
10272,44,Female,Medium,Hypertension,South,35-49
10273,42,Female,Low,Respiratory Disease,East,35-49
10274,73,Male,High,No Major Chronic Condition,West,65-90
10275,47,Male,Low,Cardiovascular Disease,Central,35-49
10276,78,Female,Low,Hypertension,Central,65-90
10277,86,Male,High,Respiratory Disease,Central,65-90
10278,38,Male,Medium,Respiratory Disease,North,35-49
10279,18,Female,Medium,Cardiovascular Disease,South,18-34
10280,72,Female,Medium,Diabetes,West,65-90
10281,46,Female,Low,Chronic Kidney Disease,West,35-49
10282,36,Male,Low,Diabetes,South,35-49
10283,41,Female,Medium,Cardiovascular Disease,South,35-49
10284,44,Female,High,Cardiovascular Disease,East,35-49
10285,77,Female,Medium,No Major Chronic Condition,West,65-90
10286,55,Male,Low,No Major Chronic Condition,West,50-64
10287,76,Female,Low,No Major Chronic Condition,South,65-90
10288,61,Female,Medium,No Major Chronic Condition,North,50-64
10289,46,Female,Low,Hypertension,Central,35-49
10290,45,Female,Low,Chronic Kidney Disease,South,35-49
10291,63,Female,Medium,No Major Chronic Condition,West,50-64
10292,68,Male,Medium,No Major Chronic Condition,Central,65-90
10293,71,Male,Medium,No Major Chronic Condition,Central,65-90
10294,47,Female,Low,Diabetes,South,35-49
10295,55,Male,Low,Hypertension,West,50-64
10296,63,Female,Low,No Major Chronic Condition,East,50-64
10297,45,Male,Medium,Diabetes,North,35-49
10298,30,Female,Low,Diabetes,South,18-34
10299,37,Male,High,No Major Chronic Condition,South,35-49
10300,47,Male,Low,No Major Chronic Condition,North,35-49
10301,65,Male,Medium,Hypertension,South,65-90
10302,76,Female,Low,Diabetes,South,65-90
10303,26,Male,Medium,Hypertension,West,18-34
10304,41,Male,Medium,Diabetes,Central,35-49
10305,45,Male,Low,Diabetes,West,35-49
10306,67,Female,Medium,Hypertension,West,65-90
10307,42,Female,Low,No Major Chronic Condition,North,35-49
10308,44,Female,Medium,Hypertension,East,35-49
10309,25,Female,High,Diabetes,South,18-34
10310,61,Female,Medium,Respiratory Disease,South,50-64
10311,49,Male,Medium,Diabetes,West,35-49
10312,40,Female,Low,No Major Chronic Condition,Central,35-49
10313,47,Female,Medium,Hypertension,South,35-49
10314,73,Female,Medium,Hypertension,East,65-90
10315,33,Male,Low,Hypertension,North,18-34
10316,36,Male,Low,Diabetes,West,35-49
10317,76,Male,Low,Diabetes,South,65-90
10318,53,Male,Low,No Major Chronic Condition,East,50-64
10319,65,Male,High,No Major Chronic Condition,South,65-90
10320,60,Female,Low,No Major Chronic Condition,North,50-64
10321,51,Male,Low,Chronic Kidney Disease,West,50-64
10322,45,Female,Low,Diabetes,East,35-49
10323,68,Male,Low,No Major Chronic Condition,West,65-90
10324,74,Female,Medium,Chronic Kidney Disease,Central,65-90
10325,73,Male,Low,Cardiovascular Disease,South,65-90
10326,29,Female,Low,Chronic Kidney Disease,West,18-34
10327,77,Female,Low,Respiratory Disease,South,65-90
10328,45,Male,Medium,Chronic Kidney Disease,South,35-49
10329,38,Female,Medium,No Major Chronic Condition,West,35-49
10330,49,Female,Medium,No Major Chronic Condition,Central,35-49
10331,68,Male,Low,No Major Chronic Condition,South,65-90
10332,62,Male,Low,No Major Chronic Condition,West,50-64
10333,47,Male,High,Respiratory Disease,West,35-49
10334,68,Female,Low,Hypertension,North,65-90
10335,55,Female,Medium,Chronic Kidney Disease,East,50-64
10336,41,Female,Low,Respiratory Disease,East,35-49
10337,39,Male,Low,Diabetes,North,35-49
10338,60,Male,Medium,Respiratory Disease,East,50-64
10339,50,Female,Medium,Cardiovascular Disease,Central,50-64
10340,26,Female,Low,Hypertension,West,18-34
10341,68,Female,Medium,Chronic Kidney Disease,South,65-90
10342,43,Female,Medium,No Major Chronic Condition,South,35-49
10343,82,Female,Medium,Diabetes,South,65-90
10344,25,Female,High,No Major Chronic Condition,North,18-34
10345,49,Female,Medium,Diabetes,North,35-49
10346,39,Female,Low,Respiratory Disease,West,35-49
10347,33,Female,Low,No Major Chronic Condition,East,18-34
10348,43,Male,Medium,No Major Chronic Condition,West,35-49
10349,86,Male,Low,Hypertension,West,65-90
10350,55,Female,High,No Major Chronic Condition,North,50-64
10351,37,Female,High,No Major Chronic Condition,Central,35-49
10352,18,Male,Low,Diabetes,Central,18-34
10353,19,Female,High,Hypertension,North,18-34
10354,42,Female,Low,No Major Chronic Condition,North,35-49
10355,40,Female,Low,Diabetes,West,35-49
10356,48,Female,High,Respiratory Disease,East,35-49
10357,18,Male,Medium,Cardiovascular Disease,Central,18-34
10358,50,Male,Medium,Cardiovascular Disease,South,50-64
10359,72,Female,High,Cardiovascular Disease,West,65-90
10360,83,Female,Low,Diabetes,East,65-90
10361,18,Male,Medium,Hypertension,East,18-34
10362,37,Female,High,No Major Chronic Condition,South,35-49
10363,36,Male,High,Respiratory Disease,East,35-49
10364,55,Male,Medium,Cardiovascular Disease,South,50-64
10365,29,Female,Low,Chronic Kidney Disease,South,18-34
10366,84,Female,High,Diabetes,West,65-90
10367,53,Female,Low,Diabetes,South,50-64
10368,50,Male,High,Respiratory Disease,South,50-64
10369,82,Female,Low,Diabetes,North,65-90
10370,52,Male,Low,Diabetes,West,50-64
10371,60,Male,Low,Chronic Kidney Disease,South,50-64
10372,38,Male,Medium,No Major Chronic Condition,Central,35-49
10373,26,Male,Low,Hypertension,West,18-34
10374,40,Female,Medium,Hypertension,Central,35-49
10375,90,Female,High,Chronic Kidney Disease,North,65-90
10376,64,Male,Low,No Major Chronic Condition,West,50-64
10377,57,Male,Medium,Hypertension,Central,50-64
10378,33,Male,Medium,No Major Chronic Condition,Central,18-34
10379,69,Male,Medium,No Major Chronic Condition,West,65-90
10380,26,Male,Medium,Diabetes,Central,18-34
10381,22,Female,High,Hypertension,North,18-34
10382,41,Female,Medium,Chronic Kidney Disease,North,35-49
10383,89,Male,Medium,Diabetes,East,65-90
10384,88,Male,Low,Hypertension,South,65-90
10385,43,Male,Medium,No Major Chronic Condition,Central,35-49
10386,39,Female,Low,Chronic Kidney Disease,North,35-49
10387,21,Male,Medium,Respiratory Disease,South,18-34
10388,53,Female,Medium,Respiratory Disease,South,50-64
10389,55,Female,Medium,Cardiovascular Disease,West,50-64
10390,67,Female,Medium,No Major Chronic Condition,North,65-90
10391,69,Male,Medium,No Major Chronic Condition,West,65-90
10392,48,Female,Low,No Major Chronic Condition,Central,35-49
10393,63,Female,Medium,Cardiovascular Disease,East,50-64
10394,39,Female,High,No Major Chronic Condition,North,35-49
10395,62,Female,Medium,No Major Chronic Condition,North,50-64
10396,42,Male,Low,Cardiovascular Disease,South,35-49
10397,61,Male,Medium,Hypertension,North,50-64
10398,59,Male,Low,Cardiovascular Disease,East,50-64
10399,53,Female,Medium,Cardiovascular Disease,South,50-64
10400,67,Female,Low,Diabetes,North,65-90
10401,22,Female,Medium,Hypertension,West,18-34
10402,32,Male,High,Diabetes,East,18-34
10403,47,Male,Low,Diabetes,East,35-49
10404,25,Female,Medium,Respiratory Disease,West,18-34
10405,44,Male,Low,Chronic Kidney Disease,Central,35-49
10406,45,Female,Low,Respiratory Disease,West,35-49
10407,77,Male,Medium,Chronic Kidney Disease,North,65-90
10408,55,Male,Medium,Cardiovascular Disease,South,50-64
10409,72,Male,High,No Major Chronic Condition,East,65-90
10410,58,Male,Low,No Major Chronic Condition,North,50-64
10411,42,Female,Low,Chronic Kidney Disease,Central,35-49
10412,55,Male,Medium,No Major Chronic Condition,South,50-64
10413,66,Female,Medium,Hypertension,West,65-90
10414,75,Male,Medium,Respiratory Disease,Central,65-90
10415,49,Female,Medium,No Major Chronic Condition,South,35-49
10416,21,Female,High,Diabetes,East,18-34
10417,19,Male,Low,Hypertension,South,18-34
10418,46,Female,High,Cardiovascular Disease,West,35-49
10419,18,Female,High,Cardiovascular Disease,West,18-34
10420,86,Female,Low,No Major Chronic Condition,Central,65-90
10421,63,Male,Low,No Major Chronic Condition,North,50-64
10422,40,Male,Medium,Diabetes,West,35-49
10423,31,Male,Medium,Cardiovascular Disease,East,18-34
10424,72,Male,Low,No Major Chronic Condition,South,65-90
10425,31,Female,Medium,Chronic Kidney Disease,Central,18-34
10426,33,Female,Medium,Cardiovascular Disease,Central,18-34
10427,37,Female,High,Diabetes,West,35-49
10428,54,Male,High,No Major Chronic Condition,North,50-64
10429,64,Male,High,Cardiovascular Disease,South,50-64
10430,75,Female,Medium,Diabetes,North,65-90
10431,72,Female,Medium,Diabetes,South,65-90
10432,52,Male,Low,No Major Chronic Condition,West,50-64
10433,71,Male,Medium,Respiratory Disease,South,65-90
10434,39,Male,High,Hypertension,South,35-49
10435,18,Female,High,Cardiovascular Disease,South,18-34
10436,39,Female,Medium,No Major Chronic Condition,North,35-49
10437,37,Female,Low,Cardiovascular Disease,South,35-49
10438,40,Female,Low,Hypertension,North,35-49
10439,34,Male,Medium,Hypertension,East,18-34
10440,43,Female,Low,Diabetes,North,35-49
10441,64,Female,Low,No Major Chronic Condition,South,50-64
10442,85,Male,High,Diabetes,East,65-90
10443,19,Male,Low,Diabetes,South,18-34
10444,28,Female,Medium,Diabetes,South,18-34
10445,37,Male,Low,Diabetes,Central,35-49
10446,67,Female,Low,Cardiovascular Disease,North,65-90
10447,48,Male,Low,No Major Chronic Condition,Central,35-49
10448,38,Female,Low,Diabetes,Central,35-49
10449,66,Male,Medium,Diabetes,Central,65-90
10450,70,Female,Medium,Cardiovascular Disease,Central,65-90
10451,52,Female,Medium,No Major Chronic Condition,West,50-64
10452,36,Male,High,No Major Chronic Condition,South,35-49
10453,57,Male,Medium,No Major Chronic Condition,North,50-64
10454,48,Female,Medium,Diabetes,East,35-49
10455,47,Female,Medium,Chronic Kidney Disease,East,35-49
10456,42,Female,Medium,Respiratory Disease,West,35-49
10457,70,Female,Low,Diabetes,North,65-90
10458,57,Male,High,Chronic Kidney Disease,South,50-64
10459,72,Female,Medium,Chronic Kidney Disease,West,65-90
10460,77,Male,Medium,Respiratory Disease,East,65-90
10461,61,Male,Medium,Hypertension,South,50-64
10462,42,Male,High,Hypertension,North,35-49
10463,72,Female,Medium,Respiratory Disease,Central,65-90
10464,61,Female,Medium,Diabetes,West,50-64
10465,90,Male,Medium,Diabetes,North,65-90
10466,58,Female,Medium,Chronic Kidney Disease,West,50-64
10467,65,Female,Low,Diabetes,North,65-90
10468,58,Male,High,Diabetes,East,50-64
10469,50,Male,High,Diabetes,East,50-64
10470,47,Female,Low,Diabetes,South,35-49
10471,58,Female,Low,Hypertension,South,50-64
10472,62,Female,High,No Major Chronic Condition,East,50-64
10473,74,Male,Low,No Major Chronic Condition,West,65-90
10474,58,Female,Low,Diabetes,South,50-64
10475,43,Male,Low,Respiratory Disease,East,35-49
10476,46,Male,Low,Diabetes,South,35-49
10477,27,Female,Medium,Diabetes,Central,18-34
10478,84,Male,Medium,No Major Chronic Condition,West,65-90
10479,42,Male,Medium,No Major Chronic Condition,Central,35-49
10480,70,Male,Low,Hypertension,South,65-90
10481,57,Female,Medium,No Major Chronic Condition,South,50-64
10482,58,Female,Low,Hypertension,North,50-64
10483,50,Male,Medium,No Major Chronic Condition,West,50-64
10484,37,Male,Medium,Respiratory Disease,West,35-49
10485,34,Male,High,Respiratory Disease,West,18-34
10486,85,Female,High,No Major Chronic Condition,West,65-90
10487,54,Male,Medium,Chronic Kidney Disease,North,50-64
10488,73,Female,Medium,No Major Chronic Condition,South,65-90
10489,78,Female,Medium,Hypertension,South,65-90
10490,44,Female,Medium,No Major Chronic Condition,South,35-49
10491,60,Female,Medium,No Major Chronic Condition,West,50-64
10492,53,Female,High,Cardiovascular Disease,East,50-64
10493,30,Female,High,Cardiovascular Disease,West,18-34
10494,48,Male,Medium,No Major Chronic Condition,South,35-49
10495,63,Male,Medium,Respiratory Disease,East,50-64
10496,43,Female,Medium,Hypertension,South,35-49
10497,46,Male,Low,Diabetes,East,35-49
10498,49,Female,Medium,Hypertension,South,35-49
10499,90,Female,High,Hypertension,South,65-90
10500,18,Male,High,Diabetes,Central,18-34
10501,62,Female,High,Chronic Kidney Disease,South,50-64
10502,47,Female,Medium,Hypertension,East,35-49
10503,40,Male,Medium,Diabetes,East,35-49
10504,47,Female,Medium,Hypertension,East,35-49
10505,65,Female,Medium,Diabetes,West,65-90
10506,66,Male,Low,Respiratory Disease,East,65-90
10507,56,Male,Medium,Cardiovascular Disease,West,50-64
10508,73,Female,Low,No Major Chronic Condition,North,65-90
10509,76,Male,Medium,Respiratory Disease,North,65-90
10510,68,Female,High,No Major Chronic Condition,East,65-90
10511,42,Female,Medium,Hypertension,South,35-49
10512,61,Female,Low,No Major Chronic Condition,South,50-64
10513,61,Female,Medium,Chronic Kidney Disease,South,50-64
10514,37,Male,Medium,No Major Chronic Condition,West,35-49
10515,22,Male,Medium,Chronic Kidney Disease,Central,18-34
10516,18,Female,Low,No Major Chronic Condition,North,18-34
10517,53,Female,Medium,No Major Chronic Condition,South,50-64
10518,58,Female,High,No Major Chronic Condition,North,50-64
10519,30,Male,Low,Respiratory Disease,Central,18-34
10520,72,Female,Medium,Hypertension,North,65-90
10521,55,Male,High,Respiratory Disease,North,50-64
10522,78,Female,Medium,No Major Chronic Condition,South,65-90
10523,59,Female,High,No Major Chronic Condition,North,50-64
10524,32,Male,Medium,No Major Chronic Condition,West,18-34
10525,61,Male,Medium,Cardiovascular Disease,North,50-64
10526,65,Female,Medium,No Major Chronic Condition,East,65-90
10527,42,Female,Low,Cardiovascular Disease,North,35-49
10528,25,Male,Low,Chronic Kidney Disease,West,18-34
10529,54,Male,Medium,Cardiovascular Disease,North,50-64
10530,33,Male,Low,Hypertension,North,18-34
10531,73,Male,Low,Cardiovascular Disease,West,65-90
10532,44,Male,High,Hypertension,Central,35-49
10533,85,Female,Low,Cardiovascular Disease,South,65-90
10534,18,Female,Low,Chronic Kidney Disease,East,18-34
10535,55,Female,Medium,Hypertension,West,50-64
10536,79,Male,Low,Chronic Kidney Disease,West,65-90
10537,35,Female,Medium,Diabetes,East,35-49
10538,49,Female,Low,Diabetes,East,35-49
10539,44,Male,Medium,Hypertension,West,35-49
10540,39,Unknown,Medium,Hypertension,East,35-49
10541,57,Male,Medium,No Major Chronic Condition,East,50-64
10542,27,Female,Low,No Major Chronic Condition,South,18-34
10543,50,Male,Medium,Chronic Kidney Disease,West,50-64
10544,62,Male,Low,Chronic Kidney Disease,South,50-64
10545,48,Female,Medium,Chronic Kidney Disease,East,35-49
10546,33,Female,Low,No Major Chronic Condition,West,18-34
10547,72,Female,Low,Cardiovascular Disease,East,65-90
10548,66,Male,Low,Diabetes,South,65-90
10549,32,Male,Low,No Major Chronic Condition,East,18-34
10550,27,Female,Low,Cardiovascular Disease,North,18-34
10551,34,Female,Low,No Major Chronic Condition,West,18-34
10552,62,Male,High,No Major Chronic Condition,North,50-64
10553,57,Female,Medium,Hypertension,Central,50-64
10554,67,Male,Medium,No Major Chronic Condition,Central,65-90
10555,46,Female,Low,Diabetes,Central,35-49
10556,34,Female,Low,Chronic Kidney Disease,North,18-34
10557,69,Male,High,Chronic Kidney Disease,North,65-90
10558,41,Female,Low,No Major Chronic Condition,East,35-49
10559,56,Male,High,Cardiovascular Disease,North,50-64
10560,23,Male,Medium,Hypertension,Central,18-34
10561,41,Male,Medium,Diabetes,West,35-49
10562,71,Male,Medium,Cardiovascular Disease,Central,65-90
10563,38,Male,Medium,Cardiovascular Disease,Central,35-49
10564,67,Male,High,Hypertension,Central,65-90
10565,18,Male,Medium,Respiratory Disease,North,18-34
10566,41,Male,Low,Cardiovascular Disease,Central,35-49
10567,49,Male,Medium,Diabetes,North,35-49
10568,85,Female,Low,Diabetes,West,65-90
10569,30,Female,Medium,No Major Chronic Condition,West,18-34
10570,65,Female,Medium,No Major Chronic Condition,South,65-90
10571,72,Female,Low,Cardiovascular Disease,South,65-90
10572,38,Female,High,Cardiovascular Disease,West,35-49
10573,45,Female,High,Diabetes,East,35-49
10574,55,Female,Low,Hypertension,West,50-64
10575,24,Male,Low,No Major Chronic Condition,North,18-34
10576,43,Male,Medium,Diabetes,South,35-49
10577,76,Female,Low,Diabetes,West,65-90
10578,62,Male,Low,Respiratory Disease,North,50-64
10579,49,Male,High,No Major Chronic Condition,West,35-49
10580,54,Male,Low,Hypertension,East,50-64
10581,63,Female,Low,Respiratory Disease,Central,50-64
10582,67,Female,Medium,No Major Chronic Condition,Central,65-90
10583,41,Female,Low,No Major Chronic Condition,West,35-49
10584,81,Male,High,Cardiovascular Disease,East,65-90
10585,77,Male,High,Hypertension,East,65-90
10586,65,Male,Medium,Respiratory Disease,South,65-90
10587,36,Male,Low,No Major Chronic Condition,West,35-49
10588,33,Male,High,Chronic Kidney Disease,South,18-34
10589,46,Male,Medium,No Major Chronic Condition,South,35-49
10590,53,Male,Medium,Respiratory Disease,South,50-64
10591,18,Male,Medium,Diabetes,South,18-34
10592,61,Female,Medium,Cardiovascular Disease,West,50-64
10593,76,Male,Low,No Major Chronic Condition,South,65-90
10594,63,Female,Medium,Diabetes,South,50-64
10595,39,Female,Medium,Respiratory Disease,South,35-49
10596,37,Male,Medium,Hypertension,East,35-49
10597,58,Female,Medium,Cardiovascular Disease,South,50-64
10598,49,Female,Medium,Respiratory Disease,East,35-49
10599,60,Male,Medium,Cardiovascular Disease,West,50-64
10600,63,Female,Medium,No Major Chronic Condition,West,50-64
10601,73,Female,Low,Hypertension,South,65-90
10602,30,Female,Medium,No Major Chronic Condition,East,18-34
10603,56,Male,High,Diabetes,South,50-64
10604,45,Female,Low,Hypertension,West,35-49
10605,50,Female,High,Diabetes,Central,50-64
10606,68,Male,High,Hypertension,West,65-90
10607,70,Female,Medium,Respiratory Disease,Central,65-90
10608,79,Male,Low,Hypertension,South,65-90
10609,60,Female,Medium,Diabetes,West,50-64
10610,50,Female,Medium,No Major Chronic Condition,South,50-64
10611,47,Male,Low,Chronic Kidney Disease,North,35-49
10612,19,Female,Low,No Major Chronic Condition,East,18-34
10613,77,Female,Medium,No Major Chronic Condition,East,65-90
10614,46,Female,Medium,Respiratory Disease,West,35-49
10615,62,Female,Medium,Cardiovascular Disease,West,50-64
10616,65,Female,Medium,No Major Chronic Condition,Central,65-90
10617,28,Female,Medium,Cardiovascular Disease,West,18-34
10618,34,Female,Medium,Respiratory Disease,East,18-34
10619,81,Female,Medium,Hypertension,North,65-90
10620,58,Female,Low,Hypertension,North,50-64
10621,41,Male,Medium,No Major Chronic Condition,North,35-49
10622,50,Female,Low,Hypertension,South,50-64
10623,73,Male,Medium,Diabetes,Central,65-90
10624,70,Male,Medium,Chronic Kidney Disease,West,65-90
10625,24,Female,Medium,No Major Chronic Condition,West,18-34
10626,83,Female,Medium,No Major Chronic Condition,North,65-90
10627,70,Female,Low,Chronic Kidney Disease,West,65-90
10628,49,Male,Low,Hypertension,West,35-49
10629,29,Female,Low,Cardiovascular Disease,South,18-34
10630,72,Female,Medium,Diabetes,South,65-90
10631,61,Male,Medium,Hypertension,West,50-64
10632,24,Male,Low,No Major Chronic Condition,North,18-34
10633,48,Female,Medium,No Major Chronic Condition,East,35-49
10634,90,Male,Low,Hypertension,Central,65-90
10635,52,Female,Medium,Hypertension,North,50-64
10636,38,Female,Medium,No Major Chronic Condition,North,35-49
10637,33,Female,Low,Hypertension,East,18-34
10638,86,Male,Low,Hypertension,North,65-90
10639,68,Female,Medium,Hypertension,West,65-90
10640,79,Male,Medium,Cardiovascular Disease,North,65-90
10641,57,Male,Medium,Hypertension,North,50-64
10642,76,Female,Medium,Chronic Kidney Disease,East,65-90
10643,36,Female,Low,Hypertension,West,35-49
10644,55,Female,High,Cardiovascular Disease,South,50-64
10645,57,Male,Medium,Hypertension,North,50-64
10646,78,Female,Medium,Hypertension,South,65-90
10647,58,Male,Medium,Hypertension,North,50-64
10648,40,Female,Medium,Cardiovascular Disease,North,35-49
10649,53,Male,Medium,Cardiovascular Disease,East,50-64
10650,20,Male,Low,Diabetes,Central,18-34
10651,18,Male,Medium,No Major Chronic Condition,Central,18-34
10652,68,Female,Low,Hypertension,West,65-90
10653,45,Female,Medium,No Major Chronic Condition,West,35-49
10654,47,Female,High,No Major Chronic Condition,East,35-49
10655,68,Female,Low,Diabetes,Central,65-90
10656,79,Male,Medium,Diabetes,West,65-90
10657,62,Female,Medium,Diabetes,West,50-64
10658,89,Female,Medium,No Major Chronic Condition,South,65-90
10659,62,Female,Low,Respiratory Disease,West,50-64
10660,58,Female,Medium,Hypertension,Central,50-64
10661,57,Male,Medium,Diabetes,East,50-64
10662,28,Male,High,Diabetes,South,18-34
10663,70,Female,Medium,Respiratory Disease,South,65-90
10664,18,Female,Medium,Chronic Kidney Disease,West,18-34
10665,41,Male,Low,Hypertension,Central,35-49
10666,52,Male,Low,Hypertension,South,50-64
10667,37,Male,Medium,No Major Chronic Condition,North,35-49
10668,43,Male,Medium,No Major Chronic Condition,North,35-49
10669,87,Male,High,Hypertension,West,65-90
10670,73,Male,Medium,No Major Chronic Condition,South,65-90
10671,39,Male,Low,No Major Chronic Condition,West,35-49
10672,43,Male,Low,Hypertension,North,35-49
10673,28,Male,Medium,Diabetes,North,18-34
10674,65,Male,Low,Hypertension,South,65-90
10675,47,Female,Low,Diabetes,South,35-49
10676,18,Female,Low,Diabetes,Central,18-34
10677,54,Male,Medium,No Major Chronic Condition,South,50-64
10678,60,Male,Low,No Major Chronic Condition,West,50-64
10679,70,Female,High,Respiratory Disease,Central,65-90
10680,51,Female,High,No Major Chronic Condition,West,50-64
10681,45,Female,Low,No Major Chronic Condition,Central,35-49
10682,90,Female,Medium,Chronic Kidney Disease,North,65-90
10683,52,Male,Medium,No Major Chronic Condition,West,50-64
10684,66,Female,High,No Major Chronic Condition,East,65-90
10685,42,Female,Medium,Hypertension,Central,35-49
10686,65,Female,Low,No Major Chronic Condition,West,65-90
10687,24,Female,Low,No Major Chronic Condition,West,18-34
10688,43,Female,High,Hypertension,South,35-49
10689,29,Female,High,Respiratory Disease,West,18-34
10690,41,Unknown,Medium,Hypertension,Central,35-49
10691,76,Female,Medium,Hypertension,North,65-90
10692,40,Male,Medium,Respiratory Disease,North,35-49
10693,66,Male,Medium,Diabetes,South,65-90
10694,81,Female,Medium,Respiratory Disease,Central,65-90
10695,51,Female,Low,Cardiovascular Disease,East,50-64
10696,71,Female,Low,Diabetes,South,65-90
10697,62,Female,Medium,Chronic Kidney Disease,Central,50-64
10698,54,Male,Medium,No Major Chronic Condition,North,50-64
10699,66,Male,High,Diabetes,West,65-90
10700,87,Male,High,Cardiovascular Disease,West,65-90
10701,40,Male,Low,Diabetes,East,35-49
10702,34,Male,High,Hypertension,South,18-34
10703,33,Male,Medium,Cardiovascular Disease,South,18-34
10704,71,Female,Medium,Hypertension,South,65-90
10705,73,Female,Low,Respiratory Disease,North,65-90
10706,42,Female,Medium,Hypertension,East,35-49
10707,18,Female,High,No Major Chronic Condition,North,18-34
10708,39,Male,Medium,Diabetes,Central,35-49
10709,62,Female,Medium,No Major Chronic Condition,East,50-64
10710,51,Male,Low,Cardiovascular Disease,North,50-64
10711,55,Female,Low,Diabetes,East,50-64
10712,42,Male,Medium,Diabetes,South,35-49
10713,71,Female,Medium,Cardiovascular Disease,North,65-90
10714,59,Female,High,No Major Chronic Condition,South,50-64
10715,63,Male,Medium,Cardiovascular Disease,South,50-64
10716,55,Female,Low,Cardiovascular Disease,East,50-64
10717,62,Male,Low,No Major Chronic Condition,South,50-64
10718,61,Male,Low,Hypertension,North,50-64
10719,34,Female,Low,Chronic Kidney Disease,West,18-34
10720,59,Female,Low,Hypertension,South,50-64
10721,67,Female,Medium,No Major Chronic Condition,South,65-90
10722,74,Female,Medium,No Major Chronic Condition,South,65-90
10723,60,Male,High,Diabetes,West,50-64
10724,34,Male,High,Diabetes,East,18-34
10725,37,Female,Low,Chronic Kidney Disease,North,35-49
10726,44,Male,Medium,Respiratory Disease,East,35-49
10727,56,Male,Low,Respiratory Disease,West,50-64
10728,50,Female,Low,Cardiovascular Disease,North,50-64
10729,31,Female,Low,Diabetes,North,18-34
10730,31,Male,Low,Chronic Kidney Disease,West,18-34
10731,18,Male,Medium,Diabetes,East,18-34
10732,18,Female,Medium,Respiratory Disease,North,18-34
10733,49,Female,Medium,Hypertension,West,35-49
10734,90,Female,Medium,Hypertension,North,65-90
10735,86,Male,Medium,No Major Chronic Condition,South,65-90
10736,33,Male,Medium,Cardiovascular Disease,West,18-34
10737,55,Female,High,Cardiovascular Disease,North,50-64
10738,24,Male,Medium,No Major Chronic Condition,East,18-34
10739,27,Female,Medium,Respiratory Disease,South,18-34
10740,29,Male,Medium,No Major Chronic Condition,Central,18-34
10741,48,Male,Medium,No Major Chronic Condition,West,35-49
10742,49,Female,Low,Chronic Kidney Disease,South,35-49
10743,57,Female,High,Diabetes,East,50-64
10744,65,Female,High,Diabetes,East,65-90
10745,46,Male,High,Cardiovascular Disease,Central,35-49
10746,53,Male,Low,Diabetes,West,50-64
10747,31,Female,Low,Hypertension,West,18-34
10748,26,Male,Low,Hypertension,Central,18-34
10749,24,Male,High,Diabetes,North,18-34
10750,64,Female,Medium,Hypertension,East,50-64
10751,46,Female,Medium,Hypertension,Central,35-49
10752,18,Male,High,Diabetes,Central,18-34
10753,51,Female,Low,Chronic Kidney Disease,South,50-64
10754,28,Male,Medium,No Major Chronic Condition,South,18-34
10755,84,Male,Medium,Respiratory Disease,North,65-90
10756,41,Unknown,Low,No Major Chronic Condition,West,35-49
10757,65,Female,Medium,Diabetes,East,65-90
10758,73,Female,Medium,No Major Chronic Condition,East,65-90
10759,34,Female,Medium,Cardiovascular Disease,Central,18-34
10760,53,Female,High,Cardiovascular Disease,North,50-64
10761,63,Male,Low,Chronic Kidney Disease,Central,50-64
10762,54,Male,Medium,No Major Chronic Condition,East,50-64
10763,59,Male,High,Diabetes,North,50-64
10764,27,Female,Low,Hypertension,Central,18-34
10765,63,Female,Medium,No Major Chronic Condition,Central,50-64
10766,43,Male,High,Cardiovascular Disease,Central,35-49
10767,59,Female,Low,Hypertension,West,50-64
10768,69,Female,Low,Diabetes,South,65-90
10769,65,Male,Low,Diabetes,South,65-90
10770,59,Male,Low,Cardiovascular Disease,South,50-64
10771,64,Male,Medium,Cardiovascular Disease,South,50-64
10772,65,Female,Low,Hypertension,Central,65-90
10773,80,Male,Medium,No Major Chronic Condition,East,65-90
10774,51,Female,Medium,Chronic Kidney Disease,South,50-64
10775,55,Unknown,Low,Diabetes,West,50-64
10776,70,Female,Medium,Diabetes,East,65-90
10777,43,Male,Low,No Major Chronic Condition,South,35-49
10778,27,Female,Medium,No Major Chronic Condition,Central,18-34
10779,61,Male,Low,No Major Chronic Condition,East,50-64
10780,48,Male,Low,Chronic Kidney Disease,East,35-49
10781,29,Male,High,No Major Chronic Condition,North,18-34
10782,62,Female,Medium,Diabetes,East,50-64
10783,79,Male,Medium,Diabetes,South,65-90
10784,21,Female,Medium,Diabetes,West,18-34
10785,71,Female,Medium,Cardiovascular Disease,North,65-90
10786,18,Female,Low,Hypertension,South,18-34
10787,44,Male,Medium,Respiratory Disease,North,35-49
10788,87,Male,High,Diabetes,Central,65-90
10789,46,Male,High,Cardiovascular Disease,South,35-49
10790,54,Female,Medium,No Major Chronic Condition,North,50-64
10791,66,Female,Medium,Chronic Kidney Disease,West,65-90
10792,19,Female,Medium,Hypertension,Central,18-34
10793,53,Male,Medium,Diabetes,West,50-64
10794,53,Male,Low,Hypertension,Central,50-64
10795,87,Male,Medium,Cardiovascular Disease,West,65-90
10796,29,Female,Low,Hypertension,Central,18-34
10797,45,Female,Medium,No Major Chronic Condition,South,35-49
10798,34,Male,Medium,No Major Chronic Condition,South,18-34
10799,32,Female,Low,Diabetes,North,18-34
10800,73,Female,Medium,Diabetes,Central,65-90
10801,53,Female,Low,Diabetes,Central,50-64
10802,41,Female,Low,No Major Chronic Condition,South,35-49
10803,42,Female,Medium,Diabetes,East,35-49
10804,41,Male,Medium,No Major Chronic Condition,South,35-49
10805,43,Male,High,Cardiovascular Disease,Central,35-49
10806,28,Male,Medium,Cardiovascular Disease,North,18-34
10807,47,Female,High,Chronic Kidney Disease,West,35-49
10808,45,Male,Low,Hypertension,East,35-49
10809,38,Female,Medium,No Major Chronic Condition,South,35-49
10810,55,Female,Medium,Diabetes,Central,50-64
10811,57,Female,Medium,Chronic Kidney Disease,East,50-64
10812,41,Female,Medium,No Major Chronic Condition,East,35-49
10813,49,Male,Low,Diabetes,North,35-49
10814,90,Male,Medium,Respiratory Disease,South,65-90
10815,90,Female,Medium,Respiratory Disease,North,65-90
10816,32,Male,Low,Diabetes,East,18-34
10817,35,Female,Medium,Respiratory Disease,East,35-49
10818,32,Female,High,Hypertension,South,18-34
10819,72,Male,Low,No Major Chronic Condition,Central,65-90
10820,44,Male,Medium,Respiratory Disease,South,35-49
10821,57,Male,High,Cardiovascular Disease,West,50-64
10822,90,Female,Low,No Major Chronic Condition,Central,65-90
10823,52,Female,Low,Chronic Kidney Disease,West,50-64
10824,65,Female,Medium,Hypertension,West,65-90
10825,62,Female,Medium,Diabetes,North,50-64
10826,41,Female,Medium,Hypertension,East,35-49
10827,72,Female,Medium,No Major Chronic Condition,West,65-90
10828,36,Female,Medium,Hypertension,West,35-49
10829,77,Female,Medium,Hypertension,East,65-90
10830,41,Male,Low,Hypertension,Central,35-49
10831,43,Female,Medium,Hypertension,East,35-49
10832,31,Female,Low,Cardiovascular Disease,West,18-34
10833,34,Male,High,Cardiovascular Disease,Central,18-34
10834,44,Male,Low,Hypertension,West,35-49
10835,18,Female,Low,Hypertension,North,18-34
10836,48,Female,Medium,No Major Chronic Condition,West,35-49
10837,42,Female,Low,Chronic Kidney Disease,West,35-49
10838,67,Male,Medium,Chronic Kidney Disease,West,65-90
10839,60,Female,High,Diabetes,South,50-64
10840,39,Female,Medium,No Major Chronic Condition,South,35-49
10841,43,Male,Low,Diabetes,West,35-49
10842,48,Male,Low,Chronic Kidney Disease,West,35-49
10843,80,Female,Medium,No Major Chronic Condition,Central,65-90
10844,36,Female,Medium,Hypertension,South,35-49
10845,38,Female,Low,Diabetes,South,35-49
10846,31,Female,Low,Chronic Kidney Disease,West,18-34
10847,24,Female,High,Respiratory Disease,Central,18-34
10848,58,Male,Low,No Major Chronic Condition,South,50-64
10849,56,Male,Medium,Chronic Kidney Disease,South,50-64
10850,76,Male,Low,No Major Chronic Condition,Central,65-90
10851,72,Male,Medium,Respiratory Disease,South,65-90
10852,90,Male,Medium,Cardiovascular Disease,South,65-90
10853,51,Female,Low,No Major Chronic Condition,Central,50-64
10854,47,Male,Medium,No Major Chronic Condition,West,35-49
10855,27,Female,Low,Diabetes,South,18-34
10856,65,Female,High,Respiratory Disease,Central,65-90
10857,54,Female,Medium,Diabetes,West,50-64
10858,64,Male,Low,No Major Chronic Condition,Central,50-64
10859,30,Male,Medium,Chronic Kidney Disease,South,18-34
10860,59,Female,High,Cardiovascular Disease,West,50-64
10861,56,Female,Medium,No Major Chronic Condition,South,50-64
10862,55,Male,Medium,Hypertension,South,50-64
10863,39,Female,Medium,Cardiovascular Disease,West,35-49
10864,75,Female,Low,Hypertension,South,65-90
10865,90,Male,Medium,Diabetes,South,65-90
10866,31,Male,Low,Diabetes,East,18-34
10867,66,Female,Medium,Respiratory Disease,North,65-90
10868,18,Female,Medium,Diabetes,Central,18-34
10869,65,Male,Low,No Major Chronic Condition,West,65-90
10870,18,Female,High,Hypertension,East,18-34
10871,42,Male,Medium,Hypertension,West,35-49
10872,27,Male,Low,Diabetes,Central,18-34
10873,48,Male,Medium,Hypertension,East,35-49
10874,68,Female,Medium,Chronic Kidney Disease,West,65-90
10875,18,Female,Low,No Major Chronic Condition,North,18-34
10876,45,Female,Medium,Diabetes,Central,35-49
10877,42,Female,High,Diabetes,North,35-49
10878,82,Female,Low,Diabetes,West,65-90
10879,60,Female,High,Respiratory Disease,East,50-64
10880,30,Female,Medium,Diabetes,West,18-34
10881,43,Male,Low,Diabetes,East,35-49
10882,82,Female,Medium,No Major Chronic Condition,South,65-90
10883,66,Female,Medium,No Major Chronic Condition,Central,65-90
10884,35,Female,Medium,Hypertension,South,35-49
10885,47,Male,Medium,Respiratory Disease,South,35-49
10886,48,Female,Low,No Major Chronic Condition,Central,35-49
10887,42,Male,Low,Diabetes,South,35-49
10888,20,Female,Medium,Respiratory Disease,North,18-34
10889,39,Male,Medium,Hypertension,North,35-49
10890,78,Male,High,Cardiovascular Disease,South,65-90
10891,45,Female,High,Hypertension,Central,35-49
10892,50,Male,High,Chronic Kidney Disease,West,50-64
10893,55,Male,Medium,Cardiovascular Disease,North,50-64
10894,90,Female,Low,No Major Chronic Condition,East,65-90
10895,52,Female,Medium,Hypertension,East,50-64
10896,73,Male,Low,Respiratory Disease,West,65-90
10897,41,Male,Low,No Major Chronic Condition,East,35-49
10898,47,Male,Low,Cardiovascular Disease,South,35-49
10899,52,Female,High,Respiratory Disease,Central,50-64
10900,37,Female,Medium,Chronic Kidney Disease,South,35-49
10901,48,Male,Low,No Major Chronic Condition,Central,35-49
10902,69,Male,High,Respiratory Disease,South,65-90
10903,37,Female,Medium,Respiratory Disease,East,35-49
10904,52,Female,Medium,No Major Chronic Condition,North,50-64
10905,65,Male,Low,No Major Chronic Condition,Central,65-90
10906,36,Male,Low,No Major Chronic Condition,East,35-49
10907,73,Male,Low,Diabetes,Central,65-90
10908,53,Female,Medium,Chronic Kidney Disease,West,50-64
10909,49,Female,Medium,Hypertension,North,35-49
10910,18,Female,Low,Cardiovascular Disease,North,18-34
10911,45,Female,Low,Respiratory Disease,Central,35-49
10912,59,Female,Medium,Diabetes,East,50-64
10913,85,Female,High,Chronic Kidney Disease,Central,65-90
10914,63,Female,Low,Hypertension,West,50-64
10915,73,Female,Medium,No Major Chronic Condition,West,65-90
10916,29,Male,High,Hypertension,East,18-34
10917,50,Female,Medium,Diabetes,West,50-64
10918,75,Female,Medium,Respiratory Disease,Central,65-90
10919,35,Male,Medium,No Major Chronic Condition,West,35-49
10920,70,Female,High,Respiratory Disease,Central,65-90
10921,66,Male,Medium,No Major Chronic Condition,South,65-90
10922,57,Male,Low,No Major Chronic Condition,West,50-64
10923,46,Male,Low,Diabetes,East,35-49
10924,33,Female,Low,Diabetes,North,18-34
10925,86,Male,Low,Hypertension,West,65-90
10926,64,Male,Medium,Hypertension,East,50-64
10927,58,Male,Low,Respiratory Disease,Central,50-64
10928,44,Female,Medium,Hypertension,West,35-49
10929,53,Male,Medium,Hypertension,North,50-64
10930,55,Male,Medium,Cardiovascular Disease,Central,50-64
10931,60,Female,Low,Respiratory Disease,South,50-64
10932,66,Female,Low,No Major Chronic Condition,West,65-90
10933,37,Male,Low,Chronic Kidney Disease,East,35-49
10934,24,Female,High,Hypertension,South,18-34
10935,54,Male,Low,Hypertension,South,50-64
10936,19,Male,Low,Diabetes,West,18-34
10937,46,Female,Low,Cardiovascular Disease,Central,35-49
10938,42,Female,Medium,Respiratory Disease,Central,35-49
10939,61,Male,Medium,No Major Chronic Condition,Central,50-64
10940,90,Female,High,Hypertension,North,65-90
10941,18,Male,Low,Hypertension,North,18-34
10942,90,Female,Low,Diabetes,South,65-90
10943,48,Female,Medium,Respiratory Disease,Central,35-49
10944,59,Female,Low,No Major Chronic Condition,North,50-64
10945,25,Female,Low,Hypertension,West,18-34
10946,71,Male,High,Cardiovascular Disease,Central,65-90
10947,53,Female,Medium,Diabetes,East,50-64
10948,51,Female,Medium,Respiratory Disease,North,50-64
10949,18,Male,High,Hypertension,North,18-34
10950,53,Male,Low,Diabetes,West,50-64
10951,68,Female,Low,Chronic Kidney Disease,South,65-90
10952,48,Male,Low,Diabetes,East,35-49
10953,74,Female,Low,Diabetes,North,65-90
10954,74,Male,Medium,Hypertension,Central,65-90
10955,40,Male,High,Diabetes,Central,35-49
10956,82,Male,High,Respiratory Disease,East,65-90
10957,53,Male,Medium,Hypertension,East,50-64
10958,53,Male,High,Chronic Kidney Disease,South,50-64
10959,54,Female,Medium,Respiratory Disease,North,50-64
10960,53,Male,Low,Hypertension,Central,50-64
10961,18,Male,Low,Diabetes,East,18-34
10962,48,Female,Medium,Chronic Kidney Disease,North,35-49
10963,26,Male,Low,Cardiovascular Disease,West,18-34
10964,83,Male,Low,Chronic Kidney Disease,Central,65-90
10965,82,Male,High,Cardiovascular Disease,South,65-90
10966,68,Female,Low,No Major Chronic Condition,West,65-90
10967,47,Male,Medium,Respiratory Disease,Central,35-49
10968,33,Female,Low,No Major Chronic Condition,North,18-34
10969,40,Male,Medium,Respiratory Disease,West,35-49
10970,89,Female,Medium,No Major Chronic Condition,East,65-90
10971,39,Male,Low,No Major Chronic Condition,West,35-49
10972,18,Female,Low,Hypertension,North,18-34
10973,72,Male,Medium,Chronic Kidney Disease,South,65-90
10974,81,Female,Medium,Diabetes,East,65-90
10975,84,Male,Low,No Major Chronic Condition,South,65-90
10976,72,Male,Medium,Hypertension,East,65-90
10977,75,Female,Low,Cardiovascular Disease,North,65-90
10978,53,Male,Low,Diabetes,West,50-64
10979,18,Male,High,No Major Chronic Condition,South,18-34
10980,53,Female,Low,No Major Chronic Condition,West,50-64
10981,64,Female,Medium,Cardiovascular Disease,North,50-64
10982,49,Female,Medium,Diabetes,West,35-49
10983,49,Female,High,Chronic Kidney Disease,North,35-49
10984,34,Female,Low,Hypertension,North,18-34
10985,33,Male,Medium,No Major Chronic Condition,South,18-34
10986,87,Female,Medium,Hypertension,West,65-90
10987,88,Male,Low,Respiratory Disease,North,65-90
10988,52,Female,Low,Diabetes,West,50-64
10989,57,Male,High,No Major Chronic Condition,South,50-64
10990,33,Male,Medium,Respiratory Disease,Central,18-34
10991,64,Male,Low,No Major Chronic Condition,South,50-64
10992,85,Male,Medium,Hypertension,North,65-90
10993,23,Female,Medium,Cardiovascular Disease,West,18-34
10994,61,Male,Low,Diabetes,South,50-64
10995,62,Male,Low,No Major Chronic Condition,East,50-64
10996,62,Male,Low,Diabetes,West,50-64
10997,83,Female,Medium,Cardiovascular Disease,West,65-90
10998,90,Male,Medium,Chronic Kidney Disease,South,65-90
10999,48,Female,Low,Diabetes,South,35-49
11000,65,Male,Medium,No Major Chronic Condition,South,65-90
11001,54,Male,Medium,No Major Chronic Condition,South,50-64
11002,40,Female,Medium,Cardiovascular Disease,West,35-49
11003,57,Female,Low,Respiratory Disease,East,50-64
11004,65,Female,Low,Diabetes,Central,65-90
11005,56,Female,High,Cardiovascular Disease,West,50-64
11006,35,Female,Low,No Major Chronic Condition,East,35-49
11007,43,Female,Low,Diabetes,East,35-49
11008,43,Female,Medium,No Major Chronic Condition,South,35-49
11009,36,Male,Medium,Cardiovascular Disease,South,35-49
11010,58,Male,High,Diabetes,North,50-64
11011,60,Female,Medium,Hypertension,South,50-64
11012,71,Female,High,Cardiovascular Disease,Central,65-90
11013,36,Male,Low,No Major Chronic Condition,West,35-49
11014,41,Female,High,Chronic Kidney Disease,North,35-49
11015,82,Female,Low,Respiratory Disease,South,65-90
11016,49,Female,High,No Major Chronic Condition,West,35-49
11017,53,Male,High,Hypertension,East,50-64
11018,49,Female,Medium,Hypertension,North,35-49
11019,74,Male,Medium,No Major Chronic Condition,West,65-90
11020,74,Female,Low,Respiratory Disease,West,65-90
11021,73,Female,Medium,Hypertension,South,65-90
11022,53,Female,Low,No Major Chronic Condition,West,50-64
11023,35,Male,Medium,Hypertension,Central,35-49
11024,89,Male,Low,Respiratory Disease,West,65-90
11025,68,Male,Low,No Major Chronic Condition,West,65-90
11026,43,Male,Low,Hypertension,North,35-49
11027,79,Female,Medium,No Major Chronic Condition,East,65-90
11028,42,Female,Medium,No Major Chronic Condition,West,35-49
11029,79,Male,Medium,Hypertension,East,65-90
11030,80,Female,Low,Diabetes,South,65-90
11031,34,Male,Low,No Major Chronic Condition,East,18-34
11032,63,Male,Medium,Cardiovascular Disease,West,50-64
11033,67,Female,Low,Hypertension,West,65-90
11034,90,Female,Medium,Diabetes,West,65-90
11035,38,Male,Medium,Diabetes,West,35-49
11036,79,Female,High,Cardiovascular Disease,Central,65-90
11037,52,Female,Low,No Major Chronic Condition,East,50-64
11038,28,Female,Medium,Cardiovascular Disease,South,18-34
11039,50,Female,High,Hypertension,South,50-64
11040,52,Female,High,No Major Chronic Condition,North,50-64
11041,32,Male,Medium,Hypertension,South,18-34
11042,58,Female,Low,Diabetes,South,50-64
11043,70,Female,Medium,No Major Chronic Condition,East,65-90
11044,57,Male,Medium,Hypertension,Central,50-64
11045,42,Female,Low,Cardiovascular Disease,West,35-49
11046,49,Female,Low,No Major Chronic Condition,Central,35-49
11047,52,Male,Medium,Hypertension,North,50-64
11048,56,Female,Low,Cardiovascular Disease,North,50-64
11049,73,Male,High,No Major Chronic Condition,North,65-90
11050,57,Male,Low,Hypertension,East,50-64
11051,25,Male,High,No Major Chronic Condition,North,18-34
11052,41,Female,Medium,Diabetes,North,35-49
11053,55,Female,High,No Major Chronic Condition,North,50-64
11054,73,Male,Medium,Hypertension,West,65-90
11055,77,Female,Low,Respiratory Disease,Central,65-90
11056,86,Male,Low,Respiratory Disease,North,65-90
11057,54,Male,Low,Hypertension,North,50-64
11058,67,Male,Medium,Diabetes,South,65-90
11059,24,Female,Low,Chronic Kidney Disease,West,18-34
11060,60,Male,Medium,No Major Chronic Condition,South,50-64
11061,32,Male,High,Diabetes,South,18-34
11062,51,Female,Medium,No Major Chronic Condition,North,50-64
11063,90,Male,Medium,Hypertension,East,65-90
11064,58,Female,High,Respiratory Disease,North,50-64
11065,36,Male,Medium,Cardiovascular Disease,East,35-49
11066,60,Female,Low,No Major Chronic Condition,West,50-64
11067,42,Female,Low,Respiratory Disease,Central,35-49
11068,34,Male,Medium,Diabetes,South,18-34
11069,90,Female,Low,Hypertension,West,65-90
11070,72,Female,Medium,Hypertension,East,65-90
11071,59,Female,High,Respiratory Disease,South,50-64
11072,45,Male,Medium,Diabetes,North,35-49
11073,46,Female,Low,Hypertension,South,35-49
11074,81,Male,Low,Diabetes,Central,65-90
11075,58,Male,High,Hypertension,Central,50-64
11076,18,Female,Low,Cardiovascular Disease,East,18-34
11077,90,Female,Low,No Major Chronic Condition,West,65-90
11078,55,Female,Medium,Diabetes,South,50-64
11079,59,Male,Medium,Diabetes,West,50-64
11080,73,Male,Medium,Hypertension,North,65-90
11081,61,Male,Medium,Respiratory Disease,South,50-64
11082,66,Male,Medium,Respiratory Disease,West,65-90
11083,44,Male,Low,Hypertension,South,35-49
11084,29,Male,Medium,Diabetes,North,18-34
11085,57,Female,Medium,No Major Chronic Condition,Central,50-64
11086,79,Male,Medium,Cardiovascular Disease,South,65-90
11087,40,Female,High,No Major Chronic Condition,North,35-49
11088,38,Female,Low,Hypertension,South,35-49
11089,75,Female,Medium,No Major Chronic Condition,West,65-90
11090,43,Female,Medium,No Major Chronic Condition,South,35-49
11091,44,Female,Medium,Diabetes,Central,35-49
11092,45,Male,Low,Diabetes,South,35-49
11093,51,Male,Medium,Diabetes,East,50-64
11094,22,Male,High,No Major Chronic Condition,North,18-34
11095,42,Female,Medium,Hypertension,North,35-49
11096,56,Female,Low,Hypertension,North,50-64
11097,56,Male,Low,Respiratory Disease,South,50-64
11098,74,Male,Medium,Respiratory Disease,West,65-90
11099,87,Male,Low,Cardiovascular Disease,West,65-90
11100,81,Female,High,Cardiovascular Disease,Central,65-90
11101,69,Female,High,Hypertension,East,65-90
11102,49,Male,High,Diabetes,South,35-49
11103,40,Female,Medium,Diabetes,South,35-49
11104,52,Male,Medium,No Major Chronic Condition,South,50-64
11105,63,Female,Low,No Major Chronic Condition,East,50-64
11106,68,Female,Low,No Major Chronic Condition,East,65-90
11107,64,Male,Medium,Hypertension,East,50-64
11108,50,Female,Low,Diabetes,West,50-64
11109,67,Female,Low,Cardiovascular Disease,North,65-90
11110,76,Male,High,Diabetes,North,65-90
11111,69,Female,Medium,No Major Chronic Condition,Central,65-90
11112,51,Female,High,No Major Chronic Condition,South,50-64
11113,36,Male,Low,No Major Chronic Condition,Central,35-49
11114,36,Female,High,No Major Chronic Condition,South,35-49
11115,39,Male,Medium,Cardiovascular Disease,North,35-49
11116,57,Female,Low,Hypertension,East,50-64
11117,62,Female,Medium,No Major Chronic Condition,North,50-64
11118,25,Unknown,Medium,Respiratory Disease,Central,18-34
11119,42,Male,Medium,No Major Chronic Condition,South,35-49
11120,57,Female,Medium,Hypertension,South,50-64
11121,35,Male,Medium,Respiratory Disease,South,35-49
11122,60,Female,High,Cardiovascular Disease,North,50-64
11123,46,Female,Low,Diabetes,East,35-49
11124,38,Male,Medium,Respiratory Disease,North,35-49
11125,53,Female,High,Diabetes,West,50-64
11126,59,Male,Medium,Hypertension,South,50-64
11127,36,Male,High,Cardiovascular Disease,Central,35-49
11128,47,Male,Medium,Diabetes,East,35-49
11129,61,Female,Low,No Major Chronic Condition,Central,50-64
11130,38,Male,Medium,Diabetes,North,35-49
11131,21,Female,Medium,Chronic Kidney Disease,West,18-34
11132,23,Male,Low,Diabetes,East,18-34
11133,44,Female,Medium,Chronic Kidney Disease,North,35-49
11134,27,Female,Low,Cardiovascular Disease,North,18-34
11135,45,Male,Low,No Major Chronic Condition,West,35-49
11136,84,Female,High,Respiratory Disease,South,65-90
11137,26,Male,High,Hypertension,North,18-34
11138,47,Female,Medium,Chronic Kidney Disease,West,35-49
11139,90,Female,Medium,Hypertension,South,65-90
11140,60,Male,Medium,Hypertension,South,50-64
11141,45,Female,Low,Cardiovascular Disease,North,35-49
11142,49,Male,Low,Chronic Kidney Disease,South,35-49
11143,60,Female,Medium,Respiratory Disease,Central,50-64
11144,84,Female,Medium,No Major Chronic Condition,Central,65-90
11145,42,Female,Medium,Diabetes,South,35-49
11146,38,Female,Low,Diabetes,South,35-49
11147,26,Female,High,Cardiovascular Disease,Central,18-34
11148,54,Male,Low,Chronic Kidney Disease,West,50-64
11149,25,Female,Medium,Diabetes,South,18-34
11150,43,Male,Low,Hypertension,Central,35-49
11151,35,Male,Low,No Major Chronic Condition,Central,35-49
11152,72,Male,Medium,Hypertension,South,65-90
11153,42,Female,Medium,Hypertension,Central,35-49
11154,60,Female,Medium,Hypertension,West,50-64
11155,22,Female,Low,Diabetes,Central,18-34
11156,54,Male,High,Hypertension,South,50-64
11157,29,Male,Medium,Diabetes,South,18-34
11158,44,Female,High,Hypertension,East,35-49
11159,90,Female,Low,Hypertension,South,65-90
11160,70,Male,High,Cardiovascular Disease,East,65-90
11161,50,Female,Medium,Hypertension,East,50-64
11162,90,Female,Medium,No Major Chronic Condition,North,65-90
11163,35,Female,Low,Hypertension,Central,35-49
11164,74,Female,Low,Diabetes,North,65-90
11165,23,Female,High,No Major Chronic Condition,Central,18-34
11166,47,Male,Medium,No Major Chronic Condition,East,35-49
11167,26,Male,Medium,Respiratory Disease,East,18-34
11168,57,Male,Medium,Hypertension,Central,50-64
11169,53,Female,Medium,No Major Chronic Condition,East,50-64
11170,46,Female,Medium,Chronic Kidney Disease,South,35-49
11171,73,Male,High,Hypertension,North,65-90
11172,41,Female,Low,Hypertension,West,35-49
11173,58,Female,High,Diabetes,West,50-64
11174,68,Female,Medium,Diabetes,East,65-90
11175,24,Male,Low,Diabetes,South,18-34
11176,38,Female,Low,Hypertension,Central,35-49
11177,53,Male,Medium,No Major Chronic Condition,West,50-64
11178,64,Female,Medium,No Major Chronic Condition,East,50-64
11179,79,Male,Low,Diabetes,West,65-90
11180,48,Female,Low,Diabetes,South,35-49
11181,46,Male,Medium,Respiratory Disease,West,35-49
11182,35,Female,Low,Hypertension,South,35-49
11183,58,Male,Low,No Major Chronic Condition,South,50-64
11184,46,Female,Medium,No Major Chronic Condition,South,35-49
11185,47,Male,Low,Cardiovascular Disease,Central,35-49
11186,50,Male,Low,Diabetes,West,50-64
11187,62,Male,Medium,No Major Chronic Condition,South,50-64
11188,41,Female,Medium,Cardiovascular Disease,North,35-49
11189,37,Female,Medium,Cardiovascular Disease,North,35-49
11190,60,Male,Low,Chronic Kidney Disease,South,50-64
11191,18,Male,Medium,Hypertension,East,18-34
11192,41,Female,Medium,Hypertension,West,35-49
11193,30,Female,Medium,No Major Chronic Condition,North,18-34
11194,75,Female,Low,Diabetes,East,65-90
11195,44,Female,Low,Diabetes,East,35-49
11196,41,Female,Medium,Cardiovascular Disease,South,35-49
11197,51,Male,Low,Diabetes,West,50-64
11198,41,Female,High,No Major Chronic Condition,East,35-49
11199,44,Male,High,No Major Chronic Condition,West,35-49
11200,54,Male,Medium,No Major Chronic Condition,West,50-64
11201,44,Female,Medium,Diabetes,Central,35-49
11202,44,Female,Medium,No Major Chronic Condition,West,35-49
11203,33,Male,Low,Diabetes,West,18-34
11204,30,Female,Medium,Hypertension,East,18-34
11205,53,Male,High,Diabetes,South,50-64
11206,58,Male,Low,No Major Chronic Condition,North,50-64
11207,25,Female,Medium,Hypertension,East,18-34
11208,66,Male,Medium,Chronic Kidney Disease,West,65-90
11209,67,Female,Low,No Major Chronic Condition,East,65-90
11210,71,Female,Medium,Hypertension,North,65-90
11211,58,Male,High,No Major Chronic Condition,South,50-64
11212,64,Female,Low,Hypertension,South,50-64
11213,90,Female,Low,Diabetes,South,65-90
11214,46,Female,Low,Cardiovascular Disease,West,35-49
11215,32,Female,Medium,Chronic Kidney Disease,North,18-34
11216,23,Female,Medium,Diabetes,South,18-34
11217,85,Male,Medium,No Major Chronic Condition,East,65-90
11218,86,Female,Medium,Hypertension,Central,65-90
11219,34,Male,High,Chronic Kidney Disease,Central,18-34
11220,38,Female,Low,Diabetes,South,35-49
11221,46,Female,High,Hypertension,South,35-49
11222,75,Male,Medium,Cardiovascular Disease,Central,65-90
11223,28,Male,Low,Cardiovascular Disease,Central,18-34
11224,18,Male,Low,Hypertension,West,18-34
11225,90,Female,Medium,Cardiovascular Disease,East,65-90
11226,58,Female,High,Hypertension,West,50-64
11227,61,Male,Medium,Diabetes,West,50-64
11228,48,Male,Medium,Diabetes,West,35-49
11229,61,Male,Low,No Major Chronic Condition,West,50-64
11230,23,Female,Low,Diabetes,West,18-34
11231,36,Female,High,Hypertension,Central,35-49
11232,54,Female,High,Hypertension,Central,50-64
11233,18,Female,Medium,Respiratory Disease,South,18-34
11234,46,Female,Low,Hypertension,Central,35-49
11235,45,Female,Low,Hypertension,South,35-49
11236,46,Female,High,No Major Chronic Condition,South,35-49
11237,42,Male,Low,No Major Chronic Condition,South,35-49
11238,33,Male,Low,Diabetes,North,18-34
11239,18,Male,Medium,Chronic Kidney Disease,South,18-34
11240,55,Unknown,High,No Major Chronic Condition,Central,50-64
11241,46,Female,Low,No Major Chronic Condition,South,35-49
11242,26,Male,Medium,Hypertension,Central,18-34
11243,53,Female,Low,No Major Chronic Condition,North,50-64
11244,46,Male,Medium,Hypertension,North,35-49
11245,43,Female,Low,Respiratory Disease,North,35-49
11246,18,Male,High,Cardiovascular Disease,East,18-34
11247,65,Female,Medium,Chronic Kidney Disease,Central,65-90
11248,29,Male,High,No Major Chronic Condition,South,18-34
11249,53,Male,Medium,Diabetes,South,50-64
11250,37,Female,High,Hypertension,Central,35-49
11251,45,Male,Medium,Respiratory Disease,East,35-49
11252,74,Male,Medium,Hypertension,South,65-90
11253,62,Male,Low,Respiratory Disease,South,50-64
11254,73,Female,High,No Major Chronic Condition,West,65-90
11255,58,Female,Medium,Chronic Kidney Disease,South,50-64
11256,60,Male,Medium,No Major Chronic Condition,West,50-64
11257,18,Male,Medium,Diabetes,West,18-34
11258,46,Male,Medium,Diabetes,North,35-49
11259,48,Female,Medium,No Major Chronic Condition,West,35-49
11260,75,Male,Medium,Cardiovascular Disease,Central,65-90
11261,42,Male,Medium,Respiratory Disease,North,35-49
11262,57,Male,Medium,Diabetes,North,50-64
11263,56,Male,Medium,Chronic Kidney Disease,East,50-64
11264,74,Female,Medium,Diabetes,West,65-90
11265,49,Male,High,No Major Chronic Condition,East,35-49
11266,68,Male,Medium,Diabetes,Central,65-90
11267,20,Female,Low,Diabetes,North,18-34
11268,21,Female,Medium,Hypertension,North,18-34
11269,18,Male,High,Hypertension,North,18-34
11270,67,Female,High,No Major Chronic Condition,West,65-90
11271,65,Female,Low,Cardiovascular Disease,North,65-90
11272,69,Male,High,Cardiovascular Disease,East,65-90
11273,39,Male,Low,Diabetes,Central,35-49
11274,41,Male,High,Cardiovascular Disease,North,35-49
11275,50,Female,High,Diabetes,North,50-64
11276,79,Female,Medium,Respiratory Disease,Central,65-90
11277,84,Female,High,No Major Chronic Condition,South,65-90
11278,67,Female,Medium,Hypertension,South,65-90
11279,58,Male,Medium,No Major Chronic Condition,East,50-64
11280,77,Female,High,No Major Chronic Condition,West,65-90
11281,47,Female,Low,No Major Chronic Condition,North,35-49
11282,45,Male,Low,No Major Chronic Condition,Central,35-49
11283,50,Female,Low,No Major Chronic Condition,West,50-64
11284,33,Female,Medium,Hypertension,North,18-34
11285,49,Female,Medium,Respiratory Disease,North,35-49
11286,31,Female,High,Chronic Kidney Disease,West,18-34
11287,71,Female,High,Hypertension,East,65-90
11288,62,Male,High,Hypertension,East,50-64
11289,79,Male,Medium,Hypertension,South,65-90
11290,21,Male,High,Diabetes,West,18-34
11291,88,Male,Low,Cardiovascular Disease,North,65-90
11292,22,Female,Medium,No Major Chronic Condition,South,18-34
11293,29,Male,Low,Respiratory Disease,West,18-34
11294,40,Female,Low,Respiratory Disease,Central,35-49
11295,77,Female,Low,Respiratory Disease,South,65-90
11296,56,Female,Low,Diabetes,West,50-64
11297,47,Female,High,Diabetes,North,35-49
11298,37,Female,Medium,Diabetes,South,35-49
11299,26,Female,High,No Major Chronic Condition,North,18-34
11300,74,Female,Medium,No Major Chronic Condition,West,65-90
11301,67,Female,Medium,Respiratory Disease,South,65-90
11302,78,Female,Low,Hypertension,Central,65-90
11303,60,Male,High,No Major Chronic Condition,North,50-64
11304,18,Female,Low,Diabetes,West,18-34
11305,28,Male,Medium,Diabetes,East,18-34
11306,61,Female,High,Respiratory Disease,West,50-64
11307,45,Female,Medium,Respiratory Disease,Central,35-49
11308,41,Male,High,No Major Chronic Condition,Central,35-49
11309,31,Male,Low,No Major Chronic Condition,West,18-34
11310,70,Female,Medium,No Major Chronic Condition,South,65-90
11311,61,Male,Low,Chronic Kidney Disease,West,50-64
11312,62,Male,Medium,No Major Chronic Condition,Central,50-64
11313,40,Female,Low,Chronic Kidney Disease,South,35-49
11314,55,Male,Medium,Cardiovascular Disease,South,50-64
11315,27,Female,High,Respiratory Disease,East,18-34
11316,50,Male,Medium,No Major Chronic Condition,West,50-64
11317,18,Female,High,Diabetes,South,18-34
11318,22,Male,Medium,Respiratory Disease,North,18-34
11319,46,Male,Low,Hypertension,South,35-49
11320,90,Male,Medium,Chronic Kidney Disease,West,65-90
11321,18,Female,Low,Respiratory Disease,North,18-34
11322,28,Male,Medium,Hypertension,Central,18-34
11323,56,Female,High,Chronic Kidney Disease,East,50-64
11324,86,Female,Medium,Cardiovascular Disease,North,65-90
11325,56,Female,Low,Diabetes,West,50-64
11326,65,Male,Low,Respiratory Disease,South,65-90
11327,46,Male,Medium,Diabetes,West,35-49
11328,42,Male,Low,No Major Chronic Condition,Central,35-49
11329,54,Female,Medium,No Major Chronic Condition,East,50-64
11330,39,Male,Medium,Diabetes,North,35-49
11331,66,Male,Medium,Hypertension,East,65-90
11332,21,Male,High,Diabetes,East,18-34
11333,69,Male,Low,No Major Chronic Condition,South,65-90
11334,53,Female,Medium,Diabetes,West,50-64
11335,48,Male,Low,Respiratory Disease,South,35-49
11336,21,Male,Low,Hypertension,West,18-34
11337,33,Male,Medium,No Major Chronic Condition,South,18-34
11338,75,Female,Low,Respiratory Disease,East,65-90
11339,48,Female,High,Respiratory Disease,North,35-49
11340,57,Female,High,Cardiovascular Disease,South,50-64
11341,35,Female,High,No Major Chronic Condition,South,35-49
11342,51,Female,Low,Cardiovascular Disease,West,50-64
11343,26,Male,Medium,Cardiovascular Disease,Central,18-34
11344,54,Female,Medium,Diabetes,North,50-64
11345,59,Female,Low,Hypertension,Central,50-64
11346,58,Female,Medium,Hypertension,South,50-64
11347,35,Female,High,Respiratory Disease,Central,35-49
11348,46,Female,High,Chronic Kidney Disease,North,35-49
11349,62,Male,High,No Major Chronic Condition,East,50-64
11350,48,Male,Low,Hypertension,West,35-49
11351,47,Female,High,Respiratory Disease,South,35-49
11352,88,Female,High,No Major Chronic Condition,Central,65-90
11353,34,Male,Medium,Hypertension,Central,18-34
11354,73,Female,Low,Respiratory Disease,South,65-90
11355,30,Male,Medium,Cardiovascular Disease,North,18-34
11356,64,Male,Low,Hypertension,North,50-64
11357,65,Male,Low,Diabetes,North,65-90
11358,42,Female,High,Diabetes,West,35-49
11359,29,Male,High,Hypertension,North,18-34
11360,18,Male,High,No Major Chronic Condition,East,18-34
11361,40,Female,Low,Diabetes,North,35-49
11362,62,Female,Medium,Diabetes,Central,50-64
11363,32,Female,Medium,Respiratory Disease,South,18-34
11364,54,Female,Medium,No Major Chronic Condition,West,50-64
11365,24,Male,Medium,Diabetes,East,18-34
11366,48,Female,High,No Major Chronic Condition,South,35-49
11367,30,Female,Medium,Diabetes,West,18-34
11368,51,Female,High,Diabetes,North,50-64
11369,42,Male,Low,No Major Chronic Condition,West,35-49
11370,29,Male,Medium,Chronic Kidney Disease,North,18-34
11371,39,Male,Medium,Respiratory Disease,North,35-49
11372,34,Male,Medium,Diabetes,Central,18-34
11373,27,Female,High,Respiratory Disease,North,18-34
11374,73,Male,Low,Diabetes,South,65-90
11375,45,Female,Low,Hypertension,North,35-49
11376,18,Female,High,Chronic Kidney Disease,West,18-34
11377,40,Male,Medium,Respiratory Disease,West,35-49
11378,69,Male,Medium,Chronic Kidney Disease,North,65-90
11379,38,Male,High,Diabetes,East,35-49
11380,80,Male,Medium,No Major Chronic Condition,West,65-90
11381,36,Female,Medium,No Major Chronic Condition,West,35-49
11382,62,Female,Low,No Major Chronic Condition,West,50-64
11383,72,Male,Medium,Diabetes,North,65-90
11384,61,Male,Medium,Diabetes,South,50-64
11385,26,Male,Medium,Cardiovascular Disease,East,18-34
11386,34,Male,Medium,Cardiovascular Disease,East,18-34
11387,74,Female,Low,No Major Chronic Condition,West,65-90
11388,37,Female,Low,Hypertension,Central,35-49
11389,71,Female,Medium,Cardiovascular Disease,West,65-90
11390,44,Unknown,Medium,Hypertension,East,35-49
11391,55,Male,Low,No Major Chronic Condition,East,50-64
11392,26,Male,High,Diabetes,North,18-34
11393,40,Male,Low,No Major Chronic Condition,East,35-49
11394,35,Male,Medium,No Major Chronic Condition,North,35-49
11395,56,Female,Medium,Diabetes,West,50-64
11396,54,Female,Medium,No Major Chronic Condition,West,50-64
11397,61,Female,Medium,Hypertension,Central,50-64
11398,43,Male,Low,Hypertension,East,35-49
11399,34,Female,Low,Cardiovascular Disease,North,18-34
11400,55,Male,Low,No Major Chronic Condition,North,50-64
11401,32,Female,Low,Hypertension,Central,18-34
11402,72,Male,Medium,Hypertension,North,65-90
11403,50,Female,Medium,Cardiovascular Disease,South,50-64
11404,46,Male,Low,Cardiovascular Disease,North,35-49
11405,61,Female,Medium,Diabetes,West,50-64
11406,51,Male,Low,Diabetes,South,50-64
11407,20,Male,High,Diabetes,South,18-34
11408,32,Female,Medium,Cardiovascular Disease,West,18-34
11409,72,Male,Medium,Respiratory Disease,East,65-90
11410,54,Male,Low,Chronic Kidney Disease,East,50-64
11411,20,Female,Medium,Hypertension,North,18-34
11412,59,Unknown,Medium,No Major Chronic Condition,South,50-64
11413,41,Male,High,Cardiovascular Disease,South,35-49
11414,35,Male,Low,Diabetes,Central,35-49
11415,30,Male,Medium,No Major Chronic Condition,South,18-34
11416,71,Male,Medium,Chronic Kidney Disease,South,65-90
11417,18,Female,Medium,Respiratory Disease,North,18-34
11418,36,Female,Medium,Diabetes,East,35-49
11419,54,Female,High,Diabetes,North,50-64
11420,82,Male,Medium,Respiratory Disease,West,65-90
11421,63,Female,Low,No Major Chronic Condition,Central,50-64
11422,36,Female,High,Respiratory Disease,East,35-49
11423,81,Male,Low,Diabetes,West,65-90
11424,26,Female,Medium,Respiratory Disease,North,18-34
11425,57,Female,Low,Hypertension,South,50-64
11426,61,Male,Low,Diabetes,North,50-64
11427,35,Male,Medium,No Major Chronic Condition,South,35-49
11428,65,Male,High,Respiratory Disease,South,65-90
11429,42,Female,Low,Chronic Kidney Disease,West,35-49
11430,65,Male,Low,Diabetes,West,65-90
11431,18,Male,Low,Diabetes,Central,18-34
11432,58,Female,Low,Cardiovascular Disease,South,50-64
11433,44,Female,Low,Cardiovascular Disease,West,35-49
11434,74,Female,High,Respiratory Disease,West,65-90
11435,51,Male,Medium,No Major Chronic Condition,South,50-64
11436,76,Female,Low,Chronic Kidney Disease,East,65-90
11437,62,Female,Low,Chronic Kidney Disease,West,50-64
11438,50,Male,Low,Diabetes,North,50-64
11439,67,Male,Medium,Cardiovascular Disease,East,65-90
11440,67,Female,Low,Respiratory Disease,East,65-90
11441,61,Male,High,Cardiovascular Disease,South,50-64
11442,18,Male,Low,Hypertension,Central,18-34
11443,33,Female,Medium,No Major Chronic Condition,North,18-34
11444,78,Male,Medium,Diabetes,Central,65-90
11445,28,Female,Low,No Major Chronic Condition,West,18-34
11446,69,Female,Medium,No Major Chronic Condition,North,65-90
11447,65,Female,Medium,Respiratory Disease,North,65-90
11448,38,Female,Low,Diabetes,West,35-49
11449,18,Female,High,Respiratory Disease,North,18-34
11450,41,Male,Medium,Diabetes,North,35-49
11451,90,Female,Low,No Major Chronic Condition,East,65-90
11452,36,Female,Medium,Hypertension,Central,35-49
11453,37,Male,Medium,Hypertension,South,35-49
11454,33,Male,Low,Respiratory Disease,South,18-34
11455,75,Female,Medium,Diabetes,West,65-90
11456,47,Female,High,Respiratory Disease,East,35-49
11457,40,Female,Medium,Chronic Kidney Disease,South,35-49
11458,79,Male,Medium,Hypertension,East,65-90
11459,63,Male,Medium,Diabetes,East,50-64
11460,35,Female,Medium,Cardiovascular Disease,North,35-49
11461,29,Female,Medium,Cardiovascular Disease,North,18-34
11462,74,Male,Low,Cardiovascular Disease,East,65-90
11463,52,Male,Low,Hypertension,North,50-64
11464,23,Female,Medium,Cardiovascular Disease,West,18-34
11465,18,Female,Medium,Hypertension,East,18-34
11466,31,Female,Medium,Hypertension,North,18-34
11467,28,Male,Medium,Cardiovascular Disease,Central,18-34
11468,18,Male,Medium,Hypertension,West,18-34
11469,31,Female,Medium,Cardiovascular Disease,West,18-34
11470,35,Male,High,Diabetes,West,35-49
11471,43,Female,High,Chronic Kidney Disease,West,35-49
11472,84,Male,High,Diabetes,North,65-90
11473,47,Male,High,Hypertension,East,35-49
11474,49,Male,High,No Major Chronic Condition,South,35-49
11475,62,Female,Low,No Major Chronic Condition,Central,50-64
11476,47,Female,Medium,No Major Chronic Condition,South,35-49
11477,60,Male,Medium,Respiratory Disease,West,50-64
11478,57,Male,Medium,Hypertension,North,50-64
11479,54,Female,High,No Major Chronic Condition,East,50-64
11480,90,Male,Low,Respiratory Disease,North,65-90
11481,69,Female,Low,No Major Chronic Condition,South,65-90
11482,31,Female,Low,Respiratory Disease,East,18-34
11483,59,Male,Low,Cardiovascular Disease,West,50-64
11484,37,Female,Medium,Diabetes,South,35-49
11485,60,Female,Low,Diabetes,North,50-64
11486,26,Female,Low,Chronic Kidney Disease,West,18-34
11487,31,Male,Medium,No Major Chronic Condition,North,18-34
11488,59,Female,Medium,Cardiovascular Disease,West,50-64
11489,71,Female,Medium,Diabetes,West,65-90
11490,62,Female,Low,Hypertension,West,50-64
11491,68,Female,High,Diabetes,Central,65-90
11492,59,Female,Low,No Major Chronic Condition,South,50-64
11493,55,Female,Medium,Diabetes,East,50-64
11494,42,Female,High,Diabetes,West,35-49
11495,67,Male,High,Cardiovascular Disease,East,65-90
11496,71,Female,Medium,Respiratory Disease,West,65-90
11497,51,Female,Low,Chronic Kidney Disease,Central,50-64
11498,50,Male,High,Hypertension,East,50-64
11499,82,Female,Medium,No Major Chronic Condition,Central,65-90
11500,52,Female,Medium,Respiratory Disease,West,50-64
11501,53,Male,Medium,Diabetes,West,50-64
11502,61,Male,High,Diabetes,South,50-64
11503,50,Male,High,Cardiovascular Disease,South,50-64
11504,36,Female,Medium,Cardiovascular Disease,Central,35-49
11505,59,Male,High,Cardiovascular Disease,West,50-64
11506,51,Female,Medium,Diabetes,East,50-64
11507,87,Female,Low,Diabetes,East,65-90
11508,67,Male,Medium,Diabetes,South,65-90
11509,41,Female,Medium,Chronic Kidney Disease,South,35-49
11510,66,Male,Medium,Respiratory Disease,South,65-90
11511,58,Female,Low,Diabetes,Central,50-64
11512,77,Female,Medium,Cardiovascular Disease,South,65-90
11513,42,Male,Low,No Major Chronic Condition,South,35-49
11514,56,Male,Medium,Diabetes,West,50-64
11515,50,Male,High,Diabetes,West,50-64
11516,53,Female,Low,Hypertension,West,50-64
11517,35,Female,High,Hypertension,South,35-49
11518,63,Male,Low,Diabetes,South,50-64
11519,60,Female,Medium,No Major Chronic Condition,East,50-64
11520,76,Male,High,No Major Chronic Condition,West,65-90
11521,52,Female,Low,Chronic Kidney Disease,Central,50-64
11522,44,Female,Low,No Major Chronic Condition,East,35-49
11523,67,Female,High,Diabetes,West,65-90
11524,37,Male,Low,No Major Chronic Condition,Central,35-49
11525,73,Unknown,Low,No Major Chronic Condition,North,65-90
11526,73,Female,Medium,Respiratory Disease,South,65-90
11527,76,Male,Low,No Major Chronic Condition,North,65-90
11528,59,Female,Low,No Major Chronic Condition,Central,50-64
11529,43,Male,High,Hypertension,South,35-49
11530,54,Female,Medium,Hypertension,East,50-64
11531,59,Female,Medium,Chronic Kidney Disease,East,50-64
11532,41,Female,Medium,Respiratory Disease,West,35-49
11533,77,Female,Low,Hypertension,South,65-90
11534,63,Male,Medium,Diabetes,North,50-64
11535,35,Female,High,Diabetes,South,35-49
11536,88,Male,Medium,Diabetes,East,65-90
11537,54,Male,Medium,Cardiovascular Disease,South,50-64
11538,31,Male,Medium,Diabetes,South,18-34
11539,36,Female,High,Diabetes,North,35-49
11540,80,Female,Medium,No Major Chronic Condition,North,65-90
11541,87,Female,Low,Cardiovascular Disease,Central,65-90
11542,71,Male,Medium,No Major Chronic Condition,North,65-90
11543,77,Male,Low,Diabetes,South,65-90
11544,75,Male,High,Hypertension,North,65-90
11545,63,Female,Medium,Chronic Kidney Disease,North,50-64
11546,58,Female,Medium,No Major Chronic Condition,West,50-64
11547,62,Female,Medium,Chronic Kidney Disease,Central,50-64
11548,66,Female,High,No Major Chronic Condition,South,65-90
11549,38,Female,Medium,Diabetes,West,35-49
11550,66,Female,Medium,Hypertension,West,65-90
11551,80,Female,High,No Major Chronic Condition,West,65-90
11552,48,Male,High,Cardiovascular Disease,Central,35-49
11553,46,Female,Medium,Diabetes,North,35-49
11554,61,Female,Medium,Diabetes,North,50-64
11555,40,Male,Low,No Major Chronic Condition,East,35-49
11556,27,Male,High,Diabetes,East,18-34
11557,74,Female,Low,Cardiovascular Disease,South,65-90
11558,43,Male,Medium,Diabetes,Central,35-49
11559,52,Female,Medium,Hypertension,North,50-64
11560,40,Female,High,Hypertension,Central,35-49
11561,76,Male,Low,Diabetes,South,65-90
11562,68,Female,Low,Respiratory Disease,West,65-90
11563,47,Male,High,Diabetes,South,35-49
11564,30,Female,Medium,No Major Chronic Condition,East,18-34
11565,45,Female,Low,Cardiovascular Disease,West,35-49
11566,63,Female,Low,Hypertension,East,50-64
11567,56,Female,High,Respiratory Disease,Central,50-64
11568,54,Female,Medium,Cardiovascular Disease,East,50-64
11569,56,Female,Medium,Diabetes,North,50-64
11570,66,Female,High,Hypertension,West,65-90
11571,51,Female,High,Cardiovascular Disease,East,50-64
11572,61,Female,Medium,Diabetes,West,50-64
11573,33,Female,Low,Chronic Kidney Disease,South,18-34
11574,90,Female,Medium,Hypertension,West,65-90
11575,47,Female,Medium,Hypertension,West,35-49
11576,56,Male,Low,Diabetes,Central,50-64
11577,63,Male,High,Diabetes,South,50-64
11578,44,Female,Low,Hypertension,South,35-49
11579,52,Female,Medium,Hypertension,East,50-64
11580,52,Male,Medium,Diabetes,West,50-64
11581,35,Male,High,Respiratory Disease,East,35-49
11582,60,Male,Low,Diabetes,Central,50-64
11583,21,Male,Medium,No Major Chronic Condition,Central,18-34
11584,85,Male,Medium,Respiratory Disease,Central,65-90
11585,67,Female,High,No Major Chronic Condition,North,65-90
11586,64,Female,Medium,Cardiovascular Disease,South,50-64
11587,19,Male,Medium,Hypertension,South,18-34
11588,37,Male,High,Cardiovascular Disease,Central,35-49
11589,78,Male,Medium,Cardiovascular Disease,West,65-90
11590,90,Male,Low,Respiratory Disease,North,65-90
11591,75,Female,Low,No Major Chronic Condition,South,65-90
11592,72,Female,Medium,Hypertension,Central,65-90
11593,62,Male,Medium,Diabetes,South,50-64
11594,36,Male,Low,Chronic Kidney Disease,East,35-49
11595,71,Male,Medium,Diabetes,West,65-90
11596,31,Male,High,No Major Chronic Condition,North,18-34
11597,29,Male,Medium,Chronic Kidney Disease,South,18-34
11598,28,Female,Medium,No Major Chronic Condition,Central,18-34
11599,71,Female,Low,Diabetes,North,65-90
11600,51,Female,Low,Hypertension,West,50-64
11601,54,Female,High,Respiratory Disease,Central,50-64
11602,52,Male,Medium,Hypertension,South,50-64
11603,31,Female,Low,No Major Chronic Condition,South,18-34
11604,39,Male,Medium,Cardiovascular Disease,West,35-49
11605,40,Female,Low,Cardiovascular Disease,South,35-49
11606,25,Male,Medium,Diabetes,South,18-34
11607,42,Female,Low,Respiratory Disease,South,35-49
11608,31,Male,High,Hypertension,Central,18-34
11609,63,Female,Medium,Cardiovascular Disease,West,50-64
11610,65,Female,Medium,Hypertension,North,65-90
11611,27,Female,Medium,Respiratory Disease,South,18-34
11612,46,Male,High,No Major Chronic Condition,Central,35-49
11613,87,Female,Low,Diabetes,West,65-90
11614,33,Male,Low,Hypertension,South,18-34
11615,60,Male,High,Chronic Kidney Disease,West,50-64
11616,54,Female,High,Chronic Kidney Disease,North,50-64
11617,73,Female,Low,Hypertension,North,65-90
11618,58,Female,Low,Hypertension,Central,50-64
11619,44,Female,Medium,No Major Chronic Condition,East,35-49
11620,53,Female,Low,Respiratory Disease,North,50-64
11621,54,Male,Medium,Hypertension,East,50-64
11622,50,Male,Medium,Diabetes,East,50-64
11623,27,Female,Medium,Respiratory Disease,Central,18-34
11624,76,Male,Medium,Hypertension,North,65-90
11625,72,Male,High,Respiratory Disease,West,65-90
11626,32,Female,High,Chronic Kidney Disease,West,18-34
11627,46,Male,Medium,Cardiovascular Disease,West,35-49
11628,48,Male,Medium,Hypertension,West,35-49
11629,30,Male,High,Hypertension,West,18-34
11630,18,Male,Medium,Chronic Kidney Disease,South,18-34
11631,39,Female,Low,No Major Chronic Condition,North,35-49
11632,45,Female,Low,No Major Chronic Condition,Central,35-49
11633,25,Male,Low,No Major Chronic Condition,South,18-34
11634,55,Female,Low,Respiratory Disease,South,50-64
11635,74,Female,Medium,No Major Chronic Condition,North,65-90
11636,68,Female,Low,Hypertension,South,65-90
11637,50,Female,Medium,No Major Chronic Condition,South,50-64
11638,18,Female,High,Cardiovascular Disease,South,18-34
11639,66,Male,Low,Respiratory Disease,South,65-90
11640,55,Female,Medium,Diabetes,West,50-64
11641,60,Female,High,Cardiovascular Disease,Central,50-64
11642,89,Female,Low,Hypertension,East,65-90
11643,36,Male,Low,Hypertension,Central,35-49
11644,18,Male,Low,Respiratory Disease,North,18-34
11645,32,Male,Medium,No Major Chronic Condition,South,18-34
11646,61,Male,Medium,No Major Chronic Condition,North,50-64
11647,53,Female,High,Hypertension,East,50-64
11648,29,Male,Medium,Chronic Kidney Disease,Central,18-34
11649,25,Male,Medium,Respiratory Disease,South,18-34
11650,45,Male,High,Hypertension,West,35-49
11651,28,Male,Low,No Major Chronic Condition,West,18-34
11652,62,Female,Medium,Diabetes,North,50-64
11653,44,Female,Medium,No Major Chronic Condition,South,35-49
11654,40,Male,Medium,Hypertension,North,35-49
11655,38,Female,Medium,No Major Chronic Condition,South,35-49
11656,57,Male,Low,Chronic Kidney Disease,West,50-64
11657,53,Female,High,Cardiovascular Disease,South,50-64
11658,56,Male,Medium,Diabetes,Central,50-64
11659,55,Male,Medium,Diabetes,West,50-64
11660,51,Female,High,Diabetes,South,50-64
11661,32,Female,Medium,No Major Chronic Condition,South,18-34
11662,38,Male,High,Respiratory Disease,East,35-49
11663,45,Female,Low,Hypertension,East,35-49
11664,90,Female,Low,Hypertension,East,65-90
11665,26,Male,Low,Hypertension,South,18-34
11666,44,Female,Low,Respiratory Disease,Central,35-49
11667,54,Male,Medium,Hypertension,North,50-64
11668,46,Female,Low,No Major Chronic Condition,West,35-49
11669,72,Female,Medium,Chronic Kidney Disease,North,65-90
11670,46,Female,High,Hypertension,East,35-49
11671,48,Male,Medium,Hypertension,North,35-49
11672,67,Male,Medium,Respiratory Disease,North,65-90
11673,86,Female,High,No Major Chronic Condition,North,65-90
11674,79,Female,Medium,Diabetes,Central,65-90
11675,49,Male,High,Hypertension,North,35-49
11676,51,Male,Low,Respiratory Disease,South,50-64
11677,53,Female,Medium,Hypertension,East,50-64
11678,55,Female,Low,Hypertension,North,50-64
11679,36,Female,Low,Cardiovascular Disease,Central,35-49
11680,70,Male,Low,Diabetes,North,65-90
11681,56,Male,Medium,Respiratory Disease,Central,50-64
11682,51,Male,Low,No Major Chronic Condition,North,50-64
11683,28,Male,Medium,No Major Chronic Condition,South,18-34
11684,53,Female,Medium,Cardiovascular Disease,West,50-64
11685,18,Male,Low,Hypertension,North,18-34
11686,41,Male,Medium,Hypertension,West,35-49
11687,41,Female,High,Hypertension,East,35-49
11688,57,Male,High,Respiratory Disease,East,50-64
11689,88,Female,High,Diabetes,North,65-90
11690,63,Male,Medium,Hypertension,South,50-64
11691,80,Male,Low,Diabetes,West,65-90
11692,64,Male,Low,Hypertension,North,50-64
11693,73,Female,Medium,Chronic Kidney Disease,South,65-90
11694,87,Male,High,No Major Chronic Condition,South,65-90
11695,38,Female,Low,Chronic Kidney Disease,South,35-49
11696,37,Female,Low,Hypertension,South,35-49
11697,65,Male,Medium,Cardiovascular Disease,North,65-90
11698,52,Female,Medium,Respiratory Disease,North,50-64
11699,56,Male,Medium,No Major Chronic Condition,East,50-64
11700,47,Female,High,Chronic Kidney Disease,East,35-49
11701,41,Male,Medium,Diabetes,Central,35-49
11702,83,Male,High,Respiratory Disease,East,65-90
11703,31,Female,Medium,Diabetes,South,18-34
11704,65,Male,Medium,Hypertension,North,65-90
11705,62,Female,Low,No Major Chronic Condition,West,50-64
11706,22,Male,Medium,No Major Chronic Condition,South,18-34
11707,36,Male,Low,Hypertension,West,35-49
11708,39,Male,Low,Chronic Kidney Disease,North,35-49
11709,63,Male,Low,Hypertension,East,50-64
11710,45,Male,Medium,Diabetes,West,35-49
11711,50,Male,Low,No Major Chronic Condition,South,50-64
11712,24,Male,Low,No Major Chronic Condition,East,18-34
11713,90,Female,Medium,Hypertension,North,65-90
11714,53,Female,Low,No Major Chronic Condition,South,50-64
11715,61,Male,Low,Diabetes,North,50-64
11716,42,Female,High,Cardiovascular Disease,South,35-49
11717,40,Female,Medium,No Major Chronic Condition,North,35-49
11718,88,Male,High,No Major Chronic Condition,West,65-90
11719,18,Male,Low,Respiratory Disease,West,18-34
11720,57,Female,Medium,Hypertension,Central,50-64
11721,29,Female,Low,Chronic Kidney Disease,Central,18-34
11722,44,Female,Medium,No Major Chronic Condition,East,35-49
11723,40,Female,High,Diabetes,West,35-49
11724,33,Female,High,Diabetes,East,18-34
11725,53,Male,Medium,Hypertension,West,50-64
11726,18,Female,Low,Cardiovascular Disease,East,18-34
11727,46,Male,Medium,Hypertension,West,35-49
11728,50,Male,Medium,Respiratory Disease,South,50-64
11729,26,Female,Medium,Hypertension,West,18-34
11730,81,Male,Medium,No Major Chronic Condition,East,65-90
11731,41,Female,Medium,Hypertension,South,35-49
11732,47,Male,Low,No Major Chronic Condition,West,35-49
11733,41,Male,Medium,No Major Chronic Condition,South,35-49
11734,50,Male,Low,Cardiovascular Disease,East,50-64
11735,77,Female,Medium,Diabetes,West,65-90
11736,90,Female,Medium,No Major Chronic Condition,West,65-90
11737,66,Female,Medium,Cardiovascular Disease,West,65-90
11738,73,Male,Low,Respiratory Disease,South,65-90
11739,85,Female,Medium,Diabetes,East,65-90
11740,57,Female,Medium,Hypertension,Central,50-64
11741,82,Female,Low,Respiratory Disease,North,65-90
11742,67,Female,Medium,Chronic Kidney Disease,West,65-90
11743,55,Female,Low,No Major Chronic Condition,North,50-64
11744,59,Female,Medium,Respiratory Disease,East,50-64
11745,18,Male,Medium,Hypertension,North,18-34
11746,58,Female,Medium,Respiratory Disease,West,50-64
11747,23,Female,Low,Diabetes,North,18-34
11748,21,Female,Low,Diabetes,West,18-34
11749,56,Female,Medium,Hypertension,South,50-64
11750,31,Male,Low,Diabetes,South,18-34
11751,52,Female,High,Diabetes,Central,50-64
11752,55,Female,Medium,Diabetes,South,50-64
11753,55,Female,Medium,Diabetes,South,50-64
11754,35,Female,Low,No Major Chronic Condition,South,35-49
11755,69,Male,High,Hypertension,South,65-90
11756,50,Male,Medium,No Major Chronic Condition,West,50-64
11757,60,Female,Medium,No Major Chronic Condition,North,50-64
11758,29,Female,Medium,No Major Chronic Condition,West,18-34
11759,49,Female,Low,Hypertension,South,35-49
11760,73,Male,High,Hypertension,West,65-90
11761,70,Female,Low,Cardiovascular Disease,South,65-90
11762,37,Male,High,Cardiovascular Disease,North,35-49
11763,42,Female,High,Diabetes,West,35-49
11764,33,Male,Medium,Hypertension,North,18-34
11765,40,Female,High,Respiratory Disease,East,35-49
11766,25,Female,Low,Chronic Kidney Disease,West,18-34
11767,49,Female,Medium,Hypertension,Central,35-49
11768,64,Female,Medium,Hypertension,South,50-64
11769,37,Male,Medium,Respiratory Disease,West,35-49
11770,50,Female,Medium,Chronic Kidney Disease,West,50-64
11771,48,Female,Medium,Chronic Kidney Disease,Central,35-49
11772,72,Male,Medium,No Major Chronic Condition,West,65-90
11773,40,Female,Low,Respiratory Disease,North,35-49
11774,41,Female,Medium,Hypertension,Central,35-49
11775,36,Female,Low,Hypertension,North,35-49
11776,30,Female,Medium,Diabetes,South,18-34
11777,62,Male,Low,Cardiovascular Disease,South,50-64
11778,49,Female,Medium,No Major Chronic Condition,East,35-49
11779,53,Male,High,Respiratory Disease,South,50-64
11780,76,Female,High,Respiratory Disease,North,65-90
11781,77,Female,Medium,Hypertension,West,65-90
11782,21,Male,Low,Respiratory Disease,West,18-34
11783,64,Male,Medium,Diabetes,East,50-64
11784,56,Male,Medium,Hypertension,West,50-64
11785,43,Female,Low,Respiratory Disease,Central,35-49
11786,58,Female,High,Diabetes,South,50-64
11787,19,Male,Low,Hypertension,South,18-34
11788,80,Male,Medium,Diabetes,Central,65-90
11789,62,Female,Medium,Diabetes,East,50-64
11790,36,Female,High,Hypertension,South,35-49
11791,41,Male,Medium,Chronic Kidney Disease,North,35-49
11792,20,Female,Low,Hypertension,Central,18-34
11793,46,Male,Medium,Diabetes,East,35-49
11794,43,Male,High,Hypertension,Central,35-49
11795,27,Female,Medium,Hypertension,West,18-34
11796,67,Female,Low,No Major Chronic Condition,South,65-90
11797,76,Male,Medium,No Major Chronic Condition,Central,65-90
11798,51,Male,High,Chronic Kidney Disease,South,50-64
11799,46,Male,Low,Respiratory Disease,West,35-49
11800,60,Male,Medium,Chronic Kidney Disease,East,50-64
11801,52,Female,Medium,Hypertension,Central,50-64
11802,31,Female,Medium,Respiratory Disease,East,18-34
11803,40,Male,Low,Cardiovascular Disease,South,35-49
11804,46,Female,Low,Cardiovascular Disease,West,35-49
11805,57,Male,Medium,No Major Chronic Condition,Central,50-64
11806,52,Female,Low,No Major Chronic Condition,Central,50-64
11807,56,Female,Low,Cardiovascular Disease,East,50-64
11808,23,Female,Medium,No Major Chronic Condition,South,18-34
11809,65,Male,Low,Respiratory Disease,North,65-90
11810,52,Male,Medium,Cardiovascular Disease,North,50-64
11811,90,Male,High,Cardiovascular Disease,Central,65-90
11812,45,Female,Medium,No Major Chronic Condition,West,35-49
11813,58,Male,Low,No Major Chronic Condition,East,50-64
11814,90,Male,Low,Chronic Kidney Disease,East,65-90
11815,56,Female,Medium,Hypertension,North,50-64
11816,51,Male,Medium,Cardiovascular Disease,East,50-64
11817,33,Male,High,Hypertension,Central,18-34
11818,81,Female,Medium,Respiratory Disease,East,65-90
11819,30,Female,Medium,No Major Chronic Condition,East,18-34
11820,60,Male,Medium,No Major Chronic Condition,South,50-64
11821,43,Female,Medium,Cardiovascular Disease,North,35-49
11822,48,Male,Low,Hypertension,South,35-49
11823,25,Male,Medium,Cardiovascular Disease,North,18-34
11824,78,Female,Low,Hypertension,East,65-90
11825,47,Female,Medium,No Major Chronic Condition,Central,35-49
11826,29,Male,Medium,Hypertension,South,18-34
11827,76,Female,High,No Major Chronic Condition,Central,65-90
11828,42,Female,Low,Cardiovascular Disease,North,35-49
11829,58,Female,High,Respiratory Disease,East,50-64
11830,68,Male,Medium,No Major Chronic Condition,West,65-90
11831,61,Female,Medium,Respiratory Disease,South,50-64
11832,18,Female,Medium,Respiratory Disease,North,18-34
11833,65,Male,High,Diabetes,South,65-90
11834,50,Female,Medium,Diabetes,North,50-64
11835,46,Male,Low,Respiratory Disease,Central,35-49
11836,50,Female,Medium,Hypertension,North,50-64
11837,21,Male,High,Respiratory Disease,North,18-34
11838,56,Female,Medium,Hypertension,West,50-64
11839,26,Female,High,Diabetes,South,18-34
11840,47,Female,High,No Major Chronic Condition,South,35-49
11841,55,Male,Low,No Major Chronic Condition,South,50-64
11842,72,Male,High,No Major Chronic Condition,Central,65-90
11843,36,Female,Medium,Hypertension,Central,35-49
11844,80,Female,Low,Hypertension,Central,65-90
11845,70,Female,Medium,Hypertension,South,65-90
11846,44,Female,High,No Major Chronic Condition,South,35-49
11847,31,Female,Medium,Respiratory Disease,West,18-34
11848,25,Male,Low,No Major Chronic Condition,West,18-34
11849,57,Female,Medium,No Major Chronic Condition,South,50-64
11850,38,Male,Medium,Hypertension,East,35-49
11851,75,Female,Medium,Cardiovascular Disease,South,65-90
11852,39,Male,Medium,Cardiovascular Disease,North,35-49
11853,35,Female,Medium,Cardiovascular Disease,South,35-49
11854,56,Female,Medium,No Major Chronic Condition,Central,50-64
11855,39,Male,Low,Diabetes,Central,35-49
11856,52,Female,High,No Major Chronic Condition,North,50-64
11857,71,Male,Low,Hypertension,South,65-90
11858,54,Male,Medium,Chronic Kidney Disease,North,50-64
11859,54,Male,High,Hypertension,South,50-64
11860,56,Male,Medium,Cardiovascular Disease,South,50-64
11861,20,Female,Medium,Chronic Kidney Disease,North,18-34
11862,59,Female,Low,Cardiovascular Disease,Central,50-64
11863,55,Male,Medium,No Major Chronic Condition,West,50-64
11864,69,Female,Medium,Chronic Kidney Disease,Central,65-90
11865,64,Male,High,Diabetes,West,50-64
11866,48,Female,Medium,Hypertension,West,35-49
11867,72,Male,Low,Hypertension,West,65-90
11868,46,Female,Low,Hypertension,West,35-49
11869,57,Female,High,Hypertension,North,50-64
11870,46,Male,Medium,Diabetes,North,35-49
11871,61,Male,Low,No Major Chronic Condition,East,50-64
11872,45,Female,Medium,No Major Chronic Condition,West,35-49
11873,83,Female,Low,Diabetes,North,65-90
11874,90,Male,Low,No Major Chronic Condition,East,65-90
11875,69,Female,High,Hypertension,Central,65-90
11876,81,Male,Medium,Cardiovascular Disease,North,65-90
11877,23,Male,Low,Diabetes,South,18-34
11878,25,Female,High,Hypertension,Central,18-34
11879,46,Female,High,Cardiovascular Disease,South,35-49
11880,53,Female,High,Chronic Kidney Disease,North,50-64
11881,48,Female,Medium,Cardiovascular Disease,West,35-49
11882,21,Male,High,No Major Chronic Condition,Central,18-34
11883,74,Female,Low,Diabetes,South,65-90
11884,90,Male,High,Respiratory Disease,South,65-90
11885,76,Male,Medium,Diabetes,South,65-90
11886,73,Female,Low,Diabetes,East,65-90
11887,56,Male,Low,Hypertension,West,50-64
11888,36,Female,Low,Diabetes,Central,35-49
11889,53,Female,Medium,No Major Chronic Condition,West,50-64
11890,90,Male,High,Cardiovascular Disease,South,65-90
11891,45,Female,Low,Respiratory Disease,West,35-49
11892,43,Female,High,Diabetes,West,35-49
11893,73,Female,Medium,Hypertension,East,65-90
11894,74,Female,Low,Cardiovascular Disease,West,65-90
11895,36,Male,Medium,Diabetes,South,35-49
11896,47,Male,Low,Diabetes,West,35-49
11897,42,Male,Low,Diabetes,West,35-49
11898,53,Male,Medium,No Major Chronic Condition,North,50-64
11899,73,Male,High,Cardiovascular Disease,East,65-90
11900,37,Female,Low,Diabetes,North,35-49
11901,73,Male,Low,Cardiovascular Disease,South,65-90
11902,54,Female,Medium,No Major Chronic Condition,South,50-64
11903,90,Female,Medium,Diabetes,Central,65-90
11904,58,Male,High,Hypertension,South,50-64
11905,50,Male,Medium,No Major Chronic Condition,West,50-64
11906,63,Male,High,No Major Chronic Condition,South,50-64
11907,46,Female,Medium,Respiratory Disease,South,35-49
11908,18,Male,Low,Diabetes,South,18-34
11909,47,Female,Medium,Hypertension,North,35-49
11910,47,Female,Low,No Major Chronic Condition,West,35-49
11911,22,Male,Medium,Chronic Kidney Disease,East,18-34
11912,51,Female,Low,Hypertension,West,50-64
11913,18,Male,Low,Diabetes,West,18-34
11914,45,Male,High,Diabetes,South,35-49
11915,57,Male,High,Chronic Kidney Disease,East,50-64
11916,54,Female,Medium,Respiratory Disease,South,50-64
11917,44,Female,Medium,Hypertension,West,35-49
11918,50,Male,High,Respiratory Disease,West,50-64
11919,37,Male,Low,No Major Chronic Condition,East,35-49
11920,52,Female,Medium,Respiratory Disease,North,50-64
11921,53,Female,Low,Hypertension,West,50-64
11922,35,Female,High,No Major Chronic Condition,West,35-49
11923,57,Male,Low,Diabetes,South,50-64
11924,57,Female,Medium,Respiratory Disease,South,50-64
11925,49,Male,Low,Hypertension,East,35-49
11926,90,Female,Medium,Chronic Kidney Disease,West,65-90
11927,49,Female,High,Respiratory Disease,West,35-49
11928,47,Male,Low,Diabetes,East,35-49
11929,44,Male,High,Cardiovascular Disease,West,35-49
11930,34,Female,Low,Cardiovascular Disease,Central,18-34
11931,65,Female,Medium,Cardiovascular Disease,North,65-90
11932,39,Male,Medium,Diabetes,North,35-49
11933,41,Female,Low,Hypertension,East,35-49
11934,42,Female,Medium,No Major Chronic Condition,West,35-49
11935,33,Male,Medium,Diabetes,North,18-34
11936,19,Female,Medium,Cardiovascular Disease,Central,18-34
11937,43,Male,Medium,Hypertension,North,35-49
11938,69,Female,Medium,No Major Chronic Condition,West,65-90
11939,56,Male,Low,Respiratory Disease,West,50-64
11940,82,Male,Low,Chronic Kidney Disease,North,65-90
11941,66,Male,High,Respiratory Disease,West,65-90
11942,62,Male,Medium,Cardiovascular Disease,West,50-64
11943,88,Male,Low,No Major Chronic Condition,North,65-90
11944,50,Female,Low,Chronic Kidney Disease,South,50-64
11945,53,Female,Medium,Chronic Kidney Disease,Central,50-64
11946,52,Female,Medium,Chronic Kidney Disease,Central,50-64
11947,81,Male,Low,Cardiovascular Disease,East,65-90
11948,52,Female,High,Respiratory Disease,North,50-64
11949,40,Female,High,Respiratory Disease,South,35-49
11950,63,Female,High,No Major Chronic Condition,South,50-64
11951,36,Male,Medium,No Major Chronic Condition,West,35-49
11952,62,Female,Medium,Cardiovascular Disease,West,50-64
11953,60,Female,Low,Respiratory Disease,East,50-64
11954,48,Male,Medium,Hypertension,Central,35-49
11955,63,Male,Medium,No Major Chronic Condition,North,50-64
11956,24,Unknown,Low,Chronic Kidney Disease,South,18-34
11957,55,Female,Medium,No Major Chronic Condition,South,50-64
11958,43,Male,Medium,Respiratory Disease,West,35-49
11959,90,Female,Medium,Chronic Kidney Disease,West,65-90
11960,55,Female,Low,Diabetes,Central,50-64
11961,41,Female,High,Respiratory Disease,South,35-49
11962,26,Female,Medium,Hypertension,Central,18-34
11963,77,Male,Medium,Cardiovascular Disease,East,65-90
11964,45,Male,High,Hypertension,North,35-49
11965,37,Male,Low,Hypertension,West,35-49
11966,58,Male,High,No Major Chronic Condition,South,50-64
11967,64,Female,High,Respiratory Disease,West,50-64
11968,64,Male,High,Hypertension,East,50-64
11969,52,Male,Medium,No Major Chronic Condition,East,50-64
11970,55,Female,Low,Diabetes,East,50-64
11971,56,Female,Low,Hypertension,Central,50-64
11972,58,Male,Medium,Hypertension,East,50-64
11973,60,Male,Low,Diabetes,North,50-64
11974,73,Female,Low,No Major Chronic Condition,Central,65-90
11975,53,Male,High,Chronic Kidney Disease,South,50-64
11976,36,Female,Medium,Chronic Kidney Disease,East,35-49
11977,49,Female,Low,Respiratory Disease,West,35-49
11978,66,Male,Medium,Hypertension,North,65-90
11979,18,Male,Low,Respiratory Disease,South,18-34
11980,18,Male,Medium,Chronic Kidney Disease,Central,18-34
11981,69,Female,Low,Cardiovascular Disease,North,65-90
11982,81,Male,Medium,Cardiovascular Disease,East,65-90
11983,28,Female,Low,Hypertension,North,18-34
11984,54,Female,Medium,Diabetes,South,50-64
11985,44,Male,Medium,Diabetes,West,35-49
11986,47,Female,Low,Chronic Kidney Disease,Central,35-49
11987,58,Male,High,Hypertension,East,50-64
11988,27,Male,High,Chronic Kidney Disease,South,18-34
11989,31,Female,Medium,Cardiovascular Disease,North,18-34
11990,46,Female,High,Cardiovascular Disease,South,35-49
11991,49,Female,Low,Respiratory Disease,West,35-49
11992,31,Female,Medium,Diabetes,West,18-34
11993,67,Male,High,No Major Chronic Condition,South,65-90
11994,44,Male,Medium,Hypertension,North,35-49
11995,44,Male,Low,No Major Chronic Condition,East,35-49
11996,57,Male,High,Hypertension,West,50-64
11997,50,Female,Low,Cardiovascular Disease,East,50-64
11998,68,Female,Low,Cardiovascular Disease,East,65-90
11999,34,Female,Medium,Hypertension,West,18-34
12000,25,Male,Low,Hypertension,North,18-34
